,time,ten9_comp,Total Stress,S3 Magnitude,Temperature
0,-1.0,xx,-9.7374664e+07,-9.737465e+07,345.497
1,-1.0,xy,3.2561354e-12,-9.737465e+07,345.497
2,-1.0,xz,0.027291197,-9.737465e+07,345.497
3,-1.0,yx,3.2561354e-12,-9.737465e+07,345.497
4,-1.0,yy,-9.737465e+07,-9.737465e+07,345.497
5,-1.0,yz,-0.09794264,-9.737465e+07,345.497
6,-1.0,zx,0.027291197,-9.737465e+07,345.497
7,-1.0,zy,-0.09794264,-9.737465e+07,345.497
8,-1.0,zz,-9.742636e+07,-9.737465e+07,345.497
9,10.0,xx,-9.7374664e+07,-9.737465e+07,345.497
10,10.0,xy,3.2561354e-12,-9.737465e+07,345.497
11,10.0,xz,0.027291203,-9.737465e+07,345.497
12,10.0,yx,3.2561354e-12,-9.737465e+07,345.497
13,10.0,yy,-9.737465e+07,-9.737465e+07,345.497
14,10.0,yz,-0.097942635,-9.737465e+07,345.497
15,10.0,zx,0.027291203,-9.737465e+07,345.497
16,10.0,zy,-0.097942635,-9.737465e+07,345.497
17,10.0,zz,-9.742636e+07,-9.737465e+07,345.497
18,25.0,xx,-9.7374664e+07,-9.737465e+07,345.497
19,25.0,xy,3.2561354e-12,-9.737465e+07,345.497
20,25.0,xz,0.027291201,-9.737465e+07,345.497
21,25.0,yx,3.2561354e-12,-9.737465e+07,345.497
22,25.0,yy,-9.737465e+07,-9.737465e+07,345.497
23,25.0,yz,-0.09794264,-9.737465e+07,345.497
24,25.0,zx,0.027291201,-9.737465e+07,345.497
25,25.0,zy,-0.09794264,-9.737465e+07,345.497
26,25.0,zz,-9.742636e+07,-9.737465e+07,345.497
27,47.5,xx,-9.7374664e+07,-9.737465e+07,345.497
28,47.5,xy,3.2561354e-12,-9.737465e+07,345.497
29,47.5,xz,0.0272912,-9.737465e+07,345.497
30,47.5,yx,3.2561354e-12,-9.737465e+07,345.497
31,47.5,yy,-9.737465e+07,-9.737465e+07,345.497
32,47.5,yz,-0.097942635,-9.737465e+07,345.497
33,47.5,zx,0.0272912,-9.737465e+07,345.497
34,47.5,zy,-0.097942635,-9.737465e+07,345.497
35,47.5,zz,-9.742636e+07,-9.737465e+07,345.497
36,81.25,xx,-9.731521e+07,-9.731521e+07,345.497
37,81.25,xy,1.444176e-11,-9.731521e+07,345.497
38,81.25,xz,-930.3011,-9.731521e+07,345.497
39,81.25,yx,1.444176e-11,-9.731521e+07,345.497
40,81.25,yy,-9.731526e+07,-9.731521e+07,345.497
41,81.25,yz,-34.22287,-9.731521e+07,345.497
42,81.25,zx,-930.3011,-9.731521e+07,345.497
43,81.25,zy,-34.22287,-9.731521e+07,345.497
44,81.25,zz,-9.7536424e+07,-9.731521e+07,345.497
45,131.875,xx,-9.7294616e+07,-9.7294616e+07,345.497
46,131.875,xy,1.8397008e-11,-9.7294616e+07,345.497
47,131.875,xz,-1093.576,-9.7294616e+07,345.497
48,131.875,yx,1.8397008e-11,-9.7294616e+07,345.497
49,131.875,yy,-9.729468e+07,-9.7294616e+07,345.497
50,131.875,yz,-69.61636,-9.7294616e+07,345.497
51,131.875,zx,-1093.576,-9.7294616e+07,345.497
52,131.875,zy,-69.61636,-9.7294616e+07,345.497
53,131.875,zz,-9.757605e+07,-9.7294616e+07,345.497
54,207.8125,xx,-9.7294616e+07,-9.7294616e+07,345.497
55,207.8125,xy,1.8397008e-11,-9.7294616e+07,345.497
56,207.8125,xz,-1093.576,-9.7294616e+07,345.497
57,207.8125,yx,1.8397008e-11,-9.7294616e+07,345.497
58,207.8125,yy,-9.729468e+07,-9.7294616e+07,345.497
59,207.8125,yz,-69.61636,-9.7294616e+07,345.497
60,207.8125,zx,-1093.576,-9.7294616e+07,345.497
61,207.8125,zy,-69.61636,-9.7294616e+07,345.497
62,207.8125,zz,-9.757605e+07,-9.7294616e+07,345.497
63,321.71875,xx,-9.728017e+07,-9.728016e+07,345.497
64,321.71875,xy,2.1153128e-11,-9.728016e+07,345.497
65,321.71875,xz,-1258.9951,-9.728016e+07,345.497
66,321.71875,yx,2.1153128e-11,-9.728016e+07,345.497
67,321.71875,yy,-9.728024e+07,-9.728016e+07,345.497
68,321.71875,yz,-140.18832,-9.728016e+07,345.497
69,321.71875,zx,-1258.9951,-9.728016e+07,345.497
70,321.71875,zy,-140.18832,-9.728016e+07,345.497
71,321.71875,zz,-9.760362e+07,-9.728016e+07,345.497
72,492.578125,xx,-9.725883e+07,-9.725883e+07,345.497
73,492.578125,xy,2.5181964e-11,-9.725883e+07,345.497
74,492.578125,xz,-1533.4569,-9.725883e+07,345.497
75,492.578125,yx,2.5181964e-11,-9.725883e+07,345.497
76,492.578125,yy,-9.7258936e+07,-9.725883e+07,345.497
77,492.578125,yz,-220.93779,-9.725883e+07,345.497
78,492.578125,zx,-1533.4569,-9.725883e+07,345.497
79,492.578125,zy,-220.93779,-9.725883e+07,345.497
80,492.578125,zz,-9.7644104e+07,-9.725883e+07,345.497
81,748.8671875,xx,-9.724969e+07,-9.724969e+07,345.497
82,748.8671875,xy,2.6878878e-11,-9.724969e+07,345.497
83,748.8671875,xz,-1652.9304,-9.724969e+07,345.497
84,748.8671875,yx,2.6878878e-11,-9.724969e+07,345.497
85,748.8671875,yy,-9.724983e+07,-9.724969e+07,345.497
86,748.8671875,yz,-221.58267,-9.724969e+07,345.497
87,748.8671875,zx,-1652.9304,-9.724969e+07,345.497
88,748.8671875,zy,-221.58267,-9.724969e+07,345.497
89,748.8671875,zz,-9.766129e+07,-9.724969e+07,345.497
90,1133.30078125,xx,-9.723391e+07,-9.72339e+07,345.497
91,1133.30078125,xy,2.985868e-11,-9.72339e+07,345.497
92,1133.30078125,xz,-1733.8282,-9.72339e+07,345.497
93,1133.30078125,yx,2.985868e-11,-9.72339e+07,345.497
94,1133.30078125,yy,-9.72341e+07,-9.72339e+07,345.497
95,1133.30078125,yz,-152.05714,-9.72339e+07,345.497
96,1133.30078125,zx,-1733.8282,-9.72339e+07,345.497
97,1133.30078125,zy,-152.05714,-9.72339e+07,345.497
98,1133.30078125,zz,-9.769159e+07,-9.72339e+07,345.497
99,1709.951171875,xx,-9.721921e+07,-9.72192e+07,345.497
100,1709.951171875,xy,3.2625895e-11,-9.72192e+07,345.497
101,1709.951171875,xz,-1808.2762,-9.72192e+07,345.497
102,1709.951171875,yx,3.2625895e-11,-9.72192e+07,345.497
103,1709.951171875,yy,-9.721942e+07,-9.72192e+07,345.497
104,1709.951171875,yz,-65.966095,-9.72192e+07,345.497
105,1709.951171875,zx,-1808.2762,-9.72192e+07,345.497
106,1709.951171875,zy,-65.966095,-9.72192e+07,345.497
107,1709.951171875,zz,-9.771966e+07,-9.72192e+07,345.497
108,2574.9267578125,xx,-9.720539e+07,-9.7205384e+07,345.497
109,2574.9267578125,xy,3.5259122e-11,-9.7205384e+07,345.497
110,2574.9267578125,xz,-1838.8408,-9.7205384e+07,345.497
111,2574.9267578125,yx,3.5259122e-11,-9.7205384e+07,345.497
112,2574.9267578125,yy,-9.720561e+07,-9.7205384e+07,345.497
113,2574.9267578125,yz,27.37445,-9.7205384e+07,345.497
114,2574.9267578125,zx,-1838.8408,-9.7205384e+07,345.497
115,2574.9267578125,zy,27.37445,-9.7205384e+07,345.497
116,2574.9267578125,zz,-9.774627e+07,-9.7205384e+07,345.497
117,3872.39013671875,xx,-9.719243e+07,-9.7192424e+07,345.497
118,3872.39013671875,xy,3.7794875e-11,-9.7192424e+07,345.497
119,3872.39013671875,xz,-1797.5835,-9.7192424e+07,345.497
120,3872.39013671875,yx,3.7794875e-11,-9.7192424e+07,345.497
121,3872.39013671875,yy,-9.719264e+07,-9.7192424e+07,345.497
122,3872.39013671875,yz,57.803493,-9.7192424e+07,345.497
123,3872.39013671875,zx,-1797.5835,-9.7192424e+07,345.497
124,3872.39013671875,zy,57.803493,-9.7192424e+07,345.497
125,3872.39013671875,zz,-9.777187e+07,-9.7192424e+07,345.497
126,5818.5849609375,xx,-9.718078e+07,-9.718078e+07,345.497
127,5818.5849609375,xy,4.0113666e-11,-9.718078e+07,345.497
128,5818.5849609375,xz,-1717.504,-9.718078e+07,345.497
129,5818.5849609375,yx,4.0113666e-11,-9.718078e+07,345.497
130,5818.5849609375,yy,-9.718093e+07,-9.718078e+07,345.497
131,5818.5849609375,yz,72.21059,-9.718078e+07,345.497
132,5818.5849609375,zx,-1717.504,-9.718078e+07,345.497
133,5818.5849609375,zy,72.21059,-9.718078e+07,345.497
134,5818.5849609375,zz,-9.779518e+07,-9.718078e+07,345.497
135,8737.8779296875,xx,-9.720512e+07,-9.720157e+07,345.49692
136,8737.8779296875,xy,3.6829755e-11,-9.720157e+07,345.49692
137,8737.8779296875,xz,-4139.602,-9.720157e+07,345.49692
138,8737.8779296875,yx,3.6829755e-11,-9.720157e+07,345.49692
139,8737.8779296875,yy,-9.720158e+07,-9.720157e+07,345.49692
140,8737.8779296875,yz,-2726.635,-9.720157e+07,345.49692
141,8737.8779296875,zx,-4139.602,-9.720157e+07,345.49692
142,8737.8779296875,zy,-2726.635,-9.720157e+07,345.49692
143,8737.8779296875,zz,-9.774505e+07,-9.720157e+07,345.49692
144,13116.81640625,xx,-9.7497816e+07,-9.735669e+07,345.4966
145,13116.81640625,xy,-8.6779976e-12,-9.735669e+07,345.4966
146,13116.81640625,xz,63980.82,-9.735669e+07,345.4966
147,13116.81640625,yx,-8.6779976e-12,-9.735669e+07,345.4966
148,13116.81640625,yy,-9.747722e+07,-9.735669e+07,345.4966
149,13116.81640625,yz,45499.234,-9.735669e+07,345.4966
150,13116.81640625,zx,63980.82,-9.735669e+07,345.4966
151,13116.81640625,zy,45499.234,-9.735669e+07,345.4966
152,13116.81640625,zz,-9.740287e+07,-9.735669e+07,345.4966
153,19685.224609375,xx,-9.793515e+07,-9.631397e+07,345.49493
154,19685.224609375,xy,-1.2056693e-10,-9.631397e+07,345.49493
155,19685.224609375,xz,-140254.83,-9.631397e+07,345.49493
156,19685.224609375,yx,-1.2056693e-10,-9.631397e+07,345.49493
157,19685.224609375,yy,-9.7977976e+07,-9.631397e+07,345.49493
158,19685.224609375,yz,-157477.28,-9.631397e+07,345.49493
159,19685.224609375,zx,-140254.83,-9.631397e+07,345.49493
160,19685.224609375,zy,-157477.28,-9.631397e+07,345.49493
161,19685.224609375,zz,-9.6341e+07,-9.631397e+07,345.49493
162,29537.837890625,xx,-9.877343e+07,-9.600709e+07,345.4917
163,29537.837890625,xy,-2.0570302e-10,-9.600709e+07,345.4917
164,29537.837890625,xz,-165500.66,-9.600709e+07,345.4917
165,29537.837890625,yx,-2.0570302e-10,-9.600709e+07,345.4917
166,29537.837890625,yy,-9.879333e+07,-9.600709e+07,345.4917
167,29537.837890625,yz,-216122.86,-9.600709e+07,345.4917
168,29537.837890625,zx,-165500.66,-9.600709e+07,345.4917
169,29537.837890625,zy,-216122.86,-9.600709e+07,345.4917
170,29537.837890625,zz,-9.603375e+07,-9.600709e+07,345.4917
171,44316.7578125,xx,-9.911796e+07,-9.546588e+07,345.4856
172,44316.7578125,xy,-2.6923105e-10,-9.546588e+07,345.4856
173,44316.7578125,xz,-220426.39,-9.546588e+07,345.4856
174,44316.7578125,yx,-2.6923105e-10,-9.546588e+07,345.4856
175,44316.7578125,yy,-9.9143336e+07,-9.546588e+07,345.4856
176,44316.7578125,yz,-266885.0,-9.546588e+07,345.4856
177,44316.7578125,zx,-220426.39,-9.546588e+07,345.4856
178,44316.7578125,zy,-266885.0,-9.546588e+07,345.4856
179,44316.7578125,zz,-9.549855e+07,-9.546588e+07,345.4856
180,66485.1328125,xx,-9.911796e+07,-9.546588e+07,345.4856
181,66485.1328125,xy,-2.6923105e-10,-9.546588e+07,345.4856
182,66485.1328125,xz,-220426.39,-9.546588e+07,345.4856
183,66485.1328125,yx,-2.6923105e-10,-9.546588e+07,345.4856
184,66485.1328125,yy,-9.9143336e+07,-9.546588e+07,345.4856
185,66485.1328125,yz,-266885.0,-9.546588e+07,345.4856
186,66485.1328125,zx,-220426.39,-9.546588e+07,345.4856
187,66485.1328125,zy,-266885.0,-9.546588e+07,345.4856
188,66485.1328125,zz,-9.549855e+07,-9.546588e+07,345.4856
189,99737.703125,xx,-9.911796e+07,-9.546588e+07,345.4856
190,99737.703125,xy,-2.6923105e-10,-9.546588e+07,345.4856
191,99737.703125,xz,-220426.39,-9.546588e+07,345.4856
192,99737.703125,yx,-2.6923105e-10,-9.546588e+07,345.4856
193,99737.703125,yy,-9.9143336e+07,-9.546588e+07,345.4856
194,99737.703125,yz,-266885.0,-9.546588e+07,345.4856
195,99737.703125,zx,-220426.39,-9.546588e+07,345.4856
196,99737.703125,zy,-266885.0,-9.546588e+07,345.4856
197,99737.703125,zz,-9.549855e+07,-9.546588e+07,345.4856
198,149616.546875,xx,-9.92063e+07,-9.515806e+07,345.47556
199,149616.546875,xy,-2.9544425e-10,-9.515806e+07,345.47556
200,149616.546875,xz,-261609.95,-9.515806e+07,345.47556
201,149616.546875,yx,-2.9544425e-10,-9.515806e+07,345.47556
202,149616.546875,yy,-9.920643e+07,-9.515806e+07,345.47556
203,149616.546875,yz,-287628.7,-9.515806e+07,345.47556
204,149616.546875,zx,-261609.95,-9.515806e+07,345.47556
205,149616.546875,zy,-287628.7,-9.515806e+07,345.47556
206,149616.546875,zz,-9.519541e+07,-9.515806e+07,345.47556
207,224434.828125,xx,-9.8711e+07,-9.517444e+07,345.3802
208,224434.828125,xy,-2.5360153e-10,-9.517444e+07,345.3802
209,224434.828125,xz,-295379.53,-9.517444e+07,345.3802
210,224434.828125,yx,-2.5360153e-10,-9.517444e+07,345.3802
211,224434.828125,yy,-9.869793e+07,-9.517444e+07,345.3802
212,224434.828125,yz,-285519.94,-9.517444e+07,345.3802
213,224434.828125,zx,-295379.53,-9.517444e+07,345.3802
214,224434.828125,zy,-285519.94,-9.517444e+07,345.3802
215,224434.828125,zz,-9.522225e+07,-9.517444e+07,345.3802
216,336662.25,xx,-9.89225e+07,-9.507714e+07,345.42236
217,336662.25,xy,-2.7133e-10,-9.507714e+07,345.42236
218,336662.25,xz,-302620.53,-9.507714e+07,345.42236
219,336662.25,yx,-2.7133e-10,-9.507714e+07,345.42236
220,336662.25,yy,-9.889678e+07,-9.507714e+07,345.42236
221,336662.25,yz,-292551.56,-9.507714e+07,345.42236
222,336662.25,zx,-302620.53,-9.507714e+07,345.42236
223,336662.25,zy,-292551.56,-9.507714e+07,345.42236
224,336662.25,zz,-9.512336e+07,-9.507714e+07,345.42236
225,505003.375,xx,-9.836096e+07,-9.5334696e+07,345.2054
226,505003.375,xy,-2.211037e-10,-9.5334696e+07,345.2054
227,505003.375,xz,-293059.16,-9.5334696e+07,345.2054
228,505003.375,yx,-2.211037e-10,-9.5334696e+07,345.2054
229,505003.375,yy,-9.838435e+07,-9.5334696e+07,345.2054
230,505003.375,yz,-296675.8,-9.5334696e+07,345.2054
231,505003.375,zx,-293059.16,-9.5334696e+07,345.2054
232,505003.375,zy,-296675.8,-9.5334696e+07,345.2054
233,505003.375,zz,-9.5391944e+07,-9.5334696e+07,345.2054
234,757515.0625,xx,-9.811361e+07,-9.528074e+07,345.03577
235,757515.0625,xy,-2.1397575e-10,-9.528074e+07,345.03577
236,757515.0625,xz,-293805.25,-9.528074e+07,345.03577
237,757515.0625,yx,-2.1397575e-10,-9.528074e+07,345.03577
238,757515.0625,yy,-9.814307e+07,-9.528074e+07,345.03577
239,757515.0625,yz,-308619.75,-9.528074e+07,345.03577
240,757515.0625,zx,-293805.25,-9.528074e+07,345.03577
241,757515.0625,zy,-308619.75,-9.528074e+07,345.03577
242,757515.0625,zz,-9.534448e+07,-9.528074e+07,345.03577
243,1136282.625,xx,-9.789353e+07,-9.526925e+07,344.78198
244,1136282.625,xy,-2.0971747e-10,-9.526925e+07,344.78198
245,1136282.625,xz,-259536.5,-9.526925e+07,344.78198
246,1136282.625,yx,-2.0971747e-10,-9.526925e+07,344.78198
247,1136282.625,yy,-9.788803e+07,-9.526925e+07,344.78198
248,1136282.625,yz,-288337.53,-9.526925e+07,344.78198
249,1136282.625,zx,-259536.5,-9.526925e+07,344.78198
250,1136282.625,zy,-288337.53,-9.526925e+07,344.78198
251,1136282.625,zz,-9.5326664e+07,-9.526925e+07,344.78198
252,1636282.625,xx,-9.779508e+07,-9.55748e+07,344.19812
253,1636282.625,xy,-2.3831015e-10,-9.55748e+07,344.19812
254,1636282.625,xz,-201495.33,-9.55748e+07,344.19812
255,1636282.625,yx,-2.3831015e-10,-9.55748e+07,344.19812
256,1636282.625,yy,-9.7785e+07,-9.55748e+07,344.19812
257,1636282.625,yz,-222306.08,-9.55748e+07,344.19812
258,1636282.625,zx,-201495.33,-9.55748e+07,344.19812
259,1636282.625,zy,-222306.08,-9.55748e+07,344.19812
260,1636282.625,zz,-9.561545e+07,-9.55748e+07,344.19812
261,2136282.5,xx,-9.760973e+07,-9.5550264e+07,343.93872
262,2136282.5,xy,-2.4766317e-10,-9.5550264e+07,343.93872
263,2136282.5,xz,-217162.33,-9.5550264e+07,343.93872
264,2136282.5,yx,-2.4766317e-10,-9.5550264e+07,343.93872
265,2136282.5,yy,-9.7604696e+07,-9.5550264e+07,343.93872
266,2136282.5,yz,-235594.45,-9.5550264e+07,343.93872
267,2136282.5,zx,-217162.33,-9.5550264e+07,343.93872
268,2136282.5,zy,-235594.45,-9.5550264e+07,343.93872
269,2136282.5,zz,-9.560018e+07,-9.5550264e+07,343.93872
270,2636282.5,xx,-9.729861e+07,-9.5470056e+07,343.64163
271,2636282.5,xy,-2.5184094e-10,-9.5470056e+07,343.64163
272,2636282.5,xz,-223508.84,-9.5470056e+07,343.64163
273,2636282.5,yx,-2.5184094e-10,-9.5470056e+07,343.64163
274,2636282.5,yy,-9.7301624e+07,-9.5470056e+07,343.64163
275,2636282.5,yz,-241011.25,-9.5470056e+07,343.64163
276,2636282.5,zx,-223508.84,-9.5470056e+07,343.64163
277,2636282.5,zy,-241011.25,-9.5470056e+07,343.64163
278,2636282.5,zz,-9.552909e+07,-9.5470056e+07,343.64163
279,3136282.5,xx,-9.697463e+07,-9.540208e+07,343.3033
280,3136282.5,xy,-2.5588326e-10,-9.540208e+07,343.3033
281,3136282.5,xz,-226481.25,-9.540208e+07,343.3033
282,3136282.5,yx,-2.5588326e-10,-9.540208e+07,343.3033
283,3136282.5,yy,-9.6988536e+07,-9.540208e+07,343.3033
284,3136282.5,yz,-235055.05,-9.540208e+07,343.3033
285,3136282.5,zx,-226481.25,-9.540208e+07,343.3033
286,3136282.5,zy,-235055.05,-9.540208e+07,343.3033
287,3136282.5,zz,-9.546953e+07,-9.540208e+07,343.3033
288,3636282.5,xx,-9.6618584e+07,-9.532153e+07,342.9196
289,3636282.5,xy,-2.6033373e-10,-9.532153e+07,342.9196
290,3636282.5,xz,-221451.38,-9.532153e+07,342.9196
291,3636282.5,yx,-2.6033373e-10,-9.532153e+07,342.9196
292,3636282.5,yy,-9.663022e+07,-9.532153e+07,342.9196
293,3636282.5,yz,-229665.19,-9.532153e+07,342.9196
294,3636282.5,zx,-221451.38,-9.532153e+07,342.9196
295,3636282.5,zy,-229665.19,-9.532153e+07,342.9196
296,3636282.5,zz,-9.539964e+07,-9.532153e+07,342.9196
297,4136282.5,xx,-9.621944e+07,-9.52006e+07,342.48575
298,4136282.5,xy,-2.660948e-10,-9.52006e+07,342.48575
299,4136282.5,xz,-216448.0,-9.52006e+07,342.48575
300,4136282.5,yx,-2.660948e-10,-9.52006e+07,342.48575
301,4136282.5,yy,-9.62303e+07,-9.52006e+07,342.48575
302,4136282.5,yz,-225397.89,-9.52006e+07,342.48575
303,4136282.5,zx,-216448.0,-9.52006e+07,342.48575
304,4136282.5,zy,-225397.89,-9.52006e+07,342.48575
305,4136282.5,zz,-9.529592e+07,-9.52006e+07,342.48575
306,4636282.5,xx,-9.621944e+07,-9.52006e+07,342.48575
307,4636282.5,xy,-2.660948e-10,-9.52006e+07,342.48575
308,4636282.5,xz,-216448.0,-9.52006e+07,342.48575
309,4636282.5,yx,-2.660948e-10,-9.52006e+07,342.48575
310,4636282.5,yy,-9.62303e+07,-9.52006e+07,342.48575
311,4636282.5,yz,-225397.89,-9.52006e+07,342.48575
312,4636282.5,zx,-216448.0,-9.52006e+07,342.48575
313,4636282.5,zy,-225397.89,-9.52006e+07,342.48575
314,4636282.5,zz,-9.529592e+07,-9.52006e+07,342.48575
315,5136282.5,xx,-9.576277e+07,-9.504969e+07,341.9968
316,5136282.5,xy,-2.7215666e-10,-9.504969e+07,341.9968
317,5136282.5,xz,-211211.48,-9.504969e+07,341.9968
318,5136282.5,yx,-2.7215666e-10,-9.504969e+07,341.9968
319,5136282.5,yy,-9.5775656e+07,-9.504969e+07,341.9968
320,5136282.5,yz,-219810.73,-9.504969e+07,341.9968
321,5136282.5,zx,-211211.48,-9.504969e+07,341.9968
322,5136282.5,zy,-219810.73,-9.504969e+07,341.9968
323,5136282.5,zz,-9.517881e+07,-9.504969e+07,341.9968
324,5636282.5,xx,-9.576277e+07,-9.504969e+07,341.9968
325,5636282.5,xy,-2.7215666e-10,-9.504969e+07,341.9968
326,5636282.5,xz,-211211.48,-9.504969e+07,341.9968
327,5636282.5,yx,-2.7215666e-10,-9.504969e+07,341.9968
328,5636282.5,yy,-9.5775656e+07,-9.504969e+07,341.9968
329,5636282.5,yz,-219810.73,-9.504969e+07,341.9968
330,5636282.5,zx,-211211.48,-9.504969e+07,341.9968
331,5636282.5,zy,-219810.73,-9.504969e+07,341.9968
332,5636282.5,zz,-9.517881e+07,-9.504969e+07,341.9968
333,6136282.5,xx,-9.524097e+07,-9.485177e+07,341.44772
334,6136282.5,xy,-2.7660607e-10,-9.485177e+07,341.44772
335,6136282.5,xz,-205138.34,-9.485177e+07,341.44772
336,6136282.5,yx,-2.7660607e-10,-9.485177e+07,341.44772
337,6136282.5,yy,-9.525197e+07,-9.485177e+07,341.44772
338,6136282.5,yz,-213741.19,-9.485177e+07,341.44772
339,6136282.5,zx,-205138.34,-9.485177e+07,341.44772
340,6136282.5,zy,-213741.19,-9.485177e+07,341.44772
341,6136282.5,zz,-9.507405e+07,-9.485177e+07,341.44772
342,6636282.5,xx,-9.524097e+07,-9.485177e+07,341.44772
343,6636282.5,xy,-2.7660607e-10,-9.485177e+07,341.44772
344,6636282.5,xz,-205138.34,-9.485177e+07,341.44772
345,6636282.5,yx,-2.7660607e-10,-9.485177e+07,341.44772
346,6636282.5,yy,-9.525197e+07,-9.485177e+07,341.44772
347,6636282.5,yz,-213741.19,-9.485177e+07,341.44772
348,6636282.5,zx,-205138.34,-9.485177e+07,341.44772
349,6636282.5,zy,-213741.19,-9.485177e+07,341.44772
350,6636282.5,zz,-9.507405e+07,-9.485177e+07,341.44772
351,7136282.5,xx,-9.472336e+07,-9.453594e+07,340.90213
352,7136282.5,xy,-2.81131e-10,-9.453594e+07,340.90213
353,7136282.5,xz,-199218.8,-9.453594e+07,340.90213
354,7136282.5,yx,-2.81131e-10,-9.453594e+07,340.90213
355,7136282.5,yy,-9.473257e+07,-9.453594e+07,340.90213
356,7136282.5,yz,-207285.67,-9.453594e+07,340.90213
357,7136282.5,zx,-199218.8,-9.453594e+07,340.90213
358,7136282.5,zy,-207285.67,-9.453594e+07,340.90213
359,7136282.5,zz,-9.496621e+07,-9.453594e+07,340.90213
360,7636282.5,xx,-9.472336e+07,-9.453594e+07,340.90213
361,7636282.5,xy,-2.81131e-10,-9.453594e+07,340.90213
362,7636282.5,xz,-199218.8,-9.453594e+07,340.90213
363,7636282.5,yx,-2.81131e-10,-9.453594e+07,340.90213
364,7636282.5,yy,-9.473257e+07,-9.453594e+07,340.90213
365,7636282.5,yz,-207285.67,-9.453594e+07,340.90213
366,7636282.5,zx,-199218.8,-9.453594e+07,340.90213
367,7636282.5,zy,-207285.67,-9.453594e+07,340.90213
368,7636282.5,zz,-9.496621e+07,-9.453594e+07,340.90213
369,8136282.5,xx,-9.422955e+07,-9.412956e+07,340.38782
370,8136282.5,xy,-2.8456523e-10,-9.412956e+07,340.38782
371,8136282.5,xz,-193620.33,-9.412956e+07,340.38782
372,8136282.5,yx,-2.8456523e-10,-9.412956e+07,340.38782
373,8136282.5,yy,-9.423891e+07,-9.412956e+07,340.38782
374,8136282.5,yz,-201368.25,-9.412956e+07,340.38782
375,8136282.5,zx,-193620.33,-9.412956e+07,340.38782
376,8136282.5,zy,-201368.25,-9.412956e+07,340.38782
377,8136282.5,zz,-9.487528e+07,-9.412956e+07,340.38782
378,8636283.0,xx,-9.422955e+07,-9.412956e+07,340.38782
379,8636283.0,xy,-2.8456523e-10,-9.412956e+07,340.38782
380,8636283.0,xz,-193620.33,-9.412956e+07,340.38782
381,8636283.0,yx,-2.8456523e-10,-9.412956e+07,340.38782
382,8636283.0,yy,-9.423891e+07,-9.412956e+07,340.38782
383,8636283.0,yz,-201368.25,-9.412956e+07,340.38782
384,8636283.0,zx,-193620.33,-9.412956e+07,340.38782
385,8636283.0,zy,-201368.25,-9.412956e+07,340.38782
386,8636283.0,zz,-9.487528e+07,-9.412956e+07,340.38782
387,9136283.0,xx,-9.3760616e+07,-9.369709e+07,339.90088
388,9136283.0,xy,-2.8741304e-10,-9.369709e+07,339.90088
389,9136283.0,xz,-188492.69,-9.369709e+07,339.90088
390,9136283.0,yx,-2.8741304e-10,-9.369709e+07,339.90088
391,9136283.0,yy,-9.376879e+07,-9.369709e+07,339.90088
392,9136283.0,yz,-195937.3,-9.369709e+07,339.90088
393,9136283.0,zx,-188492.69,-9.369709e+07,339.90088
394,9136283.0,zy,-195937.3,-9.369709e+07,339.90088
395,9136283.0,zz,-9.479177e+07,-9.369709e+07,339.90088
396,9636283.0,xx,-9.3760616e+07,-9.369709e+07,339.90088
397,9636283.0,xy,-2.8741304e-10,-9.369709e+07,339.90088
398,9636283.0,xz,-188492.69,-9.369709e+07,339.90088
399,9636283.0,yx,-2.8741304e-10,-9.369709e+07,339.90088
400,9636283.0,yy,-9.376879e+07,-9.369709e+07,339.90088
401,9636283.0,yz,-195937.3,-9.369709e+07,339.90088
402,9636283.0,zx,-188492.69,-9.369709e+07,339.90088
403,9636283.0,zy,-195937.3,-9.369709e+07,339.90088
404,9636283.0,zz,-9.479177e+07,-9.369709e+07,339.90088
405,10136283.0,xx,-9.331318e+07,-9.326875e+07,339.43805
406,10136283.0,xy,-2.900157e-10,-9.326875e+07,339.43805
407,10136283.0,xz,-183559.3,-9.326875e+07,339.43805
408,10136283.0,yx,-2.900157e-10,-9.326875e+07,339.43805
409,10136283.0,yy,-9.332165e+07,-9.326875e+07,339.43805
410,10136283.0,yz,-190766.16,-9.326875e+07,339.43805
411,10136283.0,zx,-183559.3,-9.326875e+07,339.43805
412,10136283.0,zy,-190766.16,-9.326875e+07,339.43805
413,10136283.0,zz,-9.471509e+07,-9.326875e+07,339.43805
414,10636283.0,xx,-9.331318e+07,-9.326875e+07,339.43805
415,10636283.0,xy,-2.900157e-10,-9.326875e+07,339.43805
416,10636283.0,xz,-183559.3,-9.326875e+07,339.43805
417,10636283.0,yx,-2.900157e-10,-9.326875e+07,339.43805
418,10636283.0,yy,-9.332165e+07,-9.326875e+07,339.43805
419,10636283.0,yz,-190766.16,-9.326875e+07,339.43805
420,10636283.0,zx,-183559.3,-9.326875e+07,339.43805
421,10636283.0,zy,-190766.16,-9.326875e+07,339.43805
422,10636283.0,zz,-9.471509e+07,-9.326875e+07,339.43805
423,11136283.0,xx,-9.288733e+07,-9.285342e+07,338.99704
424,11136283.0,xy,-2.924565e-10,-9.285342e+07,338.99704
425,11136283.0,xz,-178845.17,-9.285342e+07,338.99704
426,11136283.0,yx,-2.924565e-10,-9.285342e+07,338.99704
427,11136283.0,yy,-9.289444e+07,-9.285342e+07,338.99704
428,11136283.0,yz,-185827.39,-9.285342e+07,338.99704
429,11136283.0,zx,-178845.17,-9.285342e+07,338.99704
430,11136283.0,zy,-185827.39,-9.285342e+07,338.99704
431,11136283.0,zz,-9.463877e+07,-9.285342e+07,338.99704
432,11636283.0,xx,-9.288733e+07,-9.285342e+07,338.99704
433,11636283.0,xy,-2.924565e-10,-9.285342e+07,338.99704
434,11636283.0,xz,-178845.17,-9.285342e+07,338.99704
435,11636283.0,yx,-2.924565e-10,-9.285342e+07,338.99704
436,11636283.0,yy,-9.289444e+07,-9.285342e+07,338.99704
437,11636283.0,yz,-185827.39,-9.285342e+07,338.99704
438,11636283.0,zx,-178845.17,-9.285342e+07,338.99704
439,11636283.0,zy,-185827.39,-9.285342e+07,338.99704
440,11636283.0,zz,-9.463877e+07,-9.285342e+07,338.99704
441,12136283.0,xx,-9.24778e+07,-9.245148e+07,338.57568
442,12136283.0,xy,-2.9468744e-10,-9.245148e+07,338.57568
443,12136283.0,xz,-174375.1,-9.245148e+07,338.57568
444,12136283.0,yx,-2.9468744e-10,-9.245148e+07,338.57568
445,12136283.0,yy,-9.248561e+07,-9.245148e+07,338.57568
446,12136283.0,yz,-181201.94,-9.245148e+07,338.57568
447,12136283.0,zx,-174375.1,-9.245148e+07,338.57568
448,12136283.0,zy,-181201.94,-9.245148e+07,338.57568
449,12136283.0,zz,-9.456848e+07,-9.245148e+07,338.57568
450,12636283.0,xx,-9.24778e+07,-9.245148e+07,338.57568
451,12636283.0,xy,-2.9468744e-10,-9.245148e+07,338.57568
452,12636283.0,xz,-174375.1,-9.245148e+07,338.57568
453,12636283.0,yx,-2.9468744e-10,-9.245148e+07,338.57568
454,12636283.0,yy,-9.248561e+07,-9.245148e+07,338.57568
455,12636283.0,yz,-181201.94,-9.245148e+07,338.57568
456,12636283.0,zx,-174375.1,-9.245148e+07,338.57568
457,12636283.0,zy,-181201.94,-9.245148e+07,338.57568
458,12636283.0,zz,-9.456848e+07,-9.245148e+07,338.57568
459,13136283.0,xx,-9.20854e+07,-9.2063864e+07,338.1724
460,13136283.0,xy,-2.9654396e-10,-9.2063864e+07,338.1724
461,13136283.0,xz,-170140.5,-9.2063864e+07,338.1724
462,13136283.0,yx,-2.9654396e-10,-9.2063864e+07,338.1724
463,13136283.0,yy,-9.20924e+07,-9.2063864e+07,338.1724
464,13136283.0,yz,-176757.62,-9.2063864e+07,338.1724
465,13136283.0,zx,-170140.5,-9.2063864e+07,338.1724
466,13136283.0,zy,-176757.62,-9.2063864e+07,338.1724
467,13136283.0,zz,-9.450285e+07,-9.2063864e+07,338.1724
468,13636283.0,xx,-9.20854e+07,-9.2063864e+07,338.1724
469,13636283.0,xy,-2.9654396e-10,-9.2063864e+07,338.1724
470,13636283.0,xz,-170140.5,-9.2063864e+07,338.1724
471,13636283.0,yx,-2.9654396e-10,-9.2063864e+07,338.1724
472,13636283.0,yy,-9.20924e+07,-9.2063864e+07,338.1724
473,13636283.0,yz,-176757.62,-9.2063864e+07,338.1724
474,13636283.0,zx,-170140.5,-9.2063864e+07,338.1724
475,13636283.0,zy,-176757.62,-9.2063864e+07,338.1724
476,13636283.0,zz,-9.450285e+07,-9.2063864e+07,338.1724
477,14136283.0,xx,-9.170788e+07,-9.168998e+07,337.78564
478,14136283.0,xy,-2.9826214e-10,-9.168998e+07,337.78564
479,14136283.0,xz,-166128.98,-9.168998e+07,337.78564
480,14136283.0,yx,-2.9826214e-10,-9.168998e+07,337.78564
481,14136283.0,yy,-9.171464e+07,-9.168998e+07,337.78564
482,14136283.0,yz,-172564.06,-9.168998e+07,337.78564
483,14136283.0,zx,-166128.98,-9.168998e+07,337.78564
484,14136283.0,zy,-172564.06,-9.168998e+07,337.78564
485,14136283.0,zz,-9.44403e+07,-9.168998e+07,337.78564
486,14636283.0,xx,-9.170788e+07,-9.168998e+07,337.78564
487,14636283.0,xy,-2.9826214e-10,-9.168998e+07,337.78564
488,14636283.0,xz,-166128.98,-9.168998e+07,337.78564
489,14636283.0,yx,-2.9826214e-10,-9.168998e+07,337.78564
490,14636283.0,yy,-9.171464e+07,-9.168998e+07,337.78564
491,14636283.0,yz,-172564.06,-9.168998e+07,337.78564
492,14636283.0,zx,-166128.98,-9.168998e+07,337.78564
493,14636283.0,zy,-172564.06,-9.168998e+07,337.78564
494,14636283.0,zz,-9.44403e+07,-9.168998e+07,337.78564
495,15136283.0,xx,-9.134406e+07,-9.132914e+07,337.41434
496,15136283.0,xy,-2.99828e-10,-9.132914e+07,337.41434
497,15136283.0,xz,-162304.58,-9.132914e+07,337.41434
498,15136283.0,yx,-2.99828e-10,-9.132914e+07,337.41434
499,15136283.0,yy,-9.135122e+07,-9.132914e+07,337.41434
500,15136283.0,yz,-168591.52,-9.132914e+07,337.41434
501,15136283.0,zx,-162304.58,-9.132914e+07,337.41434
502,15136283.0,zy,-168591.52,-9.132914e+07,337.41434
503,15136283.0,zz,-9.438112e+07,-9.132914e+07,337.41434
504,15636283.0,xx,-9.134406e+07,-9.132914e+07,337.41434
505,15636283.0,xy,-2.99828e-10,-9.132914e+07,337.41434
506,15636283.0,xz,-162304.58,-9.132914e+07,337.41434
507,15636283.0,yx,-2.99828e-10,-9.132914e+07,337.41434
508,15636283.0,yy,-9.135122e+07,-9.132914e+07,337.41434
509,15636283.0,yz,-168591.52,-9.132914e+07,337.41434
510,15636283.0,zx,-162304.58,-9.132914e+07,337.41434
511,15636283.0,zy,-168591.52,-9.132914e+07,337.41434
512,15636283.0,zz,-9.438112e+07,-9.132914e+07,337.41434
513,16136283.0,xx,-9.099241e+07,-9.09794e+07,337.05716
514,16136283.0,xy,-3.0083244e-10,-9.09794e+07,337.05716
515,16136283.0,xz,-158681.22,-9.09794e+07,337.05716
516,16136283.0,yx,-3.0083244e-10,-9.09794e+07,337.05716
517,16136283.0,yy,-9.0998616e+07,-9.09794e+07,337.05716
518,16136283.0,yz,-164798.6,-9.09794e+07,337.05716
519,16136283.0,zx,-158681.22,-9.09794e+07,337.05716
520,16136283.0,zy,-164798.6,-9.09794e+07,337.05716
521,16136283.0,zz,-9.432815e+07,-9.09794e+07,337.05716
522,16636283.0,xx,-9.099241e+07,-9.09794e+07,337.05716
523,16636283.0,xy,-3.0083244e-10,-9.09794e+07,337.05716
524,16636283.0,xz,-158681.22,-9.09794e+07,337.05716
525,16636283.0,yx,-3.0083244e-10,-9.09794e+07,337.05716
526,16636283.0,yy,-9.0998616e+07,-9.09794e+07,337.05716
527,16636283.0,yz,-164798.6,-9.09794e+07,337.05716
528,16636283.0,zx,-158681.22,-9.09794e+07,337.05716
529,16636283.0,zy,-164798.6,-9.09794e+07,337.05716
530,16636283.0,zz,-9.432815e+07,-9.09794e+07,337.05716
531,17136282.0,xx,-9.0652264e+07,-9.064105e+07,336.71338
532,17136282.0,xy,-3.0166591e-10,-9.064105e+07,336.71338
533,17136282.0,xz,-155227.6,-9.064105e+07,336.71338
534,17136282.0,yx,-3.0166591e-10,-9.064105e+07,336.71338
535,17136282.0,yy,-9.065846e+07,-9.064105e+07,336.71338
536,17136282.0,yz,-161170.98,-9.064105e+07,336.71338
537,17136282.0,zx,-155227.6,-9.064105e+07,336.71338
538,17136282.0,zy,-161170.98,-9.064105e+07,336.71338
539,17136282.0,zz,-9.427943e+07,-9.064105e+07,336.71338
540,17636282.0,xx,-9.0652264e+07,-9.064105e+07,336.71338
541,17636282.0,xy,-3.0166591e-10,-9.064105e+07,336.71338
542,17636282.0,xz,-155227.6,-9.064105e+07,336.71338
543,17636282.0,yx,-3.0166591e-10,-9.064105e+07,336.71338
544,17636282.0,yy,-9.065846e+07,-9.064105e+07,336.71338
545,17636282.0,yz,-161170.98,-9.064105e+07,336.71338
546,17636282.0,zx,-155227.6,-9.064105e+07,336.71338
547,17636282.0,zy,-161170.98,-9.064105e+07,336.71338
548,17636282.0,zz,-9.427943e+07,-9.064105e+07,336.71338
549,18136282.0,xx,-9.032379e+07,-9.031374e+07,336.38187
550,18136282.0,xy,-3.0214262e-10,-9.031374e+07,336.38187
551,18136282.0,xz,-151930.45,-9.031374e+07,336.38187
552,18136282.0,yx,-3.0214262e-10,-9.031374e+07,336.38187
553,18136282.0,yy,-9.032906e+07,-9.031374e+07,336.38187
554,18136282.0,yz,-157707.1,-9.031374e+07,336.38187
555,18136282.0,zx,-151930.45,-9.031374e+07,336.38187
556,18136282.0,zy,-157707.1,-9.031374e+07,336.38187
557,18136282.0,zz,-9.423578e+07,-9.031374e+07,336.38187
558,18636282.0,xx,-9.032379e+07,-9.031374e+07,336.38187
559,18636282.0,xy,-3.0214262e-10,-9.031374e+07,336.38187
560,18636282.0,xz,-151930.45,-9.031374e+07,336.38187
561,18636282.0,yx,-3.0214262e-10,-9.031374e+07,336.38187
562,18636282.0,yy,-9.032906e+07,-9.031374e+07,336.38187
563,18636282.0,yz,-157707.1,-9.031374e+07,336.38187
564,18636282.0,zx,-151930.45,-9.031374e+07,336.38187
565,18636282.0,zy,-157707.1,-9.031374e+07,336.38187
566,18636282.0,zz,-9.423578e+07,-9.031374e+07,336.38187
567,19136282.0,xx,-9.0006856e+07,-8.999788e+07,336.06226
568,19136282.0,xy,-3.0249594e-10,-8.999788e+07,336.06226
569,19136282.0,xz,-148770.84,-8.999788e+07,336.06226
570,19136282.0,yx,-3.0249594e-10,-8.999788e+07,336.06226
571,19136282.0,yy,-9.001164e+07,-8.999788e+07,336.06226
572,19136282.0,yz,-154413.62,-8.999788e+07,336.06226
573,19136282.0,zx,-148770.84,-8.999788e+07,336.06226
574,19136282.0,zy,-154413.62,-8.999788e+07,336.06226
575,19136282.0,zz,-9.419635e+07,-8.999788e+07,336.06226
576,19636282.0,xx,-9.0006856e+07,-8.999788e+07,336.06226
577,19636282.0,xy,-3.0249594e-10,-8.999788e+07,336.06226
578,19636282.0,xz,-148770.84,-8.999788e+07,336.06226
579,19636282.0,yx,-3.0249594e-10,-8.999788e+07,336.06226
580,19636282.0,yy,-9.001164e+07,-8.999788e+07,336.06226
581,19636282.0,yz,-154413.62,-8.999788e+07,336.06226
582,19636282.0,zx,-148770.84,-8.999788e+07,336.06226
583,19636282.0,zy,-154413.62,-8.999788e+07,336.06226
584,19636282.0,zz,-9.419635e+07,-8.999788e+07,336.06226
585,20136282.0,xx,-8.970027e+07,-8.969225e+07,335.75336
586,20136282.0,xy,-3.028158e-10,-8.969225e+07,335.75336
587,20136282.0,xz,-145750.6,-8.969225e+07,335.75336
588,20136282.0,yx,-3.028158e-10,-8.969225e+07,335.75336
589,20136282.0,yy,-8.970483e+07,-8.969225e+07,335.75336
590,20136282.0,yz,-151261.06,-8.969225e+07,335.75336
591,20136282.0,zx,-145750.6,-8.969225e+07,335.75336
592,20136282.0,zy,-151261.06,-8.969225e+07,335.75336
593,20136282.0,zz,-9.415892e+07,-8.969225e+07,335.75336
594,20636282.0,xx,-8.970027e+07,-8.969225e+07,335.75336
595,20636282.0,xy,-3.028158e-10,-8.969225e+07,335.75336
596,20636282.0,xz,-145750.6,-8.969225e+07,335.75336
597,20636282.0,yx,-3.028158e-10,-8.969225e+07,335.75336
598,20636282.0,yy,-8.970483e+07,-8.969225e+07,335.75336
599,20636282.0,yz,-151261.06,-8.969225e+07,335.75336
600,20636282.0,zx,-145750.6,-8.969225e+07,335.75336
601,20636282.0,zy,-151261.06,-8.969225e+07,335.75336
602,20636282.0,zz,-9.415892e+07,-8.969225e+07,335.75336
603,21136282.0,xx,-8.940424e+07,-8.939699e+07,335.455
604,21136282.0,xy,-3.0312924e-10,-8.939699e+07,335.455
605,21136282.0,xz,-142855.95,-8.939699e+07,335.455
606,21136282.0,yx,-3.0312924e-10,-8.939699e+07,335.455
607,21136282.0,yy,-8.94085e+07,-8.939699e+07,335.455
608,21136282.0,yz,-148258.52,-8.939699e+07,335.455
609,21136282.0,zx,-142855.95,-8.939699e+07,335.455
610,21136282.0,zy,-148258.52,-8.939699e+07,335.455
611,21136282.0,zz,-9.412244e+07,-8.939699e+07,335.455
612,21636282.0,xx,-8.940424e+07,-8.939699e+07,335.455
613,21636282.0,xy,-3.0312924e-10,-8.939699e+07,335.455
614,21636282.0,xz,-142855.95,-8.939699e+07,335.455
615,21636282.0,yx,-3.0312924e-10,-8.939699e+07,335.455
616,21636282.0,yy,-8.94085e+07,-8.939699e+07,335.455
617,21636282.0,yz,-148258.52,-8.939699e+07,335.455
618,21636282.0,zx,-142855.95,-8.939699e+07,335.455
619,21636282.0,zy,-148258.52,-8.939699e+07,335.455
620,21636282.0,zz,-9.412244e+07,-8.939699e+07,335.455
621,22136282.0,xx,-8.911704e+07,-8.911053e+07,335.16617
622,22136282.0,xy,-3.0331604e-10,-8.911053e+07,335.16617
623,22136282.0,xz,-140088.89,-8.911053e+07,335.16617
624,22136282.0,yx,-3.0331604e-10,-8.911053e+07,335.16617
625,22136282.0,yy,-8.912126e+07,-8.911053e+07,335.16617
626,22136282.0,yz,-145375.06,-8.911053e+07,335.16617
627,22136282.0,zx,-140088.89,-8.911053e+07,335.16617
628,22136282.0,zy,-145375.06,-8.911053e+07,335.16617
629,22136282.0,zz,-9.4089336e+07,-8.911053e+07,335.16617
630,22636282.0,xx,-8.911704e+07,-8.911053e+07,335.16617
631,22636282.0,xy,-3.0331604e-10,-8.911053e+07,335.16617
632,22636282.0,xz,-140088.89,-8.911053e+07,335.16617
633,22636282.0,yx,-3.0331604e-10,-8.911053e+07,335.16617
634,22636282.0,yy,-8.912126e+07,-8.911053e+07,335.16617
635,22636282.0,yz,-145375.06,-8.911053e+07,335.16617
636,22636282.0,zx,-140088.89,-8.911053e+07,335.16617
637,22636282.0,zy,-145375.06,-8.911053e+07,335.16617
638,22636282.0,zz,-9.4089336e+07,-8.911053e+07,335.16617
639,23136282.0,xx,-8.883936e+07,-8.883356e+07,334.88678
640,23136282.0,xy,-3.035465e-10,-8.883356e+07,334.88678
641,23136282.0,xz,-137435.22,-8.883356e+07,334.88678
642,23136282.0,yx,-3.035465e-10,-8.883356e+07,334.88678
643,23136282.0,yy,-8.88439e+07,-8.883356e+07,334.88678
644,23136282.0,yz,-142619.28,-8.883356e+07,334.88678
645,23136282.0,zx,-137435.22,-8.883356e+07,334.88678
646,23136282.0,zy,-142619.28,-8.883356e+07,334.88678
647,23136282.0,zz,-9.405752e+07,-8.883356e+07,334.88678
648,23636282.0,xx,-8.883936e+07,-8.883356e+07,334.88678
649,23636282.0,xy,-3.035465e-10,-8.883356e+07,334.88678
650,23636282.0,xz,-137435.22,-8.883356e+07,334.88678
651,23636282.0,yx,-3.035465e-10,-8.883356e+07,334.88678
652,23636282.0,yy,-8.88439e+07,-8.883356e+07,334.88678
653,23636282.0,yz,-142619.28,-8.883356e+07,334.88678
654,23636282.0,zx,-137435.22,-8.883356e+07,334.88678
655,23636282.0,zy,-142619.28,-8.883356e+07,334.88678
656,23636282.0,zz,-9.405752e+07,-8.883356e+07,334.88678
657,24136282.0,xx,-8.8570104e+07,-8.8564696e+07,334.61597
658,24136282.0,xy,-3.0356687e-10,-8.8564696e+07,334.61597
659,24136282.0,xz,-134891.88,-8.8564696e+07,334.61597
660,24136282.0,yx,-3.0356687e-10,-8.8564696e+07,334.61597
661,24136282.0,yy,-8.857405e+07,-8.8564696e+07,334.61597
662,24136282.0,yz,-139974.2,-8.8564696e+07,334.61597
663,24136282.0,zx,-134891.88,-8.8564696e+07,334.61597
664,24136282.0,zy,-139974.2,-8.8564696e+07,334.61597
665,24136282.0,zz,-9.40282e+07,-8.8564696e+07,334.61597
666,24636282.0,xx,-8.8570104e+07,-8.8564696e+07,334.61597
667,24636282.0,xy,-3.0356687e-10,-8.8564696e+07,334.61597
668,24636282.0,xz,-134891.88,-8.8564696e+07,334.61597
669,24636282.0,yx,-3.0356687e-10,-8.8564696e+07,334.61597
670,24636282.0,yy,-8.857405e+07,-8.8564696e+07,334.61597
671,24636282.0,yz,-139974.2,-8.8564696e+07,334.61597
672,24636282.0,zx,-134891.88,-8.8564696e+07,334.61597
673,24636282.0,zy,-139974.2,-8.8564696e+07,334.61597
674,24636282.0,zz,-9.40282e+07,-8.8564696e+07,334.61597
675,25136282.0,xx,-8.830875e+07,-8.8303976e+07,334.3535
676,25136282.0,xy,-3.037409e-10,-8.8303976e+07,334.3535
677,25136282.0,xz,-132452.11,-8.8303976e+07,334.3535
678,25136282.0,yx,-3.037409e-10,-8.8303976e+07,334.3535
679,25136282.0,yy,-8.8313304e+07,-8.8303976e+07,334.3535
680,25136282.0,yz,-137441.22,-8.8303976e+07,334.3535
681,25136282.0,zx,-132452.11,-8.8303976e+07,334.3535
682,25136282.0,zy,-137441.22,-8.8303976e+07,334.3535
683,25136282.0,zz,-9.399916e+07,-8.8303976e+07,334.3535
684,25636282.0,xx,-8.830875e+07,-8.8303976e+07,334.3535
685,25636282.0,xy,-3.037409e-10,-8.8303976e+07,334.3535
686,25636282.0,xz,-132452.11,-8.8303976e+07,334.3535
687,25636282.0,yx,-3.037409e-10,-8.8303976e+07,334.3535
688,25636282.0,yy,-8.8313304e+07,-8.8303976e+07,334.3535
689,25636282.0,yz,-137441.22,-8.8303976e+07,334.3535
690,25636282.0,zx,-132452.11,-8.8303976e+07,334.3535
691,25636282.0,zy,-137441.22,-8.8303976e+07,334.3535
692,25636282.0,zz,-9.399916e+07,-8.8303976e+07,334.3535
693,26136282.0,xx,-8.805523e+07,-8.805084e+07,334.0987
694,26136282.0,xy,-3.0375819e-10,-8.805084e+07,334.0987
695,26136282.0,xz,-130108.875,-8.805084e+07,334.0987
696,26136282.0,yx,-3.0375819e-10,-8.805084e+07,334.0987
697,26136282.0,yy,-8.805964e+07,-8.805084e+07,334.0987
698,26136282.0,yz,-135002.4,-8.805084e+07,334.0987
699,26136282.0,zx,-130108.875,-8.805084e+07,334.0987
700,26136282.0,zy,-135002.4,-8.805084e+07,334.0987
701,26136282.0,zz,-9.397254e+07,-8.805084e+07,334.0987
702,26636282.0,xx,-8.805523e+07,-8.805084e+07,334.0987
703,26636282.0,xy,-3.0375819e-10,-8.805084e+07,334.0987
704,26636282.0,xz,-130108.875,-8.805084e+07,334.0987
705,26636282.0,yx,-3.0375819e-10,-8.805084e+07,334.0987
706,26636282.0,yy,-8.805964e+07,-8.805084e+07,334.0987
707,26636282.0,yz,-135002.4,-8.805084e+07,334.0987
708,26636282.0,zx,-130108.875,-8.805084e+07,334.0987
709,26636282.0,zy,-135002.4,-8.805084e+07,334.0987
710,26636282.0,zz,-9.397254e+07,-8.805084e+07,334.0987
711,27136282.0,xx,-8.780939e+07,-8.780522e+07,333.8515
712,27136282.0,xy,-3.0368894e-10,-8.780522e+07,333.8515
713,27136282.0,xz,-127858.92,-8.780522e+07,333.8515
714,27136282.0,yx,-3.0368894e-10,-8.780522e+07,333.8515
715,27136282.0,yy,-8.781313e+07,-8.780522e+07,333.8515
716,27136282.0,yz,-132662.69,-8.780522e+07,333.8515
717,27136282.0,zx,-127858.92,-8.780522e+07,333.8515
718,27136282.0,zy,-132662.69,-8.780522e+07,333.8515
719,27136282.0,zz,-9.394728e+07,-8.780522e+07,333.8515
720,27636282.0,xx,-8.780939e+07,-8.780522e+07,333.8515
721,27636282.0,xy,-3.0368894e-10,-8.780522e+07,333.8515
722,27636282.0,xz,-127858.92,-8.780522e+07,333.8515
723,27636282.0,yx,-3.0368894e-10,-8.780522e+07,333.8515
724,27636282.0,yy,-8.781313e+07,-8.780522e+07,333.8515
725,27636282.0,yz,-132662.69,-8.780522e+07,333.8515
726,27636282.0,zx,-127858.92,-8.780522e+07,333.8515
727,27636282.0,zy,-132662.69,-8.780522e+07,333.8515
728,27636282.0,zz,-9.394728e+07,-8.780522e+07,333.8515
729,28136282.0,xx,-8.757053e+07,-8.756667e+07,333.6113
730,28136282.0,xy,-3.0371214e-10,-8.756667e+07,333.6113
731,28136282.0,xz,-125693.81,-8.756667e+07,333.6113
732,28136282.0,yx,-3.0371214e-10,-8.756667e+07,333.6113
733,28136282.0,yy,-8.75742e+07,-8.756667e+07,333.6113
734,28136282.0,yz,-130414.4,-8.756667e+07,333.6113
735,28136282.0,zx,-125693.81,-8.756667e+07,333.6113
736,28136282.0,zy,-130414.4,-8.756667e+07,333.6113
737,28136282.0,zz,-9.392247e+07,-8.756667e+07,333.6113
738,28636282.0,xx,-8.757053e+07,-8.756667e+07,333.6113
739,28636282.0,xy,-3.0371214e-10,-8.756667e+07,333.6113
740,28636282.0,xz,-125693.81,-8.756667e+07,333.6113
741,28636282.0,yx,-3.0371214e-10,-8.756667e+07,333.6113
742,28636282.0,yy,-8.75742e+07,-8.756667e+07,333.6113
743,28636282.0,yz,-130414.4,-8.756667e+07,333.6113
744,28636282.0,zx,-125693.81,-8.756667e+07,333.6113
745,28636282.0,zy,-130414.4,-8.756667e+07,333.6113
746,28636282.0,zz,-9.392247e+07,-8.756667e+07,333.6113
747,29136282.0,xx,-8.733857e+07,-8.733491e+07,333.37802
748,29136282.0,xy,-3.0368252e-10,-8.733491e+07,333.37802
749,29136282.0,xz,-123615.234,-8.733491e+07,333.37802
750,29136282.0,yx,-3.0368252e-10,-8.733491e+07,333.37802
751,29136282.0,yy,-8.734181e+07,-8.733491e+07,333.37802
752,29136282.0,yz,-128250.61,-8.733491e+07,333.37802
753,29136282.0,zx,-123615.234,-8.733491e+07,333.37802
754,29136282.0,zy,-128250.61,-8.733491e+07,333.37802
755,29136282.0,zz,-9.38985e+07,-8.733491e+07,333.37802
756,29636282.0,xx,-8.733857e+07,-8.733491e+07,333.37802
757,29636282.0,xy,-3.0368252e-10,-8.733491e+07,333.37802
758,29636282.0,xz,-123615.234,-8.733491e+07,333.37802
759,29636282.0,yx,-3.0368252e-10,-8.733491e+07,333.37802
760,29636282.0,yy,-8.734181e+07,-8.733491e+07,333.37802
761,29636282.0,yz,-128250.61,-8.733491e+07,333.37802
762,29636282.0,zx,-123615.234,-8.733491e+07,333.37802
763,29636282.0,zy,-128250.61,-8.733491e+07,333.37802
764,29636282.0,zz,-9.38985e+07,-8.733491e+07,333.37802
765,30136282.0,xx,-8.711219e+07,-8.710889e+07,333.15103
766,30136282.0,xy,-3.0365616e-10,-8.710889e+07,333.15103
767,30136282.0,xz,-121609.35,-8.710889e+07,333.15103
768,30136282.0,yx,-3.0365616e-10,-8.710889e+07,333.15103
769,30136282.0,yy,-8.711585e+07,-8.710889e+07,333.15103
770,30136282.0,yz,-126167.47,-8.710889e+07,333.15103
771,30136282.0,zx,-121609.35,-8.710889e+07,333.15103
772,30136282.0,zy,-126167.47,-8.710889e+07,333.15103
773,30136282.0,zz,-9.3876264e+07,-8.710889e+07,333.15103
774,30636282.0,xx,-8.711219e+07,-8.710889e+07,333.15103
775,30636282.0,xy,-3.0365616e-10,-8.710889e+07,333.15103
776,30636282.0,xz,-121609.35,-8.710889e+07,333.15103
777,30636282.0,yx,-3.0365616e-10,-8.710889e+07,333.15103
778,30636282.0,yy,-8.711585e+07,-8.710889e+07,333.15103
779,30636282.0,yz,-126167.47,-8.710889e+07,333.15103
780,30636282.0,zx,-121609.35,-8.710889e+07,333.15103
781,30636282.0,zy,-126167.47,-8.710889e+07,333.15103
782,30636282.0,zz,-9.3876264e+07,-8.710889e+07,333.15103
783,31136282.0,xx,-8.689267e+07,-8.6889544e+07,332.93033
784,31136282.0,xy,-3.036223e-10,-8.6889544e+07,332.93033
785,31136282.0,xz,-119679.49,-8.6889544e+07,332.93033
786,31136282.0,yx,-3.036223e-10,-8.6889544e+07,332.93033
787,31136282.0,yy,-8.689598e+07,-8.6889544e+07,332.93033
788,31136282.0,yz,-124161.414,-8.6889544e+07,332.93033
789,31136282.0,zx,-119679.49,-8.6889544e+07,332.93033
790,31136282.0,zy,-124161.414,-8.6889544e+07,332.93033
791,31136282.0,zz,-9.385369e+07,-8.6889544e+07,332.93033
792,31636282.0,xx,-8.689267e+07,-8.6889544e+07,332.93033
793,31636282.0,xy,-3.036223e-10,-8.6889544e+07,332.93033
794,31636282.0,xz,-119679.49,-8.6889544e+07,332.93033
795,31636282.0,yx,-3.036223e-10,-8.6889544e+07,332.93033
796,31636282.0,yy,-8.689598e+07,-8.6889544e+07,332.93033
797,31636282.0,yz,-124161.414,-8.6889544e+07,332.93033
798,31636282.0,zx,-119679.49,-8.6889544e+07,332.93033
799,31636282.0,zy,-124161.414,-8.6889544e+07,332.93033
800,31636282.0,zz,-9.385369e+07,-8.6889544e+07,332.93033
801,32136282.0,xx,-8.667846e+07,-8.667558e+07,332.71545
802,32136282.0,xy,-3.035349e-10,-8.667558e+07,332.71545
803,32136282.0,xz,-117819.234,-8.667558e+07,332.71545
804,32136282.0,yx,-3.035349e-10,-8.667558e+07,332.71545
805,32136282.0,yy,-8.6681976e+07,-8.667558e+07,332.71545
806,32136282.0,yz,-122227.805,-8.667558e+07,332.71545
807,32136282.0,zx,-117819.234,-8.667558e+07,332.71545
808,32136282.0,zy,-122227.805,-8.667558e+07,332.71545
809,32136282.0,zz,-9.383372e+07,-8.667558e+07,332.71545
810,32636282.0,xx,-8.667846e+07,-8.667558e+07,332.71545
811,32636282.0,xy,-3.035349e-10,-8.667558e+07,332.71545
812,32636282.0,xz,-117819.234,-8.667558e+07,332.71545
813,32636282.0,yx,-3.035349e-10,-8.667558e+07,332.71545
814,32636282.0,yy,-8.6681976e+07,-8.667558e+07,332.71545
815,32636282.0,yz,-122227.805,-8.667558e+07,332.71545
816,32636282.0,zx,-117819.234,-8.667558e+07,332.71545
817,32636282.0,zy,-122227.805,-8.667558e+07,332.71545
818,32636282.0,zz,-9.383372e+07,-8.667558e+07,332.71545
819,33136282.0,xx,-8.647012e+07,-8.646741e+07,332.50616
820,33136282.0,xy,-3.034547e-10,-8.646741e+07,332.50616
821,33136282.0,xz,-116025.46,-8.646741e+07,332.50616
822,33136282.0,yx,-3.034547e-10,-8.646741e+07,332.50616
823,33136282.0,yy,-8.6473464e+07,-8.646741e+07,332.50616
824,33136282.0,yz,-120366.21,-8.646741e+07,332.50616
825,33136282.0,zx,-116025.46,-8.646741e+07,332.50616
826,33136282.0,zy,-120366.21,-8.646741e+07,332.50616
827,33136282.0,zz,-9.381354e+07,-8.646741e+07,332.50616
828,33636284.0,xx,-8.647012e+07,-8.646741e+07,332.50616
829,33636284.0,xy,-3.034547e-10,-8.646741e+07,332.50616
830,33636284.0,xz,-116025.46,-8.646741e+07,332.50616
831,33636284.0,yx,-3.034547e-10,-8.646741e+07,332.50616
832,33636284.0,yy,-8.6473464e+07,-8.646741e+07,332.50616
833,33636284.0,yz,-120366.21,-8.646741e+07,332.50616
834,33636284.0,zx,-116025.46,-8.646741e+07,332.50616
835,33636284.0,zy,-120366.21,-8.646741e+07,332.50616
836,33636284.0,zz,-9.381354e+07,-8.646741e+07,332.50616
837,34136284.0,xx,-8.626703e+07,-8.626451e+07,332.3023
838,34136284.0,xy,-3.0343886e-10,-8.626451e+07,332.3023
839,34136284.0,xz,-114294.77,-8.626451e+07,332.3023
840,34136284.0,yx,-3.0343886e-10,-8.626451e+07,332.3023
841,34136284.0,yy,-8.627049e+07,-8.626451e+07,332.3023
842,34136284.0,yz,-118566.34,-8.626451e+07,332.3023
843,34136284.0,zx,-114294.77,-8.626451e+07,332.3023
844,34136284.0,zy,-118566.34,-8.626451e+07,332.3023
845,34136284.0,zz,-9.37931e+07,-8.626451e+07,332.3023
846,34636284.0,xx,-8.626703e+07,-8.626451e+07,332.3023
847,34636284.0,xy,-3.0343886e-10,-8.626451e+07,332.3023
848,34636284.0,xz,-114294.77,-8.626451e+07,332.3023
849,34636284.0,yx,-3.0343886e-10,-8.626451e+07,332.3023
850,34636284.0,yy,-8.627049e+07,-8.626451e+07,332.3023
851,34636284.0,yz,-118566.34,-8.626451e+07,332.3023
852,34636284.0,zx,-114294.77,-8.626451e+07,332.3023
853,34636284.0,zy,-118566.34,-8.626451e+07,332.3023
854,34636284.0,zz,-9.37931e+07,-8.626451e+07,332.3023
855,35136284.0,xx,-8.6069336e+07,-8.606684e+07,332.1036
856,35136284.0,xy,-3.0329608e-10,-8.606684e+07,332.1036
857,35136284.0,xz,-112627.266,-8.606684e+07,332.1036
858,35136284.0,yx,-3.0329608e-10,-8.606684e+07,332.1036
859,35136284.0,yy,-8.607204e+07,-8.606684e+07,332.1036
860,35136284.0,yz,-116828.5,-8.606684e+07,332.1036
861,35136284.0,zx,-112627.266,-8.606684e+07,332.1036
862,35136284.0,zy,-116828.5,-8.606684e+07,332.1036
863,35136284.0,zz,-9.377393e+07,-8.606684e+07,332.1036
864,35636284.0,xx,-8.6069336e+07,-8.606684e+07,332.1036
865,35636284.0,xy,-3.0329608e-10,-8.606684e+07,332.1036
866,35636284.0,xz,-112627.266,-8.606684e+07,332.1036
867,35636284.0,yx,-3.0329608e-10,-8.606684e+07,332.1036
868,35636284.0,yy,-8.607204e+07,-8.606684e+07,332.1036
869,35636284.0,yz,-116828.5,-8.606684e+07,332.1036
870,35636284.0,zx,-112627.266,-8.606684e+07,332.1036
871,35636284.0,zy,-116828.5,-8.606684e+07,332.1036
872,35636284.0,zz,-9.377393e+07,-8.606684e+07,332.1036
873,36136284.0,xx,-8.58766e+07,-8.587412e+07,331.90982
874,36136284.0,xy,-3.032023e-10,-8.587412e+07,331.90982
875,36136284.0,xz,-111014.43,-8.587412e+07,331.90982
876,36136284.0,yx,-3.032023e-10,-8.587412e+07,331.90982
877,36136284.0,yy,-8.587869e+07,-8.587412e+07,331.90982
878,36136284.0,yz,-115150.67,-8.587412e+07,331.90982
879,36136284.0,zx,-111014.43,-8.587412e+07,331.90982
880,36136284.0,zy,-115150.67,-8.587412e+07,331.90982
881,36136284.0,zz,-9.375465e+07,-8.587412e+07,331.90982
882,36636284.0,xx,-8.58766e+07,-8.587412e+07,331.90982
883,36636284.0,xy,-3.032023e-10,-8.587412e+07,331.90982
884,36636284.0,xz,-111014.43,-8.587412e+07,331.90982
885,36636284.0,yx,-3.032023e-10,-8.587412e+07,331.90982
886,36636284.0,yy,-8.587869e+07,-8.587412e+07,331.90982
887,36636284.0,yz,-115150.67,-8.587412e+07,331.90982
888,36636284.0,zx,-111014.43,-8.587412e+07,331.90982
889,36636284.0,zy,-115150.67,-8.587412e+07,331.90982
890,36636284.0,zz,-9.375465e+07,-8.587412e+07,331.90982
891,37136284.0,xx,-8.568793e+07,-8.5685656e+07,331.72076
892,37136284.0,xy,-3.0313171e-10,-8.5685656e+07,331.72076
893,37136284.0,xz,-109453.93,-8.5685656e+07,331.72076
894,37136284.0,yx,-3.0313171e-10,-8.5685656e+07,331.72076
895,37136284.0,yy,-8.569029e+07,-8.5685656e+07,331.72076
896,37136284.0,yz,-113532.0,-8.5685656e+07,331.72076
897,37136284.0,zx,-109453.93,-8.5685656e+07,331.72076
898,37136284.0,zy,-113532.0,-8.5685656e+07,331.72076
899,37136284.0,zz,-9.373673e+07,-8.5685656e+07,331.72076
900,37636284.0,xx,-8.568793e+07,-8.5685656e+07,331.72076
901,37636284.0,xy,-3.0313171e-10,-8.5685656e+07,331.72076
902,37636284.0,xz,-109453.93,-8.5685656e+07,331.72076
903,37636284.0,yx,-3.0313171e-10,-8.5685656e+07,331.72076
904,37636284.0,yy,-8.569029e+07,-8.5685656e+07,331.72076
905,37636284.0,yz,-113532.0,-8.5685656e+07,331.72076
906,37636284.0,zx,-109453.93,-8.5685656e+07,331.72076
907,37636284.0,zy,-113532.0,-8.5685656e+07,331.72076
908,37636284.0,zz,-9.373673e+07,-8.5685656e+07,331.72076
909,38136284.0,xx,-8.550372e+07,-8.5501576e+07,331.53616
910,38136284.0,xy,-3.0300137e-10,-8.5501576e+07,331.53616
911,38136284.0,xz,-107946.125,-8.5501576e+07,331.53616
912,38136284.0,yx,-3.0300137e-10,-8.5501576e+07,331.53616
913,38136284.0,yy,-8.550607e+07,-8.5501576e+07,331.53616
914,38136284.0,yz,-111965.81,-8.5501576e+07,331.53616
915,38136284.0,zx,-107946.125,-8.5501576e+07,331.53616
916,38136284.0,zy,-111965.81,-8.5501576e+07,331.53616
917,38136284.0,zz,-9.371984e+07,-8.5501576e+07,331.53616
918,38636284.0,xx,-8.550372e+07,-8.5501576e+07,331.53616
919,38636284.0,xy,-3.0300137e-10,-8.5501576e+07,331.53616
920,38636284.0,xz,-107946.125,-8.5501576e+07,331.53616
921,38636284.0,yx,-3.0300137e-10,-8.5501576e+07,331.53616
922,38636284.0,yy,-8.550607e+07,-8.5501576e+07,331.53616
923,38636284.0,yz,-111965.81,-8.5501576e+07,331.53616
924,38636284.0,zx,-107946.125,-8.5501576e+07,331.53616
925,38636284.0,zy,-111965.81,-8.5501576e+07,331.53616
926,38636284.0,zz,-9.371984e+07,-8.5501576e+07,331.53616
927,39136284.0,xx,-8.532357e+07,-8.532164e+07,331.3561
928,39136284.0,xy,-3.0295558e-10,-8.532164e+07,331.3561
929,39136284.0,xz,-106488.7,-8.532164e+07,331.3561
930,39136284.0,yx,-3.0295558e-10,-8.532164e+07,331.3561
931,39136284.0,yy,-8.532652e+07,-8.532164e+07,331.3561
932,39136284.0,yz,-110449.25,-8.532164e+07,331.3561
933,39136284.0,zx,-106488.7,-8.532164e+07,331.3561
934,39136284.0,zy,-110449.25,-8.532164e+07,331.3561
935,39136284.0,zz,-9.370252e+07,-8.532164e+07,331.3561
936,39636284.0,xx,-8.532357e+07,-8.532164e+07,331.3561
937,39636284.0,xy,-3.0295558e-10,-8.532164e+07,331.3561
938,39636284.0,xz,-106488.7,-8.532164e+07,331.3561
939,39636284.0,yx,-3.0295558e-10,-8.532164e+07,331.3561
940,39636284.0,yy,-8.532652e+07,-8.532164e+07,331.3561
941,39636284.0,yz,-110449.25,-8.532164e+07,331.3561
942,39636284.0,zx,-106488.7,-8.532164e+07,331.3561
943,39636284.0,zy,-110449.25,-8.532164e+07,331.3561
944,39636284.0,zz,-9.370252e+07,-8.532164e+07,331.3561
945,40136284.0,xx,-8.514777e+07,-8.514583e+07,331.1801
946,40136284.0,xy,-3.0268787e-10,-8.514583e+07,331.1801
947,40136284.0,xz,-105079.23,-8.514583e+07,331.1801
948,40136284.0,yx,-3.0268787e-10,-8.514583e+07,331.1801
949,40136284.0,yy,-8.515001e+07,-8.514583e+07,331.1801
950,40136284.0,yz,-108981.33,-8.514583e+07,331.1801
951,40136284.0,zx,-105079.23,-8.514583e+07,331.1801
952,40136284.0,zy,-108981.33,-8.514583e+07,331.1801
953,40136284.0,zz,-9.368716e+07,-8.514583e+07,331.1801
954,40636284.0,xx,-8.514777e+07,-8.514583e+07,331.1801
955,40636284.0,xy,-3.0268787e-10,-8.514583e+07,331.1801
956,40636284.0,xz,-105079.23,-8.514583e+07,331.1801
957,40636284.0,yx,-3.0268787e-10,-8.514583e+07,331.1801
958,40636284.0,yy,-8.515001e+07,-8.514583e+07,331.1801
959,40636284.0,yz,-108981.33,-8.514583e+07,331.1801
960,40636284.0,zx,-105079.23,-8.514583e+07,331.1801
961,40636284.0,zy,-108981.33,-8.514583e+07,331.1801
962,40636284.0,zz,-9.368716e+07,-8.514583e+07,331.1801
963,41136284.0,xx,-8.49762e+07,-8.4974344e+07,331.00836
964,41136284.0,xy,-3.0253516e-10,-8.4974344e+07,331.00836
965,41136284.0,xz,-103714.02,-8.4974344e+07,331.00836
966,41136284.0,yx,-3.0253516e-10,-8.4974344e+07,331.00836
967,41136284.0,yy,-8.497831e+07,-8.4974344e+07,331.00836
968,41136284.0,yz,-107562.96,-8.4974344e+07,331.00836
969,41136284.0,zx,-103714.02,-8.4974344e+07,331.00836
970,41136284.0,zy,-107562.96,-8.4974344e+07,331.00836
971,41136284.0,zz,-9.367142e+07,-8.4974344e+07,331.00836
972,41636284.0,xx,-8.49762e+07,-8.4974344e+07,331.00836
973,41636284.0,xy,-3.0253516e-10,-8.4974344e+07,331.00836
974,41636284.0,xz,-103714.02,-8.4974344e+07,331.00836
975,41636284.0,yx,-3.0253516e-10,-8.4974344e+07,331.00836
976,41636284.0,yy,-8.497831e+07,-8.4974344e+07,331.00836
977,41636284.0,yz,-107562.96,-8.4974344e+07,331.00836
978,41636284.0,zx,-103714.02,-8.4974344e+07,331.00836
979,41636284.0,zy,-107562.96,-8.4974344e+07,331.00836
980,41636284.0,zz,-9.367142e+07,-8.4974344e+07,331.00836
981,42136284.0,xx,-8.480796e+07,-8.480629e+07,330.84048
982,42136284.0,xy,-3.0240171e-10,-8.480629e+07,330.84048
983,42136284.0,xz,-102394.85,-8.480629e+07,330.84048
984,42136284.0,yx,-3.0240171e-10,-8.480629e+07,330.84048
985,42136284.0,yy,-8.481067e+07,-8.480629e+07,330.84048
986,42136284.0,yz,-106189.11,-8.480629e+07,330.84048
987,42136284.0,zx,-102394.85,-8.480629e+07,330.84048
988,42136284.0,zy,-106189.11,-8.480629e+07,330.84048
989,42136284.0,zz,-9.3656856e+07,-8.480629e+07,330.84048
990,42636284.0,xx,-8.480796e+07,-8.480629e+07,330.84048
991,42636284.0,xy,-3.0240171e-10,-8.480629e+07,330.84048
992,42636284.0,xz,-102394.85,-8.480629e+07,330.84048
993,42636284.0,yx,-3.0240171e-10,-8.480629e+07,330.84048
994,42636284.0,yy,-8.481067e+07,-8.480629e+07,330.84048
995,42636284.0,yz,-106189.11,-8.480629e+07,330.84048
996,42636284.0,zx,-102394.85,-8.480629e+07,330.84048
997,42636284.0,zy,-106189.11,-8.480629e+07,330.84048
998,42636284.0,zz,-9.3656856e+07,-8.480629e+07,330.84048
999,43136284.0,xx,-8.464406e+07,-8.464244e+07,330.6769
1000,43136284.0,xy,-3.0207392e-10,-8.464244e+07,330.6769
1001,43136284.0,xz,-101119.94,-8.464244e+07,330.6769
1002,43136284.0,yx,-3.0207392e-10,-8.464244e+07,330.6769
1003,43136284.0,yy,-8.4646504e+07,-8.464244e+07,330.6769
1004,43136284.0,yz,-104862.95,-8.464244e+07,330.6769
1005,43136284.0,zx,-101119.94,-8.464244e+07,330.6769
1006,43136284.0,zy,-104862.95,-8.464244e+07,330.6769
1007,43136284.0,zz,-9.364443e+07,-8.464244e+07,330.6769
1008,43636284.0,xx,-8.464406e+07,-8.464244e+07,330.6769
1009,43636284.0,xy,-3.0207392e-10,-8.464244e+07,330.6769
1010,43636284.0,xz,-101119.94,-8.464244e+07,330.6769
1011,43636284.0,yx,-3.0207392e-10,-8.464244e+07,330.6769
1012,43636284.0,yy,-8.4646504e+07,-8.464244e+07,330.6769
1013,43636284.0,yz,-104862.95,-8.464244e+07,330.6769
1014,43636284.0,zx,-101119.94,-8.464244e+07,330.6769
1015,43636284.0,zy,-104862.95,-8.464244e+07,330.6769
1016,43636284.0,zz,-9.364443e+07,-8.464244e+07,330.6769
1017,44136284.0,xx,-8.448392e+07,-8.4482344e+07,330.51694
1018,44136284.0,xy,-3.0185807e-10,-8.4482344e+07,330.51694
1019,44136284.0,xz,-99885.48,-8.4482344e+07,330.51694
1020,44136284.0,yx,-3.0185807e-10,-8.4482344e+07,330.51694
1021,44136284.0,yy,-8.448616e+07,-8.4482344e+07,330.51694
1022,44136284.0,yz,-103576.695,-8.4482344e+07,330.51694
1023,44136284.0,zx,-99885.48,-8.4482344e+07,330.51694
1024,44136284.0,zy,-103576.695,-8.4482344e+07,330.51694
1025,44136284.0,zz,-9.363053e+07,-8.4482344e+07,330.51694
1026,44636284.0,xx,-8.448392e+07,-8.4482344e+07,330.51694
1027,44636284.0,xy,-3.0185807e-10,-8.4482344e+07,330.51694
1028,44636284.0,xz,-99885.48,-8.4482344e+07,330.51694
1029,44636284.0,yx,-3.0185807e-10,-8.4482344e+07,330.51694
1030,44636284.0,yy,-8.448616e+07,-8.4482344e+07,330.51694
1031,44636284.0,yz,-103576.695,-8.4482344e+07,330.51694
1032,44636284.0,zx,-99885.48,-8.4482344e+07,330.51694
1033,44636284.0,zy,-103576.695,-8.4482344e+07,330.51694
1034,44636284.0,zz,-9.363053e+07,-8.4482344e+07,330.51694
1035,45136284.0,xx,-8.432726e+07,-8.432572e+07,330.36038
1036,45136284.0,xy,-3.015776e-10,-8.432572e+07,330.36038
1037,45136284.0,xz,-98685.836,-8.432572e+07,330.36038
1038,45136284.0,yx,-3.015776e-10,-8.432572e+07,330.36038
1039,45136284.0,yy,-8.432922e+07,-8.432572e+07,330.36038
1040,45136284.0,yz,-102329.59,-8.432572e+07,330.36038
1041,45136284.0,zx,-98685.836,-8.432572e+07,330.36038
1042,45136284.0,zy,-102329.59,-8.432572e+07,330.36038
1043,45136284.0,zz,-9.3618264e+07,-8.432572e+07,330.36038
1044,45636284.0,xx,-8.432726e+07,-8.432572e+07,330.36038
1045,45636284.0,xy,-3.015776e-10,-8.432572e+07,330.36038
1046,45636284.0,xz,-98685.836,-8.432572e+07,330.36038
1047,45636284.0,yx,-3.015776e-10,-8.432572e+07,330.36038
1048,45636284.0,yy,-8.432922e+07,-8.432572e+07,330.36038
1049,45636284.0,yz,-102329.59,-8.432572e+07,330.36038
1050,45636284.0,zx,-98685.836,-8.432572e+07,330.36038
1051,45636284.0,zy,-102329.59,-8.432572e+07,330.36038
1052,45636284.0,zz,-9.3618264e+07,-8.432572e+07,330.36038
1053,46136284.0,xx,-8.417376e+07,-8.417231e+07,330.20703
1054,46136284.0,xy,-3.0140465e-10,-8.417231e+07,330.20703
1055,46136284.0,xz,-97521.48,-8.417231e+07,330.20703
1056,46136284.0,yx,-3.0140465e-10,-8.417231e+07,330.20703
1057,46136284.0,yy,-8.417587e+07,-8.417231e+07,330.20703
1058,46136284.0,yz,-101118.516,-8.417231e+07,330.20703
1059,46136284.0,zx,-97521.48,-8.417231e+07,330.20703
1060,46136284.0,zy,-101118.516,-8.417231e+07,330.20703
1061,46136284.0,zz,-9.360529e+07,-8.417231e+07,330.20703
1062,46636284.0,xx,-8.417376e+07,-8.417231e+07,330.20703
1063,46636284.0,xy,-3.0140465e-10,-8.417231e+07,330.20703
1064,46636284.0,xz,-97521.48,-8.417231e+07,330.20703
1065,46636284.0,yx,-3.0140465e-10,-8.417231e+07,330.20703
1066,46636284.0,yy,-8.417587e+07,-8.417231e+07,330.20703
1067,46636284.0,yz,-101118.516,-8.417231e+07,330.20703
1068,46636284.0,zx,-97521.48,-8.417231e+07,330.20703
1069,46636284.0,zy,-101118.516,-8.417231e+07,330.20703
1070,46636284.0,zz,-9.360529e+07,-8.417231e+07,330.20703
1071,47136284.0,xx,-8.4023576e+07,-8.402216e+07,330.05695
1072,47136284.0,xy,-3.0113054e-10,-8.402216e+07,330.05695
1073,47136284.0,xz,-96391.66,-8.402216e+07,330.05695
1074,47136284.0,yx,-3.0113054e-10,-8.402216e+07,330.05695
1075,47136284.0,yy,-8.402548e+07,-8.402216e+07,330.05695
1076,47136284.0,yz,-99943.27,-8.402216e+07,330.05695
1077,47136284.0,zx,-96391.66,-8.402216e+07,330.05695
1078,47136284.0,zy,-99943.27,-8.402216e+07,330.05695
1079,47136284.0,zz,-9.359385e+07,-8.402216e+07,330.05695
1080,47636284.0,xx,-8.4023576e+07,-8.402216e+07,330.05695
1081,47636284.0,xy,-3.0113054e-10,-8.402216e+07,330.05695
1082,47636284.0,xz,-96391.66,-8.402216e+07,330.05695
1083,47636284.0,yx,-3.0113054e-10,-8.402216e+07,330.05695
1084,47636284.0,yy,-8.402548e+07,-8.402216e+07,330.05695
1085,47636284.0,yz,-99943.27,-8.402216e+07,330.05695
1086,47636284.0,zx,-96391.66,-8.402216e+07,330.05695
1087,47636284.0,zy,-99943.27,-8.402216e+07,330.05695
1088,47636284.0,zz,-9.359385e+07,-8.402216e+07,330.05695
1089,48136284.0,xx,-8.387649e+07,-8.3875064e+07,329.90988
1090,48136284.0,xy,-3.0084768e-10,-8.3875064e+07,329.90988
1091,48136284.0,xz,-95292.555,-8.3875064e+07,329.90988
1092,48136284.0,yx,-3.0084768e-10,-8.3875064e+07,329.90988
1093,48136284.0,yy,-8.387799e+07,-8.3875064e+07,329.90988
1094,48136284.0,yz,-98797.89,-8.3875064e+07,329.90988
1095,48136284.0,zx,-95292.555,-8.3875064e+07,329.90988
1096,48136284.0,zy,-98797.89,-8.3875064e+07,329.90988
1097,48136284.0,zz,-9.358255e+07,-8.3875064e+07,329.90988
1098,48636284.0,xx,-8.387649e+07,-8.3875064e+07,329.90988
1099,48636284.0,xy,-3.0084768e-10,-8.3875064e+07,329.90988
1100,48636284.0,xz,-95292.555,-8.3875064e+07,329.90988
1101,48636284.0,yx,-3.0084768e-10,-8.3875064e+07,329.90988
1102,48636284.0,yy,-8.387799e+07,-8.3875064e+07,329.90988
1103,48636284.0,yz,-98797.89,-8.3875064e+07,329.90988
1104,48636284.0,zx,-95292.555,-8.3875064e+07,329.90988
1105,48636284.0,zy,-98797.89,-8.3875064e+07,329.90988
1106,48636284.0,zz,-9.358255e+07,-8.3875064e+07,329.90988
1107,49136284.0,xx,-8.373201e+07,-8.373073e+07,329.76584
1108,49136284.0,xy,-3.0065295e-10,-8.373073e+07,329.76584
1109,49136284.0,xz,-94225.77,-8.373073e+07,329.76584
1110,49136284.0,yx,-3.0065295e-10,-8.373073e+07,329.76584
1111,49136284.0,yy,-8.3734024e+07,-8.373073e+07,329.76584
1112,49136284.0,yz,-97688.32,-8.373073e+07,329.76584
1113,49136284.0,zx,-94225.77,-8.373073e+07,329.76584
1114,49136284.0,zy,-97688.32,-8.373073e+07,329.76584
1115,49136284.0,zz,-9.357163e+07,-8.373073e+07,329.76584
1116,49636284.0,xx,-8.373201e+07,-8.373073e+07,329.76584
1117,49636284.0,xy,-3.0065295e-10,-8.373073e+07,329.76584
1118,49636284.0,xz,-94225.77,-8.373073e+07,329.76584
1119,49636284.0,yx,-3.0065295e-10,-8.373073e+07,329.76584
1120,49636284.0,yy,-8.3734024e+07,-8.373073e+07,329.76584
1121,49636284.0,yz,-97688.32,-8.373073e+07,329.76584
1122,49636284.0,zx,-94225.77,-8.373073e+07,329.76584
1123,49636284.0,zy,-97688.32,-8.373073e+07,329.76584
1124,49636284.0,zz,-9.357163e+07,-8.373073e+07,329.76584
1125,50136284.0,xx,-8.359029e+07,-8.358912e+07,329.62457
1126,50136284.0,xy,-3.004544e-10,-8.358912e+07,329.62457
1127,50136284.0,xz,-93186.89,-8.358912e+07,329.62457
1128,50136284.0,yx,-3.004544e-10,-8.358912e+07,329.62457
1129,50136284.0,yy,-8.359282e+07,-8.358912e+07,329.62457
1130,50136284.0,yz,-96607.85,-8.358912e+07,329.62457
1131,50136284.0,zx,-93186.89,-8.358912e+07,329.62457
1132,50136284.0,zy,-96607.85,-8.358912e+07,329.62457
1133,50136284.0,zz,-9.356101e+07,-8.358912e+07,329.62457
1134,50636284.0,xx,-8.359029e+07,-8.358912e+07,329.62457
1135,50636284.0,xy,-3.004544e-10,-8.358912e+07,329.62457
1136,50636284.0,xz,-93186.89,-8.358912e+07,329.62457
1137,50636284.0,yx,-3.004544e-10,-8.358912e+07,329.62457
1138,50636284.0,yy,-8.359282e+07,-8.358912e+07,329.62457
1139,50636284.0,yz,-96607.85,-8.358912e+07,329.62457
1140,50636284.0,zx,-93186.89,-8.358912e+07,329.62457
1141,50636284.0,zy,-96607.85,-8.358912e+07,329.62457
1142,50636284.0,zz,-9.356101e+07,-8.358912e+07,329.62457
1143,51136284.0,xx,-8.3451496e+07,-8.34504e+07,329.4861
1144,51136284.0,xy,-3.001885e-10,-8.34504e+07,329.4861
1145,51136284.0,xz,-92176.88,-8.34504e+07,329.4861
1146,51136284.0,yx,-3.001885e-10,-8.34504e+07,329.4861
1147,51136284.0,yy,-8.3454216e+07,-8.34504e+07,329.4861
1148,51136284.0,yz,-95558.62,-8.34504e+07,329.4861
1149,51136284.0,zx,-92176.88,-8.34504e+07,329.4861
1150,51136284.0,zy,-95558.62,-8.34504e+07,329.4861
1151,51136284.0,zz,-9.355149e+07,-8.34504e+07,329.4861
1152,51636284.0,xx,-8.3451496e+07,-8.34504e+07,329.4861
1153,51636284.0,xy,-3.001885e-10,-8.34504e+07,329.4861
1154,51636284.0,xz,-92176.88,-8.34504e+07,329.4861
1155,51636284.0,yx,-3.001885e-10,-8.34504e+07,329.4861
1156,51636284.0,yy,-8.3454216e+07,-8.34504e+07,329.4861
1157,51636284.0,yz,-95558.62,-8.34504e+07,329.4861
1158,51636284.0,zx,-92176.88,-8.34504e+07,329.4861
1159,51636284.0,zy,-95558.62,-8.34504e+07,329.4861
1160,51636284.0,zz,-9.355149e+07,-8.34504e+07,329.4861
1161,52136284.0,xx,-8.331575e+07,-8.331464e+07,329.35034
1162,52136284.0,xy,-2.9986233e-10,-8.331464e+07,329.35034
1163,52136284.0,xz,-91194.14,-8.331464e+07,329.35034
1164,52136284.0,yx,-2.9986233e-10,-8.331464e+07,329.35034
1165,52136284.0,yy,-8.331789e+07,-8.331464e+07,329.35034
1166,52136284.0,yz,-94535.43,-8.331464e+07,329.35034
1167,52136284.0,zx,-91194.14,-8.331464e+07,329.35034
1168,52136284.0,zy,-94535.43,-8.331464e+07,329.35034
1169,52136284.0,zz,-9.354194e+07,-8.331464e+07,329.35034
1170,52636284.0,xx,-8.331575e+07,-8.331464e+07,329.35034
1171,52636284.0,xy,-2.9986233e-10,-8.331464e+07,329.35034
1172,52636284.0,xz,-91194.14,-8.331464e+07,329.35034
1173,52636284.0,yx,-2.9986233e-10,-8.331464e+07,329.35034
1174,52636284.0,yy,-8.331789e+07,-8.331464e+07,329.35034
1175,52636284.0,yz,-94535.43,-8.331464e+07,329.35034
1176,52636284.0,zx,-91194.14,-8.331464e+07,329.35034
1177,52636284.0,zy,-94535.43,-8.331464e+07,329.35034
1178,52636284.0,zz,-9.354194e+07,-8.331464e+07,329.35034
1179,53136284.0,xx,-8.318276e+07,-8.318158e+07,329.2172
1180,53136284.0,xy,-2.9952962e-10,-8.318158e+07,329.2172
1181,53136284.0,xz,-90237.63,-8.318158e+07,329.2172
1182,53136284.0,yx,-2.9952962e-10,-8.318158e+07,329.2172
1183,53136284.0,yy,-8.318412e+07,-8.318158e+07,329.2172
1184,53136284.0,yz,-93540.07,-8.318158e+07,329.2172
1185,53136284.0,zx,-90237.63,-8.318158e+07,329.2172
1186,53136284.0,zy,-93540.07,-8.318158e+07,329.2172
1187,53136284.0,zz,-9.353254e+07,-8.318158e+07,329.2172
1188,53636284.0,xx,-8.318276e+07,-8.318158e+07,329.2172
1189,53636284.0,xy,-2.9952962e-10,-8.318158e+07,329.2172
1190,53636284.0,xz,-90237.63,-8.318158e+07,329.2172
1191,53636284.0,yx,-2.9952962e-10,-8.318158e+07,329.2172
1192,53636284.0,yy,-8.318412e+07,-8.318158e+07,329.2172
1193,53636284.0,yz,-93540.07,-8.318158e+07,329.2172
1194,53636284.0,zx,-90237.63,-8.318158e+07,329.2172
1195,53636284.0,zy,-93540.07,-8.318158e+07,329.2172
1196,53636284.0,zz,-9.353254e+07,-8.318158e+07,329.2172
1197,54136284.0,xx,-8.30519e+07,-8.305072e+07,329.08652
1198,54136284.0,xy,-2.992287e-10,-8.305072e+07,329.08652
1199,54136284.0,xz,-89305.734,-8.305072e+07,329.08652
1200,54136284.0,yx,-2.992287e-10,-8.305072e+07,329.08652
1201,54136284.0,yy,-8.3053016e+07,-8.305072e+07,329.08652
1202,54136284.0,yz,-92570.23,-8.305072e+07,329.08652
1203,54136284.0,zx,-89305.734,-8.305072e+07,329.08652
1204,54136284.0,zy,-92570.23,-8.305072e+07,329.08652
1205,54136284.0,zz,-9.352358e+07,-8.305072e+07,329.08652
1206,54636284.0,xx,-8.30519e+07,-8.305072e+07,329.08652
1207,54636284.0,xy,-2.992287e-10,-8.305072e+07,329.08652
1208,54636284.0,xz,-89305.734,-8.305072e+07,329.08652
1209,54636284.0,yx,-2.992287e-10,-8.305072e+07,329.08652
1210,54636284.0,yy,-8.3053016e+07,-8.305072e+07,329.08652
1211,54636284.0,yz,-92570.23,-8.305072e+07,329.08652
1212,54636284.0,zx,-89305.734,-8.305072e+07,329.08652
1213,54636284.0,zy,-92570.23,-8.305072e+07,329.08652
1214,54636284.0,zz,-9.352358e+07,-8.305072e+07,329.08652
1215,55136284.0,xx,-8.292353e+07,-8.292239e+07,328.95837
1216,55136284.0,xy,-2.9898675e-10,-8.292239e+07,328.95837
1217,55136284.0,xz,-88399.15,-8.292239e+07,328.95837
1218,55136284.0,yx,-2.9898675e-10,-8.292239e+07,328.95837
1219,55136284.0,yy,-8.292465e+07,-8.292239e+07,328.95837
1220,55136284.0,yz,-91627.38,-8.292239e+07,328.95837
1221,55136284.0,zx,-88399.15,-8.292239e+07,328.95837
1222,55136284.0,zy,-91627.38,-8.292239e+07,328.95837
1223,55136284.0,zz,-9.351433e+07,-8.292239e+07,328.95837
1224,55636284.0,xx,-8.292353e+07,-8.292239e+07,328.95837
1225,55636284.0,xy,-2.9898675e-10,-8.292239e+07,328.95837
1226,55636284.0,xz,-88399.15,-8.292239e+07,328.95837
1227,55636284.0,yx,-2.9898675e-10,-8.292239e+07,328.95837
1228,55636284.0,yy,-8.292465e+07,-8.292239e+07,328.95837
1229,55636284.0,yz,-91627.38,-8.292239e+07,328.95837
1230,55636284.0,zx,-88399.15,-8.292239e+07,328.95837
1231,55636284.0,zy,-91627.38,-8.292239e+07,328.95837
1232,55636284.0,zz,-9.351433e+07,-8.292239e+07,328.95837
1233,56136284.0,xx,-8.27975e+07,-8.279639e+07,328.83252
1234,56136284.0,xy,-2.9875563e-10,-8.279639e+07,328.83252
1235,56136284.0,xz,-87514.945,-8.279639e+07,328.83252
1236,56136284.0,yx,-2.9875563e-10,-8.279639e+07,328.83252
1237,56136284.0,yy,-8.279855e+07,-8.279639e+07,328.83252
1238,56136284.0,yz,-90707.12,-8.279639e+07,328.83252
1239,56136284.0,zx,-87514.945,-8.279639e+07,328.83252
1240,56136284.0,zy,-90707.12,-8.279639e+07,328.83252
1241,56136284.0,zz,-9.350496e+07,-8.279639e+07,328.83252
1242,56636284.0,xx,-8.27975e+07,-8.279639e+07,328.83252
1243,56636284.0,xy,-2.9875563e-10,-8.279639e+07,328.83252
1244,56636284.0,xz,-87514.945,-8.279639e+07,328.83252
1245,56636284.0,yx,-2.9875563e-10,-8.279639e+07,328.83252
1246,56636284.0,yy,-8.279855e+07,-8.279639e+07,328.83252
1247,56636284.0,yz,-90707.12,-8.279639e+07,328.83252
1248,56636284.0,zx,-87514.945,-8.279639e+07,328.83252
1249,56636284.0,zy,-90707.12,-8.279639e+07,328.83252
1250,56636284.0,zz,-9.350496e+07,-8.279639e+07,328.83252
1251,57136284.0,xx,-8.26736e+07,-8.267257e+07,328.70895
1252,57136284.0,xy,-2.9852276e-10,-8.267257e+07,328.70895
1253,57136284.0,xz,-86652.58,-8.267257e+07,328.70895
1254,57136284.0,yx,-2.9852276e-10,-8.267257e+07,328.70895
1255,57136284.0,yy,-8.2674856e+07,-8.267257e+07,328.70895
1256,57136284.0,yz,-89810.33,-8.267257e+07,328.70895
1257,57136284.0,zx,-86652.58,-8.267257e+07,328.70895
1258,57136284.0,zy,-89810.33,-8.267257e+07,328.70895
1259,57136284.0,zz,-9.349636e+07,-8.267257e+07,328.70895
1260,57636284.0,xx,-8.26736e+07,-8.267257e+07,328.70895
1261,57636284.0,xy,-2.9852276e-10,-8.267257e+07,328.70895
1262,57636284.0,xz,-86652.58,-8.267257e+07,328.70895
1263,57636284.0,yx,-2.9852276e-10,-8.267257e+07,328.70895
1264,57636284.0,yy,-8.2674856e+07,-8.267257e+07,328.70895
1265,57636284.0,yz,-89810.33,-8.267257e+07,328.70895
1266,57636284.0,zx,-86652.58,-8.267257e+07,328.70895
1267,57636284.0,zy,-89810.33,-8.267257e+07,328.70895
1268,57636284.0,zz,-9.349636e+07,-8.267257e+07,328.70895
1269,58136284.0,xx,-8.2552056e+07,-8.255108e+07,328.58762
1270,58136284.0,xy,-2.982996e-10,-8.255108e+07,328.58762
1271,58136284.0,xz,-85813.24,-8.255108e+07,328.58762
1272,58136284.0,yx,-2.982996e-10,-8.255108e+07,328.58762
1273,58136284.0,yy,-8.25534e+07,-8.255108e+07,328.58762
1274,58136284.0,yz,-88936.48,-8.255108e+07,328.58762
1275,58136284.0,zx,-85813.24,-8.255108e+07,328.58762
1276,58136284.0,zy,-88936.48,-8.255108e+07,328.58762
1277,58136284.0,zz,-9.348779e+07,-8.255108e+07,328.58762
1278,58636284.0,xx,-8.2552056e+07,-8.255108e+07,328.58762
1279,58636284.0,xy,-2.982996e-10,-8.255108e+07,328.58762
1280,58636284.0,xz,-85813.24,-8.255108e+07,328.58762
1281,58636284.0,yx,-2.982996e-10,-8.255108e+07,328.58762
1282,58636284.0,yy,-8.25534e+07,-8.255108e+07,328.58762
1283,58636284.0,yz,-88936.48,-8.255108e+07,328.58762
1284,58636284.0,zx,-85813.24,-8.255108e+07,328.58762
1285,58636284.0,zy,-88936.48,-8.255108e+07,328.58762
1286,58636284.0,zz,-9.348779e+07,-8.255108e+07,328.58762
1287,59136284.0,xx,-8.243259e+07,-8.243168e+07,328.46835
1288,59136284.0,xy,-2.9808034e-10,-8.243168e+07,328.46835
1289,59136284.0,xz,-84992.2,-8.243168e+07,328.46835
1290,59136284.0,yx,-2.9808034e-10,-8.243168e+07,328.46835
1291,59136284.0,yy,-8.2434136e+07,-8.243168e+07,328.46835
1292,59136284.0,yz,-88082.164,-8.243168e+07,328.46835
1293,59136284.0,zx,-84992.2,-8.243168e+07,328.46835
1294,59136284.0,zy,-88082.164,-8.243168e+07,328.46835
1295,59136284.0,zz,-9.3479624e+07,-8.243168e+07,328.46835
1296,59636284.0,xx,-8.243259e+07,-8.243168e+07,328.46835
1297,59636284.0,xy,-2.9808034e-10,-8.243168e+07,328.46835
1298,59636284.0,xz,-84992.2,-8.243168e+07,328.46835
1299,59636284.0,yx,-2.9808034e-10,-8.243168e+07,328.46835
1300,59636284.0,yy,-8.2434136e+07,-8.243168e+07,328.46835
1301,59636284.0,yz,-88082.164,-8.243168e+07,328.46835
1302,59636284.0,zx,-84992.2,-8.243168e+07,328.46835
1303,59636284.0,zy,-88082.164,-8.243168e+07,328.46835
1304,59636284.0,zz,-9.3479624e+07,-8.243168e+07,328.46835
1305,60136284.0,xx,-8.2315224e+07,-8.2314344e+07,328.3512
1306,60136284.0,xy,-2.9781375e-10,-8.2314344e+07,328.3512
1307,60136284.0,xz,-84192.64,-8.2314344e+07,328.3512
1308,60136284.0,yx,-2.9781375e-10,-8.2314344e+07,328.3512
1309,60136284.0,yy,-8.231678e+07,-8.2314344e+07,328.3512
1310,60136284.0,yz,-87249.89,-8.2314344e+07,328.3512
1311,60136284.0,zx,-84192.64,-8.2314344e+07,328.3512
1312,60136284.0,zy,-87249.89,-8.2314344e+07,328.3512
1313,60136284.0,zz,-9.347226e+07,-8.2314344e+07,328.3512
1314,60636284.0,xx,-8.2315224e+07,-8.2314344e+07,328.3512
1315,60636284.0,xy,-2.9781375e-10,-8.2314344e+07,328.3512
1316,60636284.0,xz,-84192.64,-8.2314344e+07,328.3512
1317,60636284.0,yx,-2.9781375e-10,-8.2314344e+07,328.3512
1318,60636284.0,yy,-8.231678e+07,-8.2314344e+07,328.3512
1319,60636284.0,yz,-87249.89,-8.2314344e+07,328.3512
1320,60636284.0,zx,-84192.64,-8.2314344e+07,328.3512
1321,60636284.0,zy,-87249.89,-8.2314344e+07,328.3512
1322,60636284.0,zz,-9.347226e+07,-8.2314344e+07,328.3512
1323,61136284.0,xx,-8.2200296e+07,-8.219935e+07,328.23615
1324,61136284.0,xy,-2.9752759e-10,-8.219935e+07,328.23615
1325,61136284.0,xz,-83411.67,-8.219935e+07,328.23615
1326,61136284.0,yx,-2.9752759e-10,-8.219935e+07,328.23615
1327,61136284.0,yy,-8.220128e+07,-8.219935e+07,328.23615
1328,61136284.0,yz,-86436.734,-8.219935e+07,328.23615
1329,61136284.0,zx,-83411.67,-8.219935e+07,328.23615
1330,61136284.0,zy,-86436.734,-8.219935e+07,328.23615
1331,61136284.0,zz,-9.3464344e+07,-8.219935e+07,328.23615
1332,61636284.0,xx,-8.2200296e+07,-8.219935e+07,328.23615
1333,61636284.0,xy,-2.9752759e-10,-8.219935e+07,328.23615
1334,61636284.0,xz,-83411.67,-8.219935e+07,328.23615
1335,61636284.0,yx,-2.9752759e-10,-8.219935e+07,328.23615
1336,61636284.0,yy,-8.220128e+07,-8.219935e+07,328.23615
1337,61636284.0,yz,-86436.734,-8.219935e+07,328.23615
1338,61636284.0,zx,-83411.67,-8.219935e+07,328.23615
1339,61636284.0,zy,-86436.734,-8.219935e+07,328.23615
1340,61636284.0,zz,-9.3464344e+07,-8.219935e+07,328.23615
1341,62136284.0,xx,-8.208693e+07,-8.208607e+07,328.12302
1342,62136284.0,xy,-2.973469e-10,-8.208607e+07,328.12302
1343,62136284.0,xz,-82649.33,-8.208607e+07,328.12302
1344,62136284.0,yx,-2.973469e-10,-8.208607e+07,328.12302
1345,62136284.0,yy,-8.2088216e+07,-8.208607e+07,328.12302
1346,62136284.0,yz,-85644.87,-8.208607e+07,328.12302
1347,62136284.0,zx,-82649.33,-8.208607e+07,328.12302
1348,62136284.0,zy,-85644.87,-8.208607e+07,328.12302
1349,62136284.0,zz,-9.3456296e+07,-8.208607e+07,328.12302
1350,62636284.0,xx,-8.208693e+07,-8.208607e+07,328.12302
1351,62636284.0,xy,-2.973469e-10,-8.208607e+07,328.12302
1352,62636284.0,xz,-82649.33,-8.208607e+07,328.12302
1353,62636284.0,yx,-2.973469e-10,-8.208607e+07,328.12302
1354,62636284.0,yy,-8.2088216e+07,-8.208607e+07,328.12302
1355,62636284.0,yz,-85644.87,-8.208607e+07,328.12302
1356,62636284.0,zx,-82649.33,-8.208607e+07,328.12302
1357,62636284.0,zy,-85644.87,-8.208607e+07,328.12302
1358,62636284.0,zz,-9.3456296e+07,-8.208607e+07,328.12302
1359,63136284.0,xx,-8.197558e+07,-8.197477e+07,328.01187
1360,63136284.0,xy,-2.9712172e-10,-8.197477e+07,328.01187
1361,63136284.0,xz,-81905.29,-8.197477e+07,328.01187
1362,63136284.0,yx,-2.9712172e-10,-8.197477e+07,328.01187
1363,63136284.0,yy,-8.1977e+07,-8.197477e+07,328.01187
1364,63136284.0,yz,-84870.72,-8.197477e+07,328.01187
1365,63136284.0,zx,-81905.29,-8.197477e+07,328.01187
1366,63136284.0,zy,-84870.72,-8.197477e+07,328.01187
1367,63136284.0,zz,-9.3448984e+07,-8.197477e+07,328.01187
1368,63636284.0,xx,-8.197558e+07,-8.197477e+07,328.01187
1369,63636284.0,xy,-2.9712172e-10,-8.197477e+07,328.01187
1370,63636284.0,xz,-81905.29,-8.197477e+07,328.01187
1371,63636284.0,yx,-2.9712172e-10,-8.197477e+07,328.01187
1372,63636284.0,yy,-8.1977e+07,-8.197477e+07,328.01187
1373,63636284.0,yz,-84870.72,-8.197477e+07,328.01187
1374,63636284.0,zx,-81905.29,-8.197477e+07,328.01187
1375,63636284.0,zy,-84870.72,-8.197477e+07,328.01187
1376,63636284.0,zz,-9.3448984e+07,-8.197477e+07,328.01187
1377,64136284.0,xx,-8.186591e+07,-8.186512e+07,327.9024
1378,64136284.0,xy,-2.9686434e-10,-8.186512e+07,327.9024
1379,64136284.0,xz,-81177.42,-8.186512e+07,327.9024
1380,64136284.0,yx,-2.9686434e-10,-8.186512e+07,327.9024
1381,64136284.0,yy,-8.1867304e+07,-8.186512e+07,327.9024
1382,64136284.0,yz,-84113.27,-8.186512e+07,327.9024
1383,64136284.0,zx,-81177.42,-8.186512e+07,327.9024
1384,64136284.0,zy,-84113.27,-8.186512e+07,327.9024
1385,64136284.0,zz,-9.3442104e+07,-8.186512e+07,327.9024
1386,64636284.0,xx,-8.186591e+07,-8.186512e+07,327.9024
1387,64636284.0,xy,-2.9686434e-10,-8.186512e+07,327.9024
1388,64636284.0,xz,-81177.42,-8.186512e+07,327.9024
1389,64636284.0,yx,-2.9686434e-10,-8.186512e+07,327.9024
1390,64636284.0,yy,-8.1867304e+07,-8.186512e+07,327.9024
1391,64636284.0,yz,-84113.27,-8.186512e+07,327.9024
1392,64636284.0,zx,-81177.42,-8.186512e+07,327.9024
1393,64636284.0,zy,-84113.27,-8.186512e+07,327.9024
1394,64636284.0,zz,-9.3442104e+07,-8.186512e+07,327.9024
1395,65136284.0,xx,-8.17579e+07,-8.175719e+07,327.79495
1396,65136284.0,xy,-2.9666894e-10,-8.175719e+07,327.79495
1397,65136284.0,xz,-80467.47,-8.175719e+07,327.79495
1398,65136284.0,yx,-2.9666894e-10,-8.175719e+07,327.79495
1399,65136284.0,yy,-8.175991e+07,-8.175719e+07,327.79495
1400,65136284.0,yz,-83374.61,-8.175719e+07,327.79495
1401,65136284.0,zx,-80467.47,-8.175719e+07,327.79495
1402,65136284.0,zy,-83374.61,-8.175719e+07,327.79495
1403,65136284.0,zz,-9.343532e+07,-8.175719e+07,327.79495
1404,65636284.0,xx,-8.17579e+07,-8.175719e+07,327.79495
1405,65636284.0,xy,-2.9666894e-10,-8.175719e+07,327.79495
1406,65636284.0,xz,-80467.47,-8.175719e+07,327.79495
1407,65636284.0,yx,-2.9666894e-10,-8.175719e+07,327.79495
1408,65636284.0,yy,-8.175991e+07,-8.175719e+07,327.79495
1409,65636284.0,yz,-83374.61,-8.175719e+07,327.79495
1410,65636284.0,zx,-80467.47,-8.175719e+07,327.79495
1411,65636284.0,zy,-83374.61,-8.175719e+07,327.79495
1412,65636284.0,zz,-9.343532e+07,-8.175719e+07,327.79495
1413,66136284.0,xx,-8.16521e+07,-8.165139e+07,327.68912
1414,66136284.0,xy,-2.964422e-10,-8.165139e+07,327.68912
1415,66136284.0,xz,-79772.87,-8.165139e+07,327.68912
1416,66136284.0,yx,-2.964422e-10,-8.165139e+07,327.68912
1417,66136284.0,yy,-8.165388e+07,-8.165139e+07,327.68912
1418,66136284.0,yz,-82651.17,-8.165139e+07,327.68912
1419,66136284.0,zx,-79772.87,-8.165139e+07,327.68912
1420,66136284.0,zy,-82651.17,-8.165139e+07,327.68912
1421,66136284.0,zz,-9.342807e+07,-8.165139e+07,327.68912
1422,66636284.0,xx,-8.16521e+07,-8.165139e+07,327.68912
1423,66636284.0,xy,-2.964422e-10,-8.165139e+07,327.68912
1424,66636284.0,xz,-79772.87,-8.165139e+07,327.68912
1425,66636284.0,yx,-2.964422e-10,-8.165139e+07,327.68912
1426,66636284.0,yy,-8.165388e+07,-8.165139e+07,327.68912
1427,66636284.0,yz,-82651.17,-8.165139e+07,327.68912
1428,66636284.0,zx,-79772.87,-8.165139e+07,327.68912
1429,66636284.0,zy,-82651.17,-8.165139e+07,327.68912
1430,66636284.0,zz,-9.342807e+07,-8.165139e+07,327.68912
1431,67136280.0,xx,-8.154775e+07,-8.154709e+07,327.58508
1432,67136280.0,xy,-2.9625277e-10,-8.154709e+07,327.58508
1433,67136280.0,xz,-79094.96,-8.154709e+07,327.58508
1434,67136280.0,yx,-2.9625277e-10,-8.154709e+07,327.58508
1435,67136280.0,yy,-8.154976e+07,-8.154709e+07,327.58508
1436,67136280.0,yz,-81945.52,-8.154709e+07,327.58508
1437,67136280.0,zx,-79094.96,-8.154709e+07,327.58508
1438,67136280.0,zy,-81945.52,-8.154709e+07,327.58508
1439,67136280.0,zz,-9.342084e+07,-8.154709e+07,327.58508
1440,67636280.0,xx,-8.154775e+07,-8.154709e+07,327.58508
1441,67636280.0,xy,-2.9625277e-10,-8.154709e+07,327.58508
1442,67636280.0,xz,-79094.96,-8.154709e+07,327.58508
1443,67636280.0,yx,-2.9625277e-10,-8.154709e+07,327.58508
1444,67636280.0,yy,-8.154976e+07,-8.154709e+07,327.58508
1445,67636280.0,yz,-81945.52,-8.154709e+07,327.58508
1446,67636280.0,zx,-79094.96,-8.154709e+07,327.58508
1447,67636280.0,zy,-81945.52,-8.154709e+07,327.58508
1448,67636280.0,zz,-9.342084e+07,-8.154709e+07,327.58508
1449,68136280.0,xx,-8.144506e+07,-8.1444424e+07,327.48264
1450,68136280.0,xy,-2.9604927e-10,-8.1444424e+07,327.48264
1451,68136280.0,xz,-78431.234,-8.1444424e+07,327.48264
1452,68136280.0,yx,-2.9604927e-10,-8.1444424e+07,327.48264
1453,68136280.0,yy,-8.144734e+07,-8.1444424e+07,327.48264
1454,68136280.0,yz,-81254.266,-8.1444424e+07,327.48264
1455,68136280.0,zx,-78431.234,-8.1444424e+07,327.48264
1456,68136280.0,zy,-81254.266,-8.1444424e+07,327.48264
1457,68136280.0,zz,-9.341444e+07,-8.1444424e+07,327.48264
1458,68636280.0,xx,-8.144506e+07,-8.1444424e+07,327.48264
1459,68636280.0,xy,-2.9604927e-10,-8.1444424e+07,327.48264
1460,68636280.0,xz,-78431.234,-8.1444424e+07,327.48264
1461,68636280.0,yx,-2.9604927e-10,-8.1444424e+07,327.48264
1462,68636280.0,yy,-8.144734e+07,-8.1444424e+07,327.48264
1463,68636280.0,yz,-81254.266,-8.1444424e+07,327.48264
1464,68636280.0,zx,-78431.234,-8.1444424e+07,327.48264
1465,68636280.0,zy,-81254.266,-8.1444424e+07,327.48264
1466,68636280.0,zz,-9.341444e+07,-8.1444424e+07,327.48264
1467,69136280.0,xx,-8.134431e+07,-8.134368e+07,327.38187
1468,69136280.0,xy,-2.9580985e-10,-8.134368e+07,327.38187
1469,69136280.0,xz,-77782.22,-8.134368e+07,327.38187
1470,69136280.0,yx,-2.9580985e-10,-8.134368e+07,327.38187
1471,69136280.0,yy,-8.134627e+07,-8.134368e+07,327.38187
1472,69136280.0,yz,-80578.13,-8.134368e+07,327.38187
1473,69136280.0,zx,-77782.22,-8.134368e+07,327.38187
1474,69136280.0,zy,-80578.13,-8.134368e+07,327.38187
1475,69136280.0,zz,-9.340765e+07,-8.134368e+07,327.38187
1476,69636280.0,xx,-8.134431e+07,-8.134368e+07,327.38187
1477,69636280.0,xy,-2.9580985e-10,-8.134368e+07,327.38187
1478,69636280.0,xz,-77782.22,-8.134368e+07,327.38187
1479,69636280.0,yx,-2.9580985e-10,-8.134368e+07,327.38187
1480,69636280.0,yy,-8.134627e+07,-8.134368e+07,327.38187
1481,69636280.0,yz,-80578.13,-8.134368e+07,327.38187
1482,69636280.0,zx,-77782.22,-8.134368e+07,327.38187
1483,69636280.0,zy,-80578.13,-8.134368e+07,327.38187
1484,69636280.0,zz,-9.340765e+07,-8.134368e+07,327.38187
1485,70136280.0,xx,-8.1245144e+07,-8.124448e+07,327.28262
1486,70136280.0,xy,-2.9554048e-10,-8.124448e+07,327.28262
1487,70136280.0,xz,-77147.15,-8.124448e+07,327.28262
1488,70136280.0,yx,-2.9554048e-10,-8.124448e+07,327.28262
1489,70136280.0,yy,-8.124647e+07,-8.124448e+07,327.28262
1490,70136280.0,yz,-79915.85,-8.124448e+07,327.28262
1491,70136280.0,zx,-77147.15,-8.124448e+07,327.28262
1492,70136280.0,zy,-79915.85,-8.124448e+07,327.28262
1493,70136280.0,zz,-9.340088e+07,-8.124448e+07,327.28262
1494,70636280.0,xx,-8.1245144e+07,-8.124448e+07,327.28262
1495,70636280.0,xy,-2.9554048e-10,-8.124448e+07,327.28262
1496,70636280.0,xz,-77147.15,-8.124448e+07,327.28262
1497,70636280.0,yx,-2.9554048e-10,-8.124448e+07,327.28262
1498,70636280.0,yy,-8.124647e+07,-8.124448e+07,327.28262
1499,70636280.0,yz,-79915.85,-8.124448e+07,327.28262
1500,70636280.0,zx,-77147.15,-8.124448e+07,327.28262
1501,70636280.0,zy,-79915.85,-8.124448e+07,327.28262
1502,70636280.0,zz,-9.340088e+07,-8.124448e+07,327.28262
1503,71136280.0,xx,-8.114695e+07,-8.1146344e+07,327.1849
1504,71136280.0,xy,-2.953677e-10,-8.1146344e+07,327.1849
1505,71136280.0,xz,-76525.14,-8.1146344e+07,327.1849
1506,71136280.0,yx,-2.953677e-10,-8.1146344e+07,327.1849
1507,71136280.0,yy,-8.114875e+07,-8.1146344e+07,327.1849
1508,71136280.0,yz,-79267.73,-8.1146344e+07,327.1849
1509,71136280.0,zx,-76525.14,-8.1146344e+07,327.1849
1510,71136280.0,zy,-79267.73,-8.1146344e+07,327.1849
1511,71136280.0,zz,-9.339448e+07,-8.1146344e+07,327.1849
1512,71636280.0,xx,-8.114695e+07,-8.1146344e+07,327.1849
1513,71636280.0,xy,-2.953677e-10,-8.1146344e+07,327.1849
1514,71636280.0,xz,-76525.14,-8.1146344e+07,327.1849
1515,71636280.0,yx,-2.953677e-10,-8.1146344e+07,327.1849
1516,71636280.0,yy,-8.114875e+07,-8.1146344e+07,327.1849
1517,71636280.0,yz,-79267.73,-8.1146344e+07,327.1849
1518,71636280.0,zx,-76525.14,-8.1146344e+07,327.1849
1519,71636280.0,zy,-79267.73,-8.1146344e+07,327.1849
1520,71636280.0,zz,-9.339448e+07,-8.1146344e+07,327.1849
1521,72136280.0,xx,-8.1050696e+07,-8.105006e+07,327.08875
1522,72136280.0,xy,-2.9507605e-10,-8.105006e+07,327.08875
1523,72136280.0,xz,-75917.31,-8.105006e+07,327.08875
1524,72136280.0,yx,-2.9507605e-10,-8.105006e+07,327.08875
1525,72136280.0,yy,-8.1051976e+07,-8.105006e+07,327.08875
1526,72136280.0,yz,-78633.54,-8.105006e+07,327.08875
1527,72136280.0,zx,-75917.31,-8.105006e+07,327.08875
1528,72136280.0,zy,-78633.54,-8.105006e+07,327.08875
1529,72136280.0,zz,-9.338852e+07,-8.105006e+07,327.08875
1530,72636280.0,xx,-8.1050696e+07,-8.105006e+07,327.08875
1531,72636280.0,xy,-2.9507605e-10,-8.105006e+07,327.08875
1532,72636280.0,xz,-75917.31,-8.105006e+07,327.08875
1533,72636280.0,yx,-2.9507605e-10,-8.105006e+07,327.08875
1534,72636280.0,yy,-8.1051976e+07,-8.105006e+07,327.08875
1535,72636280.0,yz,-78633.54,-8.105006e+07,327.08875
1536,72636280.0,zx,-75917.31,-8.105006e+07,327.08875
1537,72636280.0,zy,-78633.54,-8.105006e+07,327.08875
1538,72636280.0,zz,-9.338852e+07,-8.105006e+07,327.08875
1539,73136280.0,xx,-8.095549e+07,-8.095492e+07,326.99402
1540,73136280.0,xy,-2.9492106e-10,-8.095492e+07,326.99402
1541,73136280.0,xz,-75320.78,-8.095492e+07,326.99402
1542,73136280.0,yx,-2.9492106e-10,-8.095492e+07,326.99402
1543,73136280.0,yy,-8.09573e+07,-8.095492e+07,326.99402
1544,73136280.0,yz,-78012.53,-8.095492e+07,326.99402
1545,73136280.0,zx,-75320.78,-8.095492e+07,326.99402
1546,73136280.0,zy,-78012.53,-8.095492e+07,326.99402
1547,73136280.0,zz,-9.338219e+07,-8.095492e+07,326.99402
1548,73636280.0,xx,-8.095549e+07,-8.095492e+07,326.99402
1549,73636280.0,xy,-2.9492106e-10,-8.095492e+07,326.99402
1550,73636280.0,xz,-75320.78,-8.095492e+07,326.99402
1551,73636280.0,yx,-2.9492106e-10,-8.095492e+07,326.99402
1552,73636280.0,yy,-8.09573e+07,-8.095492e+07,326.99402
1553,73636280.0,yz,-78012.53,-8.095492e+07,326.99402
1554,73636280.0,zx,-75320.78,-8.095492e+07,326.99402
1555,73636280.0,zy,-78012.53,-8.095492e+07,326.99402
1556,73636280.0,zz,-9.338219e+07,-8.095492e+07,326.99402
1557,74136280.0,xx,-8.086187e+07,-8.0861304e+07,326.90076
1558,74136280.0,xy,-2.946715e-10,-8.0861304e+07,326.90076
1559,74136280.0,xz,-74736.81,-8.0861304e+07,326.90076
1560,74136280.0,yx,-2.946715e-10,-8.0861304e+07,326.90076
1561,74136280.0,yy,-8.086363e+07,-8.0861304e+07,326.90076
1562,74136280.0,yz,-77403.34,-8.0861304e+07,326.90076
1563,74136280.0,zx,-74736.81,-8.0861304e+07,326.90076
1564,74136280.0,zy,-77403.34,-8.0861304e+07,326.90076
1565,74136280.0,zz,-9.3376536e+07,-8.0861304e+07,326.90076
1566,74636280.0,xx,-8.086187e+07,-8.0861304e+07,326.90076
1567,74636280.0,xy,-2.946715e-10,-8.0861304e+07,326.90076
1568,74636280.0,xz,-74736.81,-8.0861304e+07,326.90076
1569,74636280.0,yx,-2.946715e-10,-8.0861304e+07,326.90076
1570,74636280.0,yy,-8.086363e+07,-8.0861304e+07,326.90076
1571,74636280.0,yz,-77403.34,-8.0861304e+07,326.90076
1572,74636280.0,zx,-74736.81,-8.0861304e+07,326.90076
1573,74636280.0,zy,-77403.34,-8.0861304e+07,326.90076
1574,74636280.0,zz,-9.3376536e+07,-8.0861304e+07,326.90076
1575,75136280.0,xx,-8.076956e+07,-8.0769016e+07,326.80884
1576,75136280.0,xy,-2.9441827e-10,-8.0769016e+07,326.80884
1577,75136280.0,xz,-74165.6,-8.0769016e+07,326.80884
1578,75136280.0,yx,-2.9441827e-10,-8.0769016e+07,326.80884
1579,75136280.0,yy,-8.077134e+07,-8.0769016e+07,326.80884
1580,75136280.0,yz,-76807.75,-8.0769016e+07,326.80884
1581,75136280.0,zx,-74165.6,-8.0769016e+07,326.80884
1582,75136280.0,zy,-76807.75,-8.0769016e+07,326.80884
1583,75136280.0,zz,-9.3371384e+07,-8.0769016e+07,326.80884
1584,75636280.0,xx,-8.076956e+07,-8.0769016e+07,326.80884
1585,75636280.0,xy,-2.9441827e-10,-8.0769016e+07,326.80884
1586,75636280.0,xz,-74165.6,-8.0769016e+07,326.80884
1587,75636280.0,yx,-2.9441827e-10,-8.0769016e+07,326.80884
1588,75636280.0,yy,-8.077134e+07,-8.0769016e+07,326.80884
1589,75636280.0,yz,-76807.75,-8.0769016e+07,326.80884
1590,75636280.0,zx,-74165.6,-8.0769016e+07,326.80884
1591,75636280.0,zy,-76807.75,-8.0769016e+07,326.80884
1592,75636280.0,zz,-9.3371384e+07,-8.0769016e+07,326.80884
1593,76136280.0,xx,-8.067881e+07,-8.067826e+07,326.71817
1594,76136280.0,xy,-2.9418046e-10,-8.067826e+07,326.71817
1595,76136280.0,xz,-73605.234,-8.067826e+07,326.71817
1596,76136280.0,yx,-2.9418046e-10,-8.067826e+07,326.71817
1597,76136280.0,yy,-8.0680376e+07,-8.067826e+07,326.71817
1598,76136280.0,yz,-76224.07,-8.067826e+07,326.71817
1599,76136280.0,zx,-73605.234,-8.067826e+07,326.71817
1600,76136280.0,zy,-76224.07,-8.067826e+07,326.71817
1601,76136280.0,zz,-9.3365816e+07,-8.067826e+07,326.71817
1602,76636280.0,xx,-8.067881e+07,-8.067826e+07,326.71817
1603,76636280.0,xy,-2.9418046e-10,-8.067826e+07,326.71817
1604,76636280.0,xz,-73605.234,-8.067826e+07,326.71817
1605,76636280.0,yx,-2.9418046e-10,-8.067826e+07,326.71817
1606,76636280.0,yy,-8.0680376e+07,-8.067826e+07,326.71817
1607,76636280.0,yz,-76224.07,-8.067826e+07,326.71817
1608,76636280.0,zx,-73605.234,-8.067826e+07,326.71817
1609,76636280.0,zy,-76224.07,-8.067826e+07,326.71817
1610,76636280.0,zz,-9.3365816e+07,-8.067826e+07,326.71817
1611,77136280.0,xx,-8.0589496e+07,-8.058893e+07,326.62894
1612,77136280.0,xy,-2.9392963e-10,-8.058893e+07,326.62894
1613,77136280.0,xz,-73056.305,-8.058893e+07,326.62894
1614,77136280.0,yx,-2.9392963e-10,-8.058893e+07,326.62894
1615,77136280.0,yy,-8.0590584e+07,-8.058893e+07,326.62894
1616,77136280.0,yz,-75651.93,-8.058893e+07,326.62894
1617,77136280.0,zx,-73056.305,-8.058893e+07,326.62894
1618,77136280.0,zy,-75651.93,-8.058893e+07,326.62894
1619,77136280.0,zz,-9.3359896e+07,-8.058893e+07,326.62894
1620,77636280.0,xx,-8.0589496e+07,-8.058893e+07,326.62894
1621,77636280.0,xy,-2.9392963e-10,-8.058893e+07,326.62894
1622,77636280.0,xz,-73056.305,-8.058893e+07,326.62894
1623,77636280.0,yx,-2.9392963e-10,-8.058893e+07,326.62894
1624,77636280.0,yy,-8.0590584e+07,-8.058893e+07,326.62894
1625,77636280.0,yz,-75651.93,-8.058893e+07,326.62894
1626,77636280.0,zx,-73056.305,-8.058893e+07,326.62894
1627,77636280.0,zy,-75651.93,-8.058893e+07,326.62894
1628,77636280.0,zz,-9.3359896e+07,-8.058893e+07,326.62894
1629,78136280.0,xx,-8.050105e+07,-8.0500536e+07,326.54102
1630,78136280.0,xy,-2.9377215e-10,-8.0500536e+07,326.54102
1631,78136280.0,xz,-72517.49,-8.0500536e+07,326.54102
1632,78136280.0,yx,-2.9377215e-10,-8.0500536e+07,326.54102
1633,78136280.0,yy,-8.050267e+07,-8.0500536e+07,326.54102
1634,78136280.0,yz,-75090.9,-8.0500536e+07,326.54102
1635,78136280.0,zx,-72517.49,-8.0500536e+07,326.54102
1636,78136280.0,zy,-75090.9,-8.0500536e+07,326.54102
1637,78136280.0,zz,-9.3354264e+07,-8.0500536e+07,326.54102
1638,78636280.0,xx,-8.050105e+07,-8.0500536e+07,326.54102
1639,78636280.0,xy,-2.9377215e-10,-8.0500536e+07,326.54102
1640,78636280.0,xz,-72517.49,-8.0500536e+07,326.54102
1641,78636280.0,yx,-2.9377215e-10,-8.0500536e+07,326.54102
1642,78636280.0,yy,-8.050267e+07,-8.0500536e+07,326.54102
1643,78636280.0,yz,-75090.9,-8.0500536e+07,326.54102
1644,78636280.0,zx,-72517.49,-8.0500536e+07,326.54102
1645,78636280.0,zy,-75090.9,-8.0500536e+07,326.54102
1646,78636280.0,zz,-9.3354264e+07,-8.0500536e+07,326.54102
1647,79136280.0,xx,-8.041419e+07,-8.0413656e+07,326.45425
1648,79136280.0,xy,-2.935127e-10,-8.0413656e+07,326.45425
1649,79136280.0,xz,-71989.74,-8.0413656e+07,326.45425
1650,79136280.0,yx,-2.935127e-10,-8.0413656e+07,326.45425
1651,79136280.0,yy,-8.0415384e+07,-8.0413656e+07,326.45425
1652,79136280.0,yz,-74541.18,-8.0413656e+07,326.45425
1653,79136280.0,zx,-71989.74,-8.0413656e+07,326.45425
1654,79136280.0,zy,-74541.18,-8.0413656e+07,326.45425
1655,79136280.0,zz,-9.3348936e+07,-8.0413656e+07,326.45425
1656,79636280.0,xx,-8.041419e+07,-8.0413656e+07,326.45425
1657,79636280.0,xy,-2.935127e-10,-8.0413656e+07,326.45425
1658,79636280.0,xz,-71989.74,-8.0413656e+07,326.45425
1659,79636280.0,yx,-2.935127e-10,-8.0413656e+07,326.45425
1660,79636280.0,yy,-8.0415384e+07,-8.0413656e+07,326.45425
1661,79636280.0,yz,-74541.18,-8.0413656e+07,326.45425
1662,79636280.0,zx,-71989.74,-8.0413656e+07,326.45425
1663,79636280.0,zy,-74541.18,-8.0413656e+07,326.45425
1664,79636280.0,zz,-9.3348936e+07,-8.0413656e+07,326.45425
1665,80136280.0,xx,-8.032834e+07,-8.032784e+07,326.36884
1666,80136280.0,xy,-2.933449e-10,-8.032784e+07,326.36884
1667,80136280.0,xz,-71471.89,-8.032784e+07,326.36884
1668,80136280.0,yx,-2.933449e-10,-8.032784e+07,326.36884
1669,80136280.0,yy,-8.032991e+07,-8.032784e+07,326.36884
1670,80136280.0,yz,-74001.95,-8.032784e+07,326.36884
1671,80136280.0,zx,-71471.89,-8.032784e+07,326.36884
1672,80136280.0,zy,-74001.95,-8.032784e+07,326.36884
1673,80136280.0,zz,-9.3343544e+07,-8.032784e+07,326.36884
1674,80636280.0,xx,-8.032834e+07,-8.032784e+07,326.36884
1675,80636280.0,xy,-2.933449e-10,-8.032784e+07,326.36884
1676,80636280.0,xz,-71471.89,-8.032784e+07,326.36884
1677,80636280.0,yx,-2.933449e-10,-8.032784e+07,326.36884
1678,80636280.0,yy,-8.032991e+07,-8.032784e+07,326.36884
1679,80636280.0,yz,-74001.95,-8.032784e+07,326.36884
1680,80636280.0,zx,-71471.89,-8.032784e+07,326.36884
1681,80636280.0,zy,-74001.95,-8.032784e+07,326.36884
1682,80636280.0,zz,-9.3343544e+07,-8.032784e+07,326.36884
1683,81136280.0,xx,-8.02436e+07,-8.024313e+07,326.2845
1684,81136280.0,xy,-2.9313194e-10,-8.024313e+07,326.2845
1685,81136280.0,xz,-70964.69,-8.024313e+07,326.2845
1686,81136280.0,yx,-2.9313194e-10,-8.024313e+07,326.2845
1687,81136280.0,yy,-8.024537e+07,-8.024313e+07,326.2845
1688,81136280.0,yz,-73472.75,-8.024313e+07,326.2845
1689,81136280.0,zx,-70964.69,-8.024313e+07,326.2845
1690,81136280.0,zy,-73472.75,-8.024313e+07,326.2845
1691,81136280.0,zz,-9.333881e+07,-8.024313e+07,326.2845
1692,81636280.0,xx,-8.02436e+07,-8.024313e+07,326.2845
1693,81636280.0,xy,-2.9313194e-10,-8.024313e+07,326.2845
1694,81636280.0,xz,-70964.69,-8.024313e+07,326.2845
1695,81636280.0,yx,-2.9313194e-10,-8.024313e+07,326.2845
1696,81636280.0,yy,-8.024537e+07,-8.024313e+07,326.2845
1697,81636280.0,yz,-73472.75,-8.024313e+07,326.2845
1698,81636280.0,zx,-70964.69,-8.024313e+07,326.2845
1699,81636280.0,zy,-73472.75,-8.024313e+07,326.2845
1700,81636280.0,zz,-9.333881e+07,-8.024313e+07,326.2845
1701,82136280.0,xx,-8.016016e+07,-8.01597e+07,326.20135
1702,82136280.0,xy,-2.928993e-10,-8.01597e+07,326.20135
1703,82136280.0,xz,-70466.625,-8.01597e+07,326.20135
1704,82136280.0,yx,-2.928993e-10,-8.01597e+07,326.20135
1705,82136280.0,yy,-8.0161864e+07,-8.01597e+07,326.20135
1706,82136280.0,yz,-72953.3,-8.01597e+07,326.20135
1707,82136280.0,zx,-70466.625,-8.01597e+07,326.20135
1708,82136280.0,zy,-72953.3,-8.01597e+07,326.20135
1709,82136280.0,zz,-9.333401e+07,-8.01597e+07,326.20135
1710,82636280.0,xx,-8.016016e+07,-8.01597e+07,326.20135
1711,82636280.0,xy,-2.928993e-10,-8.01597e+07,326.20135
1712,82636280.0,xz,-70466.625,-8.01597e+07,326.20135
1713,82636280.0,yx,-2.928993e-10,-8.01597e+07,326.20135
1714,82636280.0,yy,-8.0161864e+07,-8.01597e+07,326.20135
1715,82636280.0,yz,-72953.3,-8.01597e+07,326.20135
1716,82636280.0,zx,-70466.625,-8.01597e+07,326.20135
1717,82636280.0,zy,-72953.3,-8.01597e+07,326.20135
1718,82636280.0,zz,-9.333401e+07,-8.01597e+07,326.20135
1719,83136280.0,xx,-8.007795e+07,-8.007749e+07,326.11932
1720,83136280.0,xy,-2.9266403e-10,-8.007749e+07,326.11932
1721,83136280.0,xz,-69977.37,-8.007749e+07,326.11932
1722,83136280.0,yx,-2.9266403e-10,-8.007749e+07,326.11932
1723,83136280.0,yy,-8.00794e+07,-8.007749e+07,326.11932
1724,83136280.0,yz,-72443.1,-8.007749e+07,326.11932
1725,83136280.0,zx,-69977.37,-8.007749e+07,326.11932
1726,83136280.0,zy,-72443.1,-8.007749e+07,326.11932
1727,83136280.0,zz,-9.332909e+07,-8.007749e+07,326.11932
1728,83636280.0,xx,-8.007795e+07,-8.007749e+07,326.11932
1729,83636280.0,xy,-2.9266403e-10,-8.007749e+07,326.11932
1730,83636280.0,xz,-69977.37,-8.007749e+07,326.11932
1731,83636280.0,yx,-2.9266403e-10,-8.007749e+07,326.11932
1732,83636280.0,yy,-8.00794e+07,-8.007749e+07,326.11932
1733,83636280.0,yz,-72443.1,-8.007749e+07,326.11932
1734,83636280.0,zx,-69977.37,-8.007749e+07,326.11932
1735,83636280.0,zy,-72443.1,-8.007749e+07,326.11932
1736,83636280.0,zz,-9.332909e+07,-8.007749e+07,326.11932
1737,84136280.0,xx,-7.9996984e+07,-7.999649e+07,326.03848
1738,84136280.0,xy,-2.9236974e-10,-7.999649e+07,326.03848
1739,84136280.0,xz,-69497.81,-7.999649e+07,326.03848
1740,84136280.0,yx,-2.9236974e-10,-7.999649e+07,326.03848
1741,84136280.0,yy,-7.999794e+07,-7.999649e+07,326.03848
1742,84136280.0,yz,-71942.875,-7.999649e+07,326.03848
1743,84136280.0,zx,-69497.81,-7.999649e+07,326.03848
1744,84136280.0,zy,-71942.875,-7.999649e+07,326.03848
1745,84136280.0,zz,-9.3324936e+07,-7.999649e+07,326.03848
1746,84636280.0,xx,-7.9996984e+07,-7.999649e+07,326.03848
1747,84636280.0,xy,-2.9236974e-10,-7.999649e+07,326.03848
1748,84636280.0,xz,-69497.81,-7.999649e+07,326.03848
1749,84636280.0,yx,-2.9236974e-10,-7.999649e+07,326.03848
1750,84636280.0,yy,-7.999794e+07,-7.999649e+07,326.03848
1751,84636280.0,yz,-71942.875,-7.999649e+07,326.03848
1752,84636280.0,zx,-69497.81,-7.999649e+07,326.03848
1753,84636280.0,zy,-71942.875,-7.999649e+07,326.03848
1754,84636280.0,zz,-9.3324936e+07,-7.999649e+07,326.03848
1755,85136280.0,xx,-7.991715e+07,-7.991656e+07,325.95865
1756,85136280.0,xy,-2.920854e-10,-7.991656e+07,325.95865
1757,85136280.0,xz,-69027.42,-7.991656e+07,325.95865
1758,85136280.0,yx,-2.920854e-10,-7.991656e+07,325.95865
1759,85136280.0,yy,-7.991752e+07,-7.991656e+07,325.95865
1760,85136280.0,yz,-71451.72,-7.991656e+07,325.95865
1761,85136280.0,zx,-69027.42,-7.991656e+07,325.95865
1762,85136280.0,zy,-71451.72,-7.991656e+07,325.95865
1763,85136280.0,zz,-9.3320744e+07,-7.991656e+07,325.95865
1764,85636280.0,xx,-7.991715e+07,-7.991656e+07,325.95865
1765,85636280.0,xy,-2.920854e-10,-7.991656e+07,325.95865
1766,85636280.0,xz,-69027.42,-7.991656e+07,325.95865
1767,85636280.0,yx,-2.920854e-10,-7.991656e+07,325.95865
1768,85636280.0,yy,-7.991752e+07,-7.991656e+07,325.95865
1769,85636280.0,yz,-71451.72,-7.991656e+07,325.95865
1770,85636280.0,zx,-69027.42,-7.991656e+07,325.95865
1771,85636280.0,zy,-71451.72,-7.991656e+07,325.95865
1772,85636280.0,zz,-9.3320744e+07,-7.991656e+07,325.95865
1773,86136280.0,xx,-7.983825e+07,-7.983757e+07,325.8799
1774,86136280.0,xy,-2.918303e-10,-7.983757e+07,325.8799
1775,86136280.0,xz,-68564.88,-7.983757e+07,325.8799
1776,86136280.0,yx,-2.918303e-10,-7.983757e+07,325.8799
1777,86136280.0,yy,-7.983834e+07,-7.983757e+07,325.8799
1778,86136280.0,yz,-70969.5,-7.983757e+07,325.8799
1779,86136280.0,zx,-68564.88,-7.983757e+07,325.8799
1780,86136280.0,zy,-70969.5,-7.983757e+07,325.8799
1781,86136280.0,zz,-9.331654e+07,-7.983757e+07,325.8799
1782,86636280.0,xx,-7.983825e+07,-7.983757e+07,325.8799
1783,86636280.0,xy,-2.918303e-10,-7.983757e+07,325.8799
1784,86636280.0,xz,-68564.88,-7.983757e+07,325.8799
1785,86636280.0,yx,-2.918303e-10,-7.983757e+07,325.8799
1786,86636280.0,yy,-7.983834e+07,-7.983757e+07,325.8799
1787,86636280.0,yz,-70969.5,-7.983757e+07,325.8799
1788,86636280.0,zx,-68564.88,-7.983757e+07,325.8799
1789,86636280.0,zy,-70969.5,-7.983757e+07,325.8799
1790,86636280.0,zz,-9.331654e+07,-7.983757e+07,325.8799
1791,87136280.0,xx,-7.976018e+07,-7.9759576e+07,325.80228
1792,87136280.0,xy,-2.9159727e-10,-7.9759576e+07,325.80228
1793,87136280.0,xz,-68110.78,-7.9759576e+07,325.80228
1794,87136280.0,yx,-2.9159727e-10,-7.9759576e+07,325.80228
1795,87136280.0,yy,-7.976043e+07,-7.9759576e+07,325.80228
1796,87136280.0,yz,-70496.375,-7.9759576e+07,325.80228
1797,87136280.0,zx,-68110.78,-7.9759576e+07,325.80228
1798,87136280.0,zy,-70496.375,-7.9759576e+07,325.80228
1799,87136280.0,zz,-9.331281e+07,-7.9759576e+07,325.80228
1800,87636280.0,xx,-7.976018e+07,-7.9759576e+07,325.80228
1801,87636280.0,xy,-2.9159727e-10,-7.9759576e+07,325.80228
1802,87636280.0,xz,-68110.78,-7.9759576e+07,325.80228
1803,87636280.0,yx,-2.9159727e-10,-7.9759576e+07,325.80228
1804,87636280.0,yy,-7.976043e+07,-7.9759576e+07,325.80228
1805,87636280.0,yz,-70496.375,-7.9759576e+07,325.80228
1806,87636280.0,zx,-68110.78,-7.9759576e+07,325.80228
1807,87636280.0,zy,-70496.375,-7.9759576e+07,325.80228
1808,87636280.0,zz,-9.331281e+07,-7.9759576e+07,325.80228
1809,88136280.0,xx,-7.968312e+07,-7.9682584e+07,325.72552
1810,88136280.0,xy,-2.913917e-10,-7.9682584e+07,325.72552
1811,88136280.0,xz,-67664.4,-7.9682584e+07,325.72552
1812,88136280.0,yx,-2.913917e-10,-7.9682584e+07,325.72552
1813,88136280.0,yy,-7.968355e+07,-7.9682584e+07,325.72552
1814,88136280.0,yz,-70030.47,-7.9682584e+07,325.72552
1815,88136280.0,zx,-67664.4,-7.9682584e+07,325.72552
1816,88136280.0,zy,-70030.47,-7.9682584e+07,325.72552
1817,88136280.0,zz,-9.330884e+07,-7.9682584e+07,325.72552
1818,88636280.0,xx,-7.968312e+07,-7.9682584e+07,325.72552
1819,88636280.0,xy,-2.913917e-10,-7.9682584e+07,325.72552
1820,88636280.0,xz,-67664.4,-7.9682584e+07,325.72552
1821,88636280.0,yx,-2.913917e-10,-7.9682584e+07,325.72552
1822,88636280.0,yy,-7.968355e+07,-7.9682584e+07,325.72552
1823,88636280.0,yz,-70030.47,-7.9682584e+07,325.72552
1824,88636280.0,zx,-67664.4,-7.9682584e+07,325.72552
1825,88636280.0,zy,-70030.47,-7.9682584e+07,325.72552
1826,88636280.0,zz,-9.330884e+07,-7.9682584e+07,325.72552
1827,89136280.0,xx,-7.9607e+07,-7.96065e+07,325.6499
1828,89136280.0,xy,-2.9114783e-10,-7.96065e+07,325.6499
1829,89136280.0,xz,-67226.26,-7.96065e+07,325.6499
1830,89136280.0,yx,-2.9114783e-10,-7.96065e+07,325.6499
1831,89136280.0,yy,-7.960754e+07,-7.96065e+07,325.6499
1832,89136280.0,yz,-69573.8,-7.96065e+07,325.6499
1833,89136280.0,zx,-67226.26,-7.96065e+07,325.6499
1834,89136280.0,zy,-69573.8,-7.96065e+07,325.6499
1835,89136280.0,zz,-9.330529e+07,-7.96065e+07,325.6499
1836,89636280.0,xx,-7.9607e+07,-7.96065e+07,325.6499
1837,89636280.0,xy,-2.9114783e-10,-7.96065e+07,325.6499
1838,89636280.0,xz,-67226.26,-7.96065e+07,325.6499
1839,89636280.0,yx,-2.9114783e-10,-7.96065e+07,325.6499
1840,89636280.0,yy,-7.960754e+07,-7.96065e+07,325.6499
1841,89636280.0,yz,-69573.8,-7.96065e+07,325.6499
1842,89636280.0,zx,-67226.26,-7.96065e+07,325.6499
1843,89636280.0,zy,-69573.8,-7.96065e+07,325.6499
1844,89636280.0,zz,-9.330529e+07,-7.96065e+07,325.6499
1845,90136280.0,xx,-7.953212e+07,-7.9531496e+07,325.57516
1846,90136280.0,xy,-2.9086766e-10,-7.9531496e+07,325.57516
1847,90136280.0,xz,-66794.87,-7.9531496e+07,325.57516
1848,90136280.0,yx,-2.9086766e-10,-7.9531496e+07,325.57516
1849,90136280.0,yy,-7.953222e+07,-7.9531496e+07,325.57516
1850,90136280.0,yz,-69124.12,-7.9531496e+07,325.57516
1851,90136280.0,zx,-66794.87,-7.9531496e+07,325.57516
1852,90136280.0,zy,-69124.12,-7.9531496e+07,325.57516
1853,90136280.0,zz,-9.330166e+07,-7.9531496e+07,325.57516
1854,90636280.0,xx,-7.953212e+07,-7.9531496e+07,325.57516
1855,90636280.0,xy,-2.9086766e-10,-7.9531496e+07,325.57516
1856,90636280.0,xz,-66794.87,-7.9531496e+07,325.57516
1857,90636280.0,yx,-2.9086766e-10,-7.9531496e+07,325.57516
1858,90636280.0,yy,-7.953222e+07,-7.9531496e+07,325.57516
1859,90636280.0,yz,-69124.12,-7.9531496e+07,325.57516
1860,90636280.0,zx,-66794.87,-7.9531496e+07,325.57516
1861,90636280.0,zy,-69124.12,-7.9531496e+07,325.57516
1862,90636280.0,zz,-9.330166e+07,-7.9531496e+07,325.57516
1863,91136280.0,xx,-7.945799e+07,-7.945742e+07,325.50143
1864,91136280.0,xy,-2.9062372e-10,-7.945742e+07,325.50143
1865,91136280.0,xz,-66371.63,-7.945742e+07,325.50143
1866,91136280.0,yx,-2.9062372e-10,-7.945742e+07,325.50143
1867,91136280.0,yy,-7.94582e+07,-7.945742e+07,325.50143
1868,91136280.0,yz,-68683.07,-7.945742e+07,325.50143
1869,91136280.0,zx,-66371.63,-7.945742e+07,325.50143
1870,91136280.0,zy,-68683.07,-7.945742e+07,325.50143
1871,91136280.0,zz,-9.329852e+07,-7.945742e+07,325.50143
1872,91636280.0,xx,-7.945799e+07,-7.945742e+07,325.50143
1873,91636280.0,xy,-2.9062372e-10,-7.945742e+07,325.50143
1874,91636280.0,xz,-66371.63,-7.945742e+07,325.50143
1875,91636280.0,yx,-2.9062372e-10,-7.945742e+07,325.50143
1876,91636280.0,yy,-7.94582e+07,-7.945742e+07,325.50143
1877,91636280.0,yz,-68683.07,-7.945742e+07,325.50143
1878,91636280.0,zx,-66371.63,-7.945742e+07,325.50143
1879,91636280.0,zy,-68683.07,-7.945742e+07,325.50143
1880,91636280.0,zz,-9.329852e+07,-7.945742e+07,325.50143
1881,92136280.0,xx,-7.938442e+07,-7.9384e+07,325.4286
1882,92136280.0,xy,-2.9044075e-10,-7.9384e+07,325.4286
1883,92136280.0,xz,-65954.73,-7.9384e+07,325.4286
1884,92136280.0,yx,-2.9044075e-10,-7.9384e+07,325.4286
1885,92136280.0,yy,-7.938541e+07,-7.9384e+07,325.4286
1886,92136280.0,yz,-68248.62,-7.9384e+07,325.4286
1887,92136280.0,zx,-65954.73,-7.9384e+07,325.4286
1888,92136280.0,zy,-68248.62,-7.9384e+07,325.4286
1889,92136280.0,zz,-9.329551e+07,-7.9384e+07,325.4286
1890,92636280.0,xx,-7.938442e+07,-7.9384e+07,325.4286
1891,92636280.0,xy,-2.9044075e-10,-7.9384e+07,325.4286
1892,92636280.0,xz,-65954.73,-7.9384e+07,325.4286
1893,92636280.0,yx,-2.9044075e-10,-7.9384e+07,325.4286
1894,92636280.0,yy,-7.938541e+07,-7.9384e+07,325.4286
1895,92636280.0,yz,-68248.62,-7.9384e+07,325.4286
1896,92636280.0,zx,-65954.73,-7.9384e+07,325.4286
1897,92636280.0,zy,-68248.62,-7.9384e+07,325.4286
1898,92636280.0,zz,-9.329551e+07,-7.9384e+07,325.4286
1899,93136280.0,xx,-7.931231e+07,-7.9311896e+07,325.35666
1900,93136280.0,xy,-2.9025396e-10,-7.9311896e+07,325.35666
1901,93136280.0,xz,-65545.23,-7.9311896e+07,325.35666
1902,93136280.0,yx,-2.9025396e-10,-7.9311896e+07,325.35666
1903,93136280.0,yy,-7.931313e+07,-7.9311896e+07,325.35666
1904,93136280.0,yz,-67820.984,-7.9311896e+07,325.35666
1905,93136280.0,zx,-65545.23,-7.9311896e+07,325.35666
1906,93136280.0,zy,-67820.984,-7.9311896e+07,325.35666
1907,93136280.0,zz,-9.329084e+07,-7.9311896e+07,325.35666
1908,93636280.0,xx,-7.931231e+07,-7.9311896e+07,325.35666
1909,93636280.0,xy,-2.9025396e-10,-7.9311896e+07,325.35666
1910,93636280.0,xz,-65545.23,-7.9311896e+07,325.35666
1911,93636280.0,yx,-2.9025396e-10,-7.9311896e+07,325.35666
1912,93636280.0,yy,-7.931313e+07,-7.9311896e+07,325.35666
1913,93636280.0,yz,-67820.984,-7.9311896e+07,325.35666
1914,93636280.0,zx,-65545.23,-7.9311896e+07,325.35666
1915,93636280.0,zy,-67820.984,-7.9311896e+07,325.35666
1916,93636280.0,zz,-9.329084e+07,-7.9311896e+07,325.35666
1917,94136280.0,xx,-7.924099e+07,-7.924058e+07,325.28564
1918,94136280.0,xy,-2.900294e-10,-7.924058e+07,325.28564
1919,94136280.0,xz,-65143.445,-7.924058e+07,325.28564
1920,94136280.0,yx,-2.900294e-10,-7.924058e+07,325.28564
1921,94136280.0,yy,-7.924181e+07,-7.924058e+07,325.28564
1922,94136280.0,yz,-67401.76,-7.924058e+07,325.28564
1923,94136280.0,zx,-65143.445,-7.924058e+07,325.28564
1924,94136280.0,zy,-67401.76,-7.924058e+07,325.28564
1925,94136280.0,zz,-9.3287464e+07,-7.924058e+07,325.28564
1926,94636280.0,xx,-7.924099e+07,-7.924058e+07,325.28564
1927,94636280.0,xy,-2.900294e-10,-7.924058e+07,325.28564
1928,94636280.0,xz,-65143.445,-7.924058e+07,325.28564
1929,94636280.0,yx,-2.900294e-10,-7.924058e+07,325.28564
1930,94636280.0,yy,-7.924181e+07,-7.924058e+07,325.28564
1931,94636280.0,yz,-67401.76,-7.924058e+07,325.28564
1932,94636280.0,zx,-65143.445,-7.924058e+07,325.28564
1933,94636280.0,zy,-67401.76,-7.924058e+07,325.28564
1934,94636280.0,zz,-9.3287464e+07,-7.924058e+07,325.28564
1935,95136280.0,xx,-7.9170776e+07,-7.917033e+07,325.2155
1936,95136280.0,xy,-2.8979327e-10,-7.917033e+07,325.2155
1937,95136280.0,xz,-64747.91,-7.917033e+07,325.2155
1938,95136280.0,yx,-2.8979327e-10,-7.917033e+07,325.2155
1939,95136280.0,yy,-7.917125e+07,-7.917033e+07,325.2155
1940,95136280.0,yz,-66989.57,-7.917033e+07,325.2155
1941,95136280.0,zx,-64747.91,-7.917033e+07,325.2155
1942,95136280.0,zy,-66989.57,-7.917033e+07,325.2155
1943,95136280.0,zz,-9.328378e+07,-7.917033e+07,325.2155
1944,95636280.0,xx,-7.9170776e+07,-7.917033e+07,325.2155
1945,95636280.0,xy,-2.8979327e-10,-7.917033e+07,325.2155
1946,95636280.0,xz,-64747.91,-7.917033e+07,325.2155
1947,95636280.0,yx,-2.8979327e-10,-7.917033e+07,325.2155
1948,95636280.0,yy,-7.917125e+07,-7.917033e+07,325.2155
1949,95636280.0,yz,-66989.57,-7.917033e+07,325.2155
1950,95636280.0,zx,-64747.91,-7.917033e+07,325.2155
1951,95636280.0,zy,-66989.57,-7.917033e+07,325.2155
1952,95636280.0,zz,-9.328378e+07,-7.917033e+07,325.2155
1953,96136280.0,xx,-7.910118e+07,-7.910075e+07,325.14618
1954,96136280.0,xy,-2.8958244e-10,-7.910075e+07,325.14618
1955,96136280.0,xz,-64359.098,-7.910075e+07,325.14618
1956,96136280.0,yx,-2.8958244e-10,-7.910075e+07,325.14618
1957,96136280.0,yy,-7.91017e+07,-7.910075e+07,325.14618
1958,96136280.0,yz,-66583.98,-7.910075e+07,325.14618
1959,96136280.0,zx,-64359.098,-7.910075e+07,325.14618
1960,96136280.0,zy,-66583.98,-7.910075e+07,325.14618
1961,96136280.0,zz,-9.32805e+07,-7.910075e+07,325.14618
1962,96636280.0,xx,-7.910118e+07,-7.910075e+07,325.14618
1963,96636280.0,xy,-2.8958244e-10,-7.910075e+07,325.14618
1964,96636280.0,xz,-64359.098,-7.910075e+07,325.14618
1965,96636280.0,yx,-2.8958244e-10,-7.910075e+07,325.14618
1966,96636280.0,yy,-7.91017e+07,-7.910075e+07,325.14618
1967,96636280.0,yz,-66583.98,-7.910075e+07,325.14618
1968,96636280.0,zx,-64359.098,-7.910075e+07,325.14618
1969,96636280.0,zy,-66583.98,-7.910075e+07,325.14618
1970,96636280.0,zz,-9.32805e+07,-7.910075e+07,325.14618
1971,97136280.0,xx,-7.903223e+07,-7.9031864e+07,325.07773
1972,97136280.0,xy,-2.894363e-10,-7.9031864e+07,325.07773
1973,97136280.0,xz,-63975.742,-7.9031864e+07,325.07773
1974,97136280.0,yx,-2.894363e-10,-7.9031864e+07,325.07773
1975,97136280.0,yy,-7.903331e+07,-7.9031864e+07,325.07773
1976,97136280.0,yz,-66184.38,-7.9031864e+07,325.07773
1977,97136280.0,zx,-63975.742,-7.9031864e+07,325.07773
1978,97136280.0,zy,-66184.38,-7.9031864e+07,325.07773
1979,97136280.0,zz,-9.3276904e+07,-7.9031864e+07,325.07773
1980,97636280.0,xx,-7.903223e+07,-7.9031864e+07,325.07773
1981,97636280.0,xy,-2.894363e-10,-7.9031864e+07,325.07773
1982,97636280.0,xz,-63975.742,-7.9031864e+07,325.07773
1983,97636280.0,yx,-2.894363e-10,-7.9031864e+07,325.07773
1984,97636280.0,yy,-7.903331e+07,-7.9031864e+07,325.07773
1985,97636280.0,yz,-66184.38,-7.9031864e+07,325.07773
1986,97636280.0,zx,-63975.742,-7.9031864e+07,325.07773
1987,97636280.0,zy,-66184.38,-7.9031864e+07,325.07773
1988,97636280.0,zz,-9.3276904e+07,-7.9031864e+07,325.07773
1989,98136280.0,xx,-7.8964376e+07,-7.8964024e+07,325.0101
1990,98136280.0,xy,-2.892853e-10,-7.8964024e+07,325.0101
1991,98136280.0,xz,-63600.02,-7.8964024e+07,325.0101
1992,98136280.0,yx,-2.892853e-10,-7.8964024e+07,325.0101
1993,98136280.0,yy,-7.8965576e+07,-7.8964024e+07,325.0101
1994,98136280.0,yz,-65792.44,-7.8964024e+07,325.0101
1995,98136280.0,zx,-63600.02,-7.8964024e+07,325.0101
1996,98136280.0,zy,-65792.44,-7.8964024e+07,325.0101
1997,98136280.0,zz,-9.327275e+07,-7.8964024e+07,325.0101
1998,98636280.0,xx,-7.8964376e+07,-7.8964024e+07,325.0101
1999,98636280.0,xy,-2.892853e-10,-7.8964024e+07,325.0101
2000,98636280.0,xz,-63600.02,-7.8964024e+07,325.0101
2001,98636280.0,yx,-2.892853e-10,-7.8964024e+07,325.0101
2002,98636280.0,yy,-7.8965576e+07,-7.8964024e+07,325.0101
2003,98636280.0,yz,-65792.44,-7.8964024e+07,325.0101
2004,98636280.0,zx,-63600.02,-7.8964024e+07,325.0101
2005,98636280.0,zy,-65792.44,-7.8964024e+07,325.0101
2006,98636280.0,zz,-9.327275e+07,-7.8964024e+07,325.0101
2007,99136280.0,xx,-7.889741e+07,-7.889705e+07,324.94327
2008,99136280.0,xy,-2.8903188e-10,-7.889705e+07,324.94327
2009,99136280.0,xz,-63228.844,-7.889705e+07,324.94327
2010,99136280.0,yx,-2.8903188e-10,-7.889705e+07,324.94327
2011,99136280.0,yy,-7.889833e+07,-7.889705e+07,324.94327
2012,99136280.0,yz,-65405.18,-7.889705e+07,324.94327
2013,99136280.0,zx,-63228.844,-7.889705e+07,324.94327
2014,99136280.0,zy,-65405.18,-7.889705e+07,324.94327
2015,99136280.0,zz,-9.326991e+07,-7.889705e+07,324.94327
2016,99636280.0,xx,-7.889741e+07,-7.889705e+07,324.94327
2017,99636280.0,xy,-2.8903188e-10,-7.889705e+07,324.94327
2018,99636280.0,xz,-63228.844,-7.889705e+07,324.94327
2019,99636280.0,yx,-2.8903188e-10,-7.889705e+07,324.94327
2020,99636280.0,yy,-7.889833e+07,-7.889705e+07,324.94327
2021,99636280.0,yz,-65405.18,-7.889705e+07,324.94327
2022,99636280.0,zx,-63228.844,-7.889705e+07,324.94327
2023,99636280.0,zy,-65405.18,-7.889705e+07,324.94327
2024,99636280.0,zz,-9.326991e+07,-7.889705e+07,324.94327
