,time,ten9_comp,Total Stress,S3 Magnitude,Pressure,Temperature
0,-1.0,xx,-7.837356e+07,-7.837356e+07,6.003866e+07,345.83
1,-1.0,xy,4.2403533e-10,-7.837356e+07,6.003866e+07,345.83
2,-1.0,xz,0.0125584435,-7.837356e+07,6.003866e+07,345.83
3,-1.0,yx,4.2403533e-10,-7.837356e+07,6.003866e+07,345.83
4,-1.0,yy,-7.837361e+07,-7.837356e+07,6.003866e+07,345.83
5,-1.0,yz,-0.0068729636,-7.837356e+07,6.003866e+07,345.83
6,-1.0,zx,0.0125584435,-7.837356e+07,6.003866e+07,345.83
7,-1.0,zy,-0.0068729636,-7.837356e+07,6.003866e+07,345.83
8,-1.0,zz,-9.765239e+07,-7.837356e+07,6.003866e+07,345.83
9,10.0,xx,-7.837356e+07,-7.837356e+07,6.003866e+07,345.83
10,10.0,xy,4.2403533e-10,-7.837356e+07,6.003866e+07,345.83
11,10.0,xz,0.01255844,-7.837356e+07,6.003866e+07,345.83
12,10.0,yx,4.2403533e-10,-7.837356e+07,6.003866e+07,345.83
13,10.0,yy,-7.837361e+07,-7.837356e+07,6.003866e+07,345.83
14,10.0,yz,-0.0068729687,-7.837356e+07,6.003866e+07,345.83
15,10.0,zx,0.01255844,-7.837356e+07,6.003866e+07,345.83
16,10.0,zy,-0.0068729687,-7.837356e+07,6.003866e+07,345.83
17,10.0,zz,-9.765239e+07,-7.837356e+07,6.003866e+07,345.83
18,25.0,xx,-7.837356e+07,-7.837356e+07,6.003866e+07,345.83
19,25.0,xy,4.2403533e-10,-7.837356e+07,6.003866e+07,345.83
20,25.0,xz,0.012558435,-7.837356e+07,6.003866e+07,345.83
21,25.0,yx,4.2403533e-10,-7.837356e+07,6.003866e+07,345.83
22,25.0,yy,-7.837361e+07,-7.837356e+07,6.003866e+07,345.83
23,25.0,yz,-0.0068729674,-7.837356e+07,6.003866e+07,345.83
24,25.0,zx,0.012558435,-7.837356e+07,6.003866e+07,345.83
25,25.0,zy,-0.0068729674,-7.837356e+07,6.003866e+07,345.83
26,25.0,zz,-9.765239e+07,-7.837356e+07,6.003866e+07,345.83
27,47.5,xx,-7.837356e+07,-7.837356e+07,6.003866e+07,345.83
28,47.5,xy,4.2403533e-10,-7.837356e+07,6.003866e+07,345.83
29,47.5,xz,0.012558436,-7.837356e+07,6.003866e+07,345.83
30,47.5,yx,4.2403533e-10,-7.837356e+07,6.003866e+07,345.83
31,47.5,yy,-7.837361e+07,-7.837356e+07,6.003866e+07,345.83
32,47.5,yz,-0.006872974,-7.837356e+07,6.003866e+07,345.83
33,47.5,zx,0.012558436,-7.837356e+07,6.003866e+07,345.83
34,47.5,zy,-0.006872974,-7.837356e+07,6.003866e+07,345.83
35,47.5,zz,-9.765239e+07,-7.837356e+07,6.003866e+07,345.83
36,81.25,xx,-7.885291e+07,-7.884743e+07,6.278456e+07,345.90668
37,81.25,xy,4.919059e-10,-7.884743e+07,6.278456e+07,345.90668
38,81.25,xz,-694.201,-7.884743e+07,6.278456e+07,345.90668
39,81.25,yx,4.919059e-10,-7.884743e+07,6.278456e+07,345.90668
40,81.25,yy,-7.884743e+07,-7.884743e+07,6.278456e+07,345.90668
41,81.25,yz,1526.5144,-7.884743e+07,6.278456e+07,345.90668
42,81.25,zx,-694.201,-7.884743e+07,6.278456e+07,345.90668
43,81.25,zy,1526.5144,-7.884743e+07,6.278456e+07,345.90668
44,81.25,zz,-9.837035e+07,-7.884743e+07,6.278456e+07,345.90668
45,131.875,xx,-7.899528e+07,-7.899524e+07,6.3609876e+07,345.92773
46,131.875,xy,5.116808e-10,-7.899524e+07,6.3609876e+07,345.92773
47,131.875,xz,3796.0813,-7.899524e+07,6.3609876e+07,345.92773
48,131.875,yx,5.116808e-10,-7.899524e+07,6.3609876e+07,345.92773
49,131.875,yy,-7.899525e+07,-7.899524e+07,6.3609876e+07,345.92773
50,131.875,yz,4001.2383,-7.899524e+07,6.3609876e+07,345.92773
51,131.875,zx,3796.0813,-7.899524e+07,6.3609876e+07,345.92773
52,131.875,zy,4001.2383,-7.899524e+07,6.3609876e+07,345.92773
53,131.875,zz,-9.858329e+07,-7.899524e+07,6.3609876e+07,345.92773
54,207.8125,xx,-7.899528e+07,-7.899524e+07,6.3609876e+07,345.92773
55,207.8125,xy,5.116808e-10,-7.899524e+07,6.3609876e+07,345.92773
56,207.8125,xz,3796.0813,-7.899524e+07,6.3609876e+07,345.92773
57,207.8125,yx,5.116808e-10,-7.899524e+07,6.3609876e+07,345.92773
58,207.8125,yy,-7.899525e+07,-7.899524e+07,6.3609876e+07,345.92773
59,207.8125,yz,4001.2383,-7.899524e+07,6.3609876e+07,345.92773
60,207.8125,zx,3796.0813,-7.899524e+07,6.3609876e+07,345.92773
61,207.8125,zy,4001.2383,-7.899524e+07,6.3609876e+07,345.92773
62,207.8125,zz,-9.858329e+07,-7.899524e+07,6.3609876e+07,345.92773
63,321.71875,xx,-7.906971e+07,-7.906971e+07,6.430403e+07,345.94043
64,321.71875,xy,5.301307e-10,-7.906971e+07,6.430403e+07,345.94043
65,321.71875,xz,5439.6504,-7.906971e+07,6.430403e+07,345.94043
66,321.71875,yx,5.301307e-10,-7.906971e+07,6.430403e+07,345.94043
67,321.71875,yy,-7.907086e+07,-7.906971e+07,6.430403e+07,345.94043
68,321.71875,yz,6204.8315,-7.906971e+07,6.430403e+07,345.94043
69,321.71875,zx,5439.6504,-7.906971e+07,6.430403e+07,345.94043
70,321.71875,zy,6204.8315,-7.906971e+07,6.430403e+07,345.94043
71,321.71875,zz,-9.874693e+07,-7.906971e+07,6.430403e+07,345.94043
72,492.578125,xx,-7.9158616e+07,-7.914482e+07,6.5157244e+07,345.9573
73,492.578125,xy,5.531754e-10,-7.914482e+07,6.5157244e+07,345.9573
74,492.578125,xz,-2957.688,-7.914482e+07,6.5157244e+07,345.9573
75,492.578125,yx,5.531754e-10,-7.914482e+07,6.5157244e+07,345.9573
76,492.578125,yy,-7.914482e+07,-7.914482e+07,6.5157244e+07,345.9573
77,492.578125,yz,2906.478,-7.914482e+07,6.5157244e+07,345.9573
78,492.578125,zx,-2957.688,-7.914482e+07,6.5157244e+07,345.9573
79,492.578125,zy,2906.478,-7.914482e+07,6.5157244e+07,345.9573
80,492.578125,zz,-9.891432e+07,-7.914482e+07,6.5157244e+07,345.9573
81,748.8671875,xx,-7.9259784e+07,-7.9239096e+07,6.5446412e+07,345.9635
82,748.8671875,xy,5.585281e-10,-7.9239096e+07,6.5446412e+07,345.9635
83,748.8671875,xz,-4404.297,-7.9239096e+07,6.5446412e+07,345.9635
84,748.8671875,yx,5.585281e-10,-7.9239096e+07,6.5446412e+07,345.9635
85,748.8671875,yy,-7.9239096e+07,-7.9239096e+07,6.5446412e+07,345.9635
86,748.8671875,yz,795.4809,-7.9239096e+07,6.5446412e+07,345.9635
87,748.8671875,zx,-4404.297,-7.9239096e+07,6.5446412e+07,345.9635
88,748.8671875,zy,795.4809,-7.9239096e+07,6.5446412e+07,345.9635
89,748.8671875,zz,-9.900157e+07,-7.9239096e+07,6.5446412e+07,345.9635
90,1133.30078125,xx,-7.938262e+07,-7.936341e+07,6.5763628e+07,345.98837
91,1133.30078125,xy,5.6341887e-10,-7.936341e+07,6.5763628e+07,345.98837
92,1133.30078125,xz,-4479.987,-7.936341e+07,6.5763628e+07,345.98837
93,1133.30078125,yx,5.6341887e-10,-7.936341e+07,6.5763628e+07,345.98837
94,1133.30078125,yy,-7.936341e+07,-7.936341e+07,6.5763628e+07,345.98837
95,1133.30078125,yz,211.1737,-7.936341e+07,6.5763628e+07,345.98837
96,1133.30078125,zx,-4479.987,-7.936341e+07,6.5763628e+07,345.98837
97,1133.30078125,zy,211.1737,-7.936341e+07,6.5763628e+07,345.98837
98,1133.30078125,zz,-9.907515e+07,-7.936341e+07,6.5763628e+07,345.98837
99,1709.951171875,xx,-7.948284e+07,-7.946925e+07,6.602247e+07,346.0132
100,1709.951171875,xy,5.6729893e-10,-7.946925e+07,6.602247e+07,346.0132
101,1709.951171875,xz,-3799.4543,-7.946925e+07,6.602247e+07,346.0132
102,1709.951171875,yx,5.6729893e-10,-7.946925e+07,6.602247e+07,346.0132
103,1709.951171875,yy,-7.946925e+07,-7.946925e+07,6.602247e+07,346.0132
104,1709.951171875,yz,804.96643,-7.946925e+07,6.602247e+07,346.0132
105,1709.951171875,zx,-3799.4543,-7.946925e+07,6.602247e+07,346.0132
106,1709.951171875,zy,804.96643,-7.946925e+07,6.602247e+07,346.0132
107,1709.951171875,zz,-9.912828e+07,-7.946925e+07,6.602247e+07,346.0132
108,2574.9267578125,xx,-7.9536776e+07,-7.952528e+07,6.6201984e+07,346.00537
109,2574.9267578125,xy,5.6914967e-10,-7.952528e+07,6.6201984e+07,346.00537
110,2574.9267578125,xz,-3189.8894,-7.952528e+07,6.6201984e+07,346.00537
111,2574.9267578125,yx,5.6914967e-10,-7.952528e+07,6.6201984e+07,346.00537
112,2574.9267578125,yy,-7.952528e+07,-7.952528e+07,6.6201984e+07,346.00537
113,2574.9267578125,yz,1464.9568,-7.952528e+07,6.6201984e+07,346.00537
114,2574.9267578125,zx,-3189.8894,-7.952528e+07,6.6201984e+07,346.00537
115,2574.9267578125,zy,1464.9568,-7.952528e+07,6.6201984e+07,346.00537
116,2574.9267578125,zz,-9.912842e+07,-7.952528e+07,6.6201984e+07,346.00537
117,3872.39013671875,xx,-7.9534984e+07,-7.952438e+07,6.6391348e+07,345.86926
118,3872.39013671875,xy,5.7130745e-10,-7.952438e+07,6.6391348e+07,345.86926
119,3872.39013671875,xz,-2996.1604,-7.952438e+07,6.6391348e+07,345.86926
120,3872.39013671875,yx,5.7130745e-10,-7.952438e+07,6.6391348e+07,345.86926
121,3872.39013671875,yy,-7.952438e+07,-7.952438e+07,6.6391348e+07,345.86926
122,3872.39013671875,yz,1734.2362,-7.952438e+07,6.6391348e+07,345.86926
123,3872.39013671875,zx,-2996.1604,-7.952438e+07,6.6391348e+07,345.86926
124,3872.39013671875,zy,1734.2362,-7.952438e+07,6.6391348e+07,345.86926
125,3872.39013671875,zz,-9.907319e+07,-7.952438e+07,6.6391348e+07,345.86926
126,5818.5849609375,xx,-7.9335896e+07,-7.932685e+07,6.6544812e+07,345.27612
127,5818.5849609375,xy,5.7230964e-10,-7.932685e+07,6.6544812e+07,345.27612
128,5818.5849609375,xz,-2671.3223,-7.932685e+07,6.6544812e+07,345.27612
129,5818.5849609375,yx,5.7230964e-10,-7.932685e+07,6.6544812e+07,345.27612
130,5818.5849609375,yy,-7.932685e+07,-7.932685e+07,6.6544812e+07,345.27612
131,5818.5849609375,yz,1901.2094,-7.932685e+07,6.6544812e+07,345.27612
132,5818.5849609375,zx,-2671.3223,-7.932685e+07,6.6544812e+07,345.27612
133,5818.5849609375,zy,1901.2094,-7.932685e+07,6.6544812e+07,345.27612
134,5818.5849609375,zz,-9.88128e+07,-7.932685e+07,6.6544812e+07,345.27612
135,8737.8779296875,xx,-7.925059e+07,-7.923991e+07,6.6672584e+07,343.4874
136,8737.8779296875,xy,5.4187727e-10,-7.923991e+07,6.6672584e+07,343.4874
137,8737.8779296875,xz,-3908.074,-7.923991e+07,6.6672584e+07,343.4874
138,8737.8779296875,yx,5.4187727e-10,-7.923991e+07,6.6672584e+07,343.4874
139,8737.8779296875,yy,-7.923991e+07,-7.923991e+07,6.6672584e+07,343.4874
140,8737.8779296875,yz,-3288.53,-7.923991e+07,6.6672584e+07,343.4874
141,8737.8779296875,zx,-3908.074,-7.923991e+07,6.6672584e+07,343.4874
142,8737.8779296875,zy,-3288.53,-7.923991e+07,6.6672584e+07,343.4874
143,8737.8779296875,zz,-9.8582056e+07,-7.923991e+07,6.6672584e+07,343.4874
144,13116.81640625,xx,-7.877336e+07,-7.874743e+07,6.681583e+07,339.49835
145,13116.81640625,xy,4.811058e-10,-7.874743e+07,6.681583e+07,339.49835
146,13116.81640625,xz,-10654.959,-7.874743e+07,6.681583e+07,339.49835
147,13116.81640625,yx,4.811058e-10,-7.874743e+07,6.681583e+07,339.49835
148,13116.81640625,yy,-7.874744e+07,-7.874743e+07,6.681583e+07,339.49835
149,13116.81640625,yz,-10417.721,-7.874743e+07,6.681583e+07,339.49835
150,13116.81640625,zx,-10654.959,-7.874743e+07,6.681583e+07,339.49835
151,13116.81640625,zy,-10417.721,-7.874743e+07,6.681583e+07,339.49835
152,13116.81640625,zz,-9.772354e+07,-7.874743e+07,6.681583e+07,339.49835
153,19685.224609375,xx,-7.742311e+07,-7.738905e+07,6.7022064e+07,328.53027
154,19685.224609375,xy,3.1592362e-10,-7.738905e+07,6.7022064e+07,328.53027
155,19685.224609375,xz,-26353.484,-7.738905e+07,6.7022064e+07,328.53027
156,19685.224609375,yx,3.1592362e-10,-7.738905e+07,6.7022064e+07,328.53027
157,19685.224609375,yy,-7.7389096e+07,-7.738905e+07,6.7022064e+07,328.53027
158,19685.224609375,yz,-28981.395,-7.738905e+07,6.7022064e+07,328.53027
159,19685.224609375,zx,-26353.484,-7.738905e+07,6.7022064e+07,328.53027
160,19685.224609375,zy,-28981.395,-7.738905e+07,6.7022064e+07,328.53027
161,19685.224609375,zz,-9.547391e+07,-7.738905e+07,6.7022064e+07,328.53027
162,29537.837890625,xx,-7.644353e+07,-7.640261e+07,6.719224e+07,320.0436
163,29537.837890625,xy,1.8598834e-10,-7.640261e+07,6.719224e+07,320.0436
164,29537.837890625,xz,-37435.375,-7.640261e+07,6.719224e+07,320.0436
165,29537.837890625,yx,1.8598834e-10,-7.640261e+07,6.719224e+07,320.0436
166,29537.837890625,yy,-7.640271e+07,-7.640261e+07,6.719224e+07,320.0436
167,29537.837890625,yz,-42241.26,-7.640261e+07,6.719224e+07,320.0436
168,29537.837890625,zx,-37435.375,-7.640261e+07,6.719224e+07,320.0436
169,29537.837890625,zy,-42241.26,-7.640261e+07,6.719224e+07,320.0436
170,29537.837890625,zz,-9.378059e+07,-7.640261e+07,6.719224e+07,320.0436
171,44316.7578125,xx,-7.572552e+07,-7.569092e+07,6.736018e+07,313.22525
172,44316.7578125,xy,8.026165e-11,-7.569092e+07,6.736018e+07,313.22525
173,44316.7578125,xz,-45113.645,-7.569092e+07,6.736018e+07,313.22525
174,44316.7578125,yx,8.026165e-11,-7.569092e+07,6.736018e+07,313.22525
175,44316.7578125,yy,-7.569108e+07,-7.569092e+07,6.736018e+07,313.22525
176,44316.7578125,yz,-51967.15,-7.569092e+07,6.736018e+07,313.22525
177,44316.7578125,zx,-45113.645,-7.569092e+07,6.736018e+07,313.22525
178,44316.7578125,zy,-51967.15,-7.569092e+07,6.736018e+07,313.22525
179,44316.7578125,zz,-9.248809e+07,-7.569092e+07,6.736018e+07,313.22525
180,66485.1328125,xx,-7.572552e+07,-7.569092e+07,6.736018e+07,313.22525
181,66485.1328125,xy,8.026165e-11,-7.569092e+07,6.736018e+07,313.22525
182,66485.1328125,xz,-45113.645,-7.569092e+07,6.736018e+07,313.22525
183,66485.1328125,yx,8.026165e-11,-7.569092e+07,6.736018e+07,313.22525
184,66485.1328125,yy,-7.569108e+07,-7.569092e+07,6.736018e+07,313.22525
185,66485.1328125,yz,-51967.15,-7.569092e+07,6.736018e+07,313.22525
186,66485.1328125,zx,-45113.645,-7.569092e+07,6.736018e+07,313.22525
187,66485.1328125,zy,-51967.15,-7.569092e+07,6.736018e+07,313.22525
188,66485.1328125,zz,-9.248809e+07,-7.569092e+07,6.736018e+07,313.22525
189,99737.703125,xx,-7.572552e+07,-7.569092e+07,6.736018e+07,313.22525
190,99737.703125,xy,8.026165e-11,-7.569092e+07,6.736018e+07,313.22525
191,99737.703125,xz,-45113.645,-7.569092e+07,6.736018e+07,313.22525
192,99737.703125,yx,8.026165e-11,-7.569092e+07,6.736018e+07,313.22525
193,99737.703125,yy,-7.569108e+07,-7.569092e+07,6.736018e+07,313.22525
194,99737.703125,yz,-51967.15,-7.569092e+07,6.736018e+07,313.22525
195,99737.703125,zx,-45113.645,-7.569092e+07,6.736018e+07,313.22525
196,99737.703125,zy,-51967.15,-7.569092e+07,6.736018e+07,313.22525
197,99737.703125,zz,-9.248809e+07,-7.569092e+07,6.736018e+07,313.22525
198,149616.546875,xx,-7.547863e+07,-7.545904e+07,6.759409e+07,309.789
199,149616.546875,xy,2.7811144e-11,-7.545904e+07,6.759409e+07,309.789
200,149616.546875,xz,-46634.676,-7.545904e+07,6.759409e+07,309.789
201,149616.546875,yx,2.7811144e-11,-7.545904e+07,6.759409e+07,309.789
202,149616.546875,yy,-7.545924e+07,-7.545904e+07,6.759409e+07,309.789
203,149616.546875,yz,-56728.52,-7.545904e+07,6.759409e+07,309.789
204,149616.546875,zx,-46634.676,-7.545904e+07,6.759409e+07,309.789
205,149616.546875,zy,-56728.52,-7.545904e+07,6.759409e+07,309.789
206,149616.546875,zz,-9.197967e+07,-7.545904e+07,6.759409e+07,309.789
207,224434.828125,xx,-7.57066e+07,-7.5706504e+07,6.82103e+07,308.13126
208,224434.828125,xy,2.0870545e-11,-7.5706504e+07,6.82103e+07,308.13126
209,224434.828125,xz,-38524.234,-7.5706504e+07,6.82103e+07,308.13126
210,224434.828125,yx,2.0870545e-11,-7.5706504e+07,6.82103e+07,308.13126
211,224434.828125,yy,-7.570794e+07,-7.5706504e+07,6.82103e+07,308.13126
212,224434.828125,yz,-54958.0,-7.5706504e+07,6.82103e+07,308.13126
213,224434.828125,zx,-38524.234,-7.5706504e+07,6.82103e+07,308.13126
214,224434.828125,zy,-54958.0,-7.5706504e+07,6.82103e+07,308.13126
215,224434.828125,zz,-9.27207e+07,-7.5706504e+07,6.82103e+07,308.13126
216,336662.25,xx,-7.559835e+07,-7.5595e+07,6.80547e+07,308.151
217,336662.25,xy,1.4168731e-11,-7.5595e+07,6.80547e+07,308.151
218,336662.25,xz,-39504.05,-7.5595e+07,6.80547e+07,308.151
219,336662.25,yx,1.4168731e-11,-7.5595e+07,6.80547e+07,308.151
220,336662.25,yy,-7.559519e+07,-7.5595e+07,6.80547e+07,308.151
221,336662.25,yz,-56674.84,-7.5595e+07,6.80547e+07,308.151
222,336662.25,zx,-39504.05,-7.5595e+07,6.80547e+07,308.151
223,336662.25,zy,-56674.84,-7.5595e+07,6.80547e+07,308.151
224,336662.25,zz,-9.238662e+07,-7.5595e+07,6.80547e+07,308.151
225,505003.375,xx,-7.5886616e+07,-7.588653e+07,6.848844e+07,308.1255
226,505003.375,xy,3.7797404e-11,-7.588653e+07,6.848844e+07,308.1255
227,505003.375,xz,-38887.97,-7.588653e+07,6.848844e+07,308.1255
228,505003.375,yx,3.7797404e-11,-7.588653e+07,6.848844e+07,308.1255
229,505003.375,yy,-7.5889256e+07,-7.588653e+07,6.848844e+07,308.1255
230,505003.375,yz,-52976.953,-7.588653e+07,6.848844e+07,308.1255
231,505003.375,zx,-38887.97,-7.588653e+07,6.848844e+07,308.1255
232,505003.375,zy,-52976.953,-7.588653e+07,6.848844e+07,308.1255
233,505003.375,zz,-9.340149e+07,-7.588653e+07,6.848844e+07,308.1255
234,757515.0625,xx,-7.5945624e+07,-7.594552e+07,6.8604664e+07,308.1237
235,757515.0625,xy,4.70903e-11,-7.594552e+07,6.8604664e+07,308.1237
236,757515.0625,xz,-39283.64,-7.594552e+07,6.8604664e+07,308.1237
237,757515.0625,yx,4.70903e-11,-7.594552e+07,6.8604664e+07,308.1237
238,757515.0625,yy,-7.59466e+07,-7.594552e+07,6.8604664e+07,308.1237
239,757515.0625,yz,-52281.67,-7.594552e+07,6.8604664e+07,308.1237
240,757515.0625,zx,-39283.64,-7.594552e+07,6.8604664e+07,308.1237
241,757515.0625,zy,-52281.67,-7.594552e+07,6.8604664e+07,308.1237
242,757515.0625,zz,-9.371253e+07,-7.594552e+07,6.8604664e+07,308.1237
243,1136282.625,xx,-7.599483e+07,-7.599424e+07,6.874205e+07,308.12268
244,1136282.625,xy,5.6811122e-11,-7.599424e+07,6.874205e+07,308.12268
245,1136282.625,xz,-39595.164,-7.599424e+07,6.874205e+07,308.12268
246,1136282.625,yx,5.6811122e-11,-7.599424e+07,6.874205e+07,308.12268
247,1136282.625,yy,-7.599441e+07,-7.599424e+07,6.874205e+07,308.12268
248,1136282.625,yz,-51615.27,-7.599424e+07,6.874205e+07,308.12268
249,1136282.625,zx,-39595.164,-7.599424e+07,6.874205e+07,308.12268
250,1136282.625,zy,-51615.27,-7.599424e+07,6.874205e+07,308.12268
251,1136282.625,zz,-9.3992456e+07,-7.599424e+07,6.874205e+07,308.12268
252,1636282.625,xx,-7.6064584e+07,-7.6062744e+07,6.893474e+07,308.12106
253,1636282.625,xy,6.8181835e-11,-7.6062744e+07,6.893474e+07,308.12106
254,1636282.625,xz,-40041.203,-7.6062744e+07,6.893474e+07,308.12106
255,1636282.625,yx,6.8181835e-11,-7.6062744e+07,6.893474e+07,308.12106
256,1636282.625,yy,-7.60629e+07,-7.6062744e+07,6.893474e+07,308.12106
257,1636282.625,yz,-50462.082,-7.6062744e+07,6.893474e+07,308.12106
258,1636282.625,zx,-40041.203,-7.6062744e+07,6.893474e+07,308.12106
259,1636282.625,zy,-50462.082,-7.6062744e+07,6.893474e+07,308.12106
260,1636282.625,zz,-9.4318664e+07,-7.6062744e+07,6.893474e+07,308.12106
261,2136282.5,xx,-7.609367e+07,-7.60914e+07,6.900157e+07,308.12036
262,2136282.5,xy,7.035641e-11,-7.60914e+07,6.900157e+07,308.12036
263,2136282.5,xz,-40118.25,-7.60914e+07,6.900157e+07,308.12036
264,2136282.5,yx,7.035641e-11,-7.60914e+07,6.900157e+07,308.12036
265,2136282.5,yy,-7.6091544e+07,-7.60914e+07,6.900157e+07,308.12036
266,2136282.5,yz,-49958.94,-7.60914e+07,6.900157e+07,308.12036
267,2136282.5,zx,-40118.25,-7.60914e+07,6.900157e+07,308.12036
268,2136282.5,zy,-49958.94,-7.60914e+07,6.900157e+07,308.12036
269,2136282.5,zz,-9.4390664e+07,-7.60914e+07,6.900157e+07,308.12036
270,2636282.5,xx,-7.612366e+07,-7.6121784e+07,6.906609e+07,308.11984
271,2636282.5,xy,7.1739246e-11,-7.6121784e+07,6.906609e+07,308.11984
272,2636282.5,xz,-39963.14,-7.6121784e+07,6.906609e+07,308.11984
273,2636282.5,yx,7.1739246e-11,-7.6121784e+07,6.906609e+07,308.11984
274,2636282.5,yy,-7.612193e+07,-7.6121784e+07,6.906609e+07,308.11984
275,2636282.5,yz,-49445.645,-7.6121784e+07,6.906609e+07,308.11984
276,2636282.5,zx,-39963.14,-7.6121784e+07,6.906609e+07,308.11984
277,2636282.5,zy,-49445.645,-7.6121784e+07,6.906609e+07,308.11984
278,2636282.5,zz,-9.4442456e+07,-7.6121784e+07,6.906609e+07,308.11984
279,3136282.5,xx,-7.614578e+07,-7.614309e+07,6.9124184e+07,308.11926
280,3136282.5,xy,7.339858e-11,-7.614309e+07,6.9124184e+07,308.11926
281,3136282.5,xz,-39755.566,-7.614309e+07,6.9124184e+07,308.11926
282,3136282.5,yx,7.339858e-11,-7.614309e+07,6.9124184e+07,308.11926
283,3136282.5,yy,-7.6143224e+07,-7.614309e+07,6.9124184e+07,308.11926
284,3136282.5,yz,-48905.08,-7.614309e+07,6.9124184e+07,308.11926
285,3136282.5,zx,-39755.566,-7.614309e+07,6.9124184e+07,308.11926
286,3136282.5,zy,-48905.08,-7.614309e+07,6.9124184e+07,308.11926
287,3136282.5,zz,-9.4491016e+07,-7.614309e+07,6.9124184e+07,308.11926
288,3636282.5,xx,-7.6162e+07,-7.6158904e+07,6.919282e+07,308.11874
289,3636282.5,xy,7.590324e-11,-7.6158904e+07,6.919282e+07,308.11874
290,3636282.5,xz,-39486.2,-7.6158904e+07,6.919282e+07,308.11874
291,3636282.5,yx,7.590324e-11,-7.6158904e+07,6.919282e+07,308.11874
292,3636282.5,yy,-7.615904e+07,-7.6158904e+07,6.919282e+07,308.11874
293,3636282.5,yz,-48300.977,-7.6158904e+07,6.919282e+07,308.11874
294,3636282.5,zx,-39486.2,-7.6158904e+07,6.919282e+07,308.11874
295,3636282.5,zy,-48300.977,-7.6158904e+07,6.919282e+07,308.11874
296,3636282.5,zz,-9.4540984e+07,-7.6158904e+07,6.919282e+07,308.11874
297,4136282.5,xx,-7.6172536e+07,-7.617031e+07,6.926915e+07,308.11816
298,4136282.5,xy,7.9249704e-11,-7.617031e+07,6.926915e+07,308.11816
299,4136282.5,xz,-39202.402,-7.617031e+07,6.926915e+07,308.11816
300,4136282.5,yx,7.9249704e-11,-7.617031e+07,6.926915e+07,308.11816
301,4136282.5,yy,-7.617044e+07,-7.617031e+07,6.926915e+07,308.11816
302,4136282.5,yz,-47617.61,-7.617031e+07,6.926915e+07,308.11816
303,4136282.5,zx,-39202.402,-7.617031e+07,6.926915e+07,308.11816
304,4136282.5,zy,-47617.61,-7.617031e+07,6.926915e+07,308.11816
305,4136282.5,zz,-9.459459e+07,-7.617031e+07,6.926915e+07,308.11816
306,4636282.5,xx,-7.6172536e+07,-7.617031e+07,6.926915e+07,308.11816
307,4636282.5,xy,7.9249704e-11,-7.617031e+07,6.926915e+07,308.11816
308,4636282.5,xz,-39202.402,-7.617031e+07,6.926915e+07,308.11816
309,4636282.5,yx,7.9249704e-11,-7.617031e+07,6.926915e+07,308.11816
310,4636282.5,yy,-7.617044e+07,-7.617031e+07,6.926915e+07,308.11816
311,4636282.5,yz,-47617.61,-7.617031e+07,6.926915e+07,308.11816
312,4636282.5,zx,-39202.402,-7.617031e+07,6.926915e+07,308.11816
313,4636282.5,zy,-47617.61,-7.617031e+07,6.926915e+07,308.11816
314,4636282.5,zz,-9.459459e+07,-7.617031e+07,6.926915e+07,308.11816
315,5136282.5,xx,-7.61782e+07,-7.617647e+07,6.9327944e+07,308.11755
316,5136282.5,xy,8.195176e-11,-7.617647e+07,6.9327944e+07,308.11755
317,5136282.5,xz,-38836.637,-7.617647e+07,6.9327944e+07,308.11755
318,5136282.5,yx,8.195176e-11,-7.617647e+07,6.9327944e+07,308.11755
319,5136282.5,yy,-7.617659e+07,-7.617647e+07,6.9327944e+07,308.11755
320,5136282.5,yz,-46860.168,-7.617647e+07,6.9327944e+07,308.11755
321,5136282.5,zx,-38836.637,-7.617647e+07,6.9327944e+07,308.11755
322,5136282.5,zy,-46860.168,-7.617647e+07,6.9327944e+07,308.11755
323,5136282.5,zz,-9.463437e+07,-7.617647e+07,6.9327944e+07,308.11755
324,5636282.5,xx,-7.61782e+07,-7.617647e+07,6.9327944e+07,308.11755
325,5636282.5,xy,8.195176e-11,-7.617647e+07,6.9327944e+07,308.11755
326,5636282.5,xz,-38836.637,-7.617647e+07,6.9327944e+07,308.11755
327,5636282.5,yx,8.195176e-11,-7.617647e+07,6.9327944e+07,308.11755
328,5636282.5,yy,-7.617659e+07,-7.617647e+07,6.9327944e+07,308.11755
329,5636282.5,yz,-46860.168,-7.617647e+07,6.9327944e+07,308.11755
330,5636282.5,zx,-38836.637,-7.617647e+07,6.9327944e+07,308.11755
331,5636282.5,zy,-46860.168,-7.617647e+07,6.9327944e+07,308.11755
332,5636282.5,zz,-9.463437e+07,-7.617647e+07,6.9327944e+07,308.11755
333,6136282.5,xx,-7.6176776e+07,-7.617488e+07,6.938589e+07,308.11694
334,6136282.5,xy,8.52605e-11,-7.617488e+07,6.938589e+07,308.11694
335,6136282.5,xz,-38377.84,-7.617488e+07,6.938589e+07,308.11694
336,6136282.5,yx,8.52605e-11,-7.617488e+07,6.938589e+07,308.11694
337,6136282.5,yy,-7.6175e+07,-7.617488e+07,6.938589e+07,308.11694
338,6136282.5,yz,-46023.098,-7.617488e+07,6.938589e+07,308.11694
339,6136282.5,zx,-38377.84,-7.617488e+07,6.938589e+07,308.11694
340,6136282.5,zy,-46023.098,-7.617488e+07,6.938589e+07,308.11694
341,6136282.5,zz,-9.4677304e+07,-7.617488e+07,6.938589e+07,308.11694
342,6636282.5,xx,-7.6176776e+07,-7.617488e+07,6.938589e+07,308.11694
343,6636282.5,xy,8.52605e-11,-7.617488e+07,6.938589e+07,308.11694
344,6636282.5,xz,-38377.84,-7.617488e+07,6.938589e+07,308.11694
345,6636282.5,yx,8.52605e-11,-7.617488e+07,6.938589e+07,308.11694
346,6636282.5,yy,-7.6175e+07,-7.617488e+07,6.938589e+07,308.11694
347,6636282.5,yz,-46023.098,-7.617488e+07,6.938589e+07,308.11694
348,6636282.5,zx,-38377.84,-7.617488e+07,6.938589e+07,308.11694
349,6636282.5,zy,-46023.098,-7.617488e+07,6.938589e+07,308.11694
350,6636282.5,zz,-9.4677304e+07,-7.617488e+07,6.938589e+07,308.11694
351,7136282.5,xx,-7.617751e+07,-7.617528e+07,6.94485e+07,308.11633
352,7136282.5,xy,8.8219064e-11,-7.617528e+07,6.94485e+07,308.11633
353,7136282.5,xz,-37904.645,-7.617528e+07,6.94485e+07,308.11633
354,7136282.5,yx,8.8219064e-11,-7.617528e+07,6.94485e+07,308.11633
355,7136282.5,yy,-7.617539e+07,-7.617528e+07,6.94485e+07,308.11633
356,7136282.5,yz,-45197.566,-7.617528e+07,6.94485e+07,308.11633
357,7136282.5,zx,-37904.645,-7.617528e+07,6.94485e+07,308.11633
358,7136282.5,zy,-45197.566,-7.617528e+07,6.94485e+07,308.11633
359,7136282.5,zz,-9.471063e+07,-7.617528e+07,6.94485e+07,308.11633
360,7636282.5,xx,-7.617751e+07,-7.617528e+07,6.94485e+07,308.11633
361,7636282.5,xy,8.8219064e-11,-7.617528e+07,6.94485e+07,308.11633
362,7636282.5,xz,-37904.645,-7.617528e+07,6.94485e+07,308.11633
363,7636282.5,yx,8.8219064e-11,-7.617528e+07,6.94485e+07,308.11633
364,7636282.5,yy,-7.617539e+07,-7.617528e+07,6.94485e+07,308.11633
365,7636282.5,yz,-45197.566,-7.617528e+07,6.94485e+07,308.11633
366,7636282.5,zx,-37904.645,-7.617528e+07,6.94485e+07,308.11633
367,7636282.5,zy,-45197.566,-7.617528e+07,6.94485e+07,308.11633
368,7636282.5,zz,-9.471063e+07,-7.617528e+07,6.94485e+07,308.11633
369,8136282.5,xx,-7.617516e+07,-7.61727e+07,6.9497816e+07,308.11584
370,8136282.5,xy,9.07565e-11,-7.61727e+07,6.9497816e+07,308.11584
371,8136282.5,xz,-37430.93,-7.61727e+07,6.9497816e+07,308.11584
372,8136282.5,yx,9.07565e-11,-7.61727e+07,6.9497816e+07,308.11584
373,8136282.5,yy,-7.617282e+07,-7.61727e+07,6.9497816e+07,308.11584
374,8136282.5,yz,-44427.273,-7.61727e+07,6.9497816e+07,308.11584
375,8136282.5,zx,-37430.93,-7.61727e+07,6.9497816e+07,308.11584
376,8136282.5,zy,-44427.273,-7.61727e+07,6.9497816e+07,308.11584
377,8136282.5,zz,-9.473623e+07,-7.61727e+07,6.9497816e+07,308.11584
378,8636283.0,xx,-7.617516e+07,-7.61727e+07,6.9497816e+07,308.11584
379,8636283.0,xy,9.07565e-11,-7.61727e+07,6.9497816e+07,308.11584
380,8636283.0,xz,-37430.93,-7.61727e+07,6.9497816e+07,308.11584
381,8636283.0,yx,9.07565e-11,-7.61727e+07,6.9497816e+07,308.11584
382,8636283.0,yy,-7.617282e+07,-7.61727e+07,6.9497816e+07,308.11584
383,8636283.0,yz,-44427.273,-7.61727e+07,6.9497816e+07,308.11584
384,8636283.0,zx,-37430.93,-7.61727e+07,6.9497816e+07,308.11584
385,8636283.0,zy,-44427.273,-7.61727e+07,6.9497816e+07,308.11584
386,8636283.0,zz,-9.473623e+07,-7.61727e+07,6.9497816e+07,308.11584
387,9136283.0,xx,-7.6174776e+07,-7.6171736e+07,6.954993e+07,308.11533
388,9136283.0,xy,9.306251e-11,-7.6171736e+07,6.954993e+07,308.11533
389,9136283.0,xz,-36971.3,-7.6171736e+07,6.954993e+07,308.11533
390,9136283.0,yx,9.306251e-11,-7.6171736e+07,6.954993e+07,308.11533
391,9136283.0,yy,-7.617184e+07,-7.6171736e+07,6.954993e+07,308.11533
392,9136283.0,yz,-43701.547,-7.6171736e+07,6.954993e+07,308.11533
393,9136283.0,zx,-36971.3,-7.6171736e+07,6.954993e+07,308.11533
394,9136283.0,zy,-43701.547,-7.6171736e+07,6.954993e+07,308.11533
395,9136283.0,zz,-9.475728e+07,-7.6171736e+07,6.954993e+07,308.11533
396,9636283.0,xx,-7.6174776e+07,-7.6171736e+07,6.954993e+07,308.11533
397,9636283.0,xy,9.306251e-11,-7.6171736e+07,6.954993e+07,308.11533
398,9636283.0,xz,-36971.3,-7.6171736e+07,6.954993e+07,308.11533
399,9636283.0,yx,9.306251e-11,-7.6171736e+07,6.954993e+07,308.11533
400,9636283.0,yy,-7.617184e+07,-7.6171736e+07,6.954993e+07,308.11533
401,9636283.0,yz,-43701.547,-7.6171736e+07,6.954993e+07,308.11533
402,9636283.0,zx,-36971.3,-7.6171736e+07,6.954993e+07,308.11533
403,9636283.0,zy,-43701.547,-7.6171736e+07,6.954993e+07,308.11533
404,9636283.0,zz,-9.475728e+07,-7.6171736e+07,6.954993e+07,308.11533
405,10136283.0,xx,-7.617406e+07,-7.61717e+07,6.9596456e+07,308.11493
406,10136283.0,xy,9.509881e-11,-7.61717e+07,6.9596456e+07,308.11493
407,10136283.0,xz,-36521.25,-7.61717e+07,6.9596456e+07,308.11493
408,10136283.0,yx,9.509881e-11,-7.61717e+07,6.9596456e+07,308.11493
409,10136283.0,yy,-7.61718e+07,-7.61717e+07,6.9596456e+07,308.11493
410,10136283.0,yz,-43014.66,-7.61717e+07,6.9596456e+07,308.11493
411,10136283.0,zx,-36521.25,-7.61717e+07,6.9596456e+07,308.11493
412,10136283.0,zy,-43014.66,-7.61717e+07,6.9596456e+07,308.11493
413,10136283.0,zz,-9.477324e+07,-7.61717e+07,6.9596456e+07,308.11493
414,10636283.0,xx,-7.617406e+07,-7.61717e+07,6.9596456e+07,308.11493
415,10636283.0,xy,9.509881e-11,-7.61717e+07,6.9596456e+07,308.11493
416,10636283.0,xz,-36521.25,-7.61717e+07,6.9596456e+07,308.11493
417,10636283.0,yx,9.509881e-11,-7.61717e+07,6.9596456e+07,308.11493
418,10636283.0,yy,-7.61718e+07,-7.61717e+07,6.9596456e+07,308.11493
419,10636283.0,yz,-43014.66,-7.61717e+07,6.9596456e+07,308.11493
420,10636283.0,zx,-36521.25,-7.61717e+07,6.9596456e+07,308.11493
421,10636283.0,zy,-43014.66,-7.61717e+07,6.9596456e+07,308.11493
422,10636283.0,zz,-9.477324e+07,-7.61717e+07,6.9596456e+07,308.11493
423,11136283.0,xx,-7.617311e+07,-7.617041e+07,6.963401e+07,308.11453
424,11136283.0,xy,9.6641806e-11,-7.617041e+07,6.963401e+07,308.11453
425,11136283.0,xz,-36089.34,-7.617041e+07,6.963401e+07,308.11453
426,11136283.0,yx,9.6641806e-11,-7.617041e+07,6.963401e+07,308.11453
427,11136283.0,yy,-7.6170504e+07,-7.617041e+07,6.963401e+07,308.11453
428,11136283.0,yz,-42362.895,-7.617041e+07,6.963401e+07,308.11453
429,11136283.0,zx,-36089.34,-7.617041e+07,6.963401e+07,308.11453
430,11136283.0,zy,-42362.895,-7.617041e+07,6.963401e+07,308.11453
431,11136283.0,zz,-9.4783176e+07,-7.617041e+07,6.963401e+07,308.11453
432,11636283.0,xx,-7.617311e+07,-7.617041e+07,6.963401e+07,308.11453
433,11636283.0,xy,9.6641806e-11,-7.617041e+07,6.963401e+07,308.11453
434,11636283.0,xz,-36089.34,-7.617041e+07,6.963401e+07,308.11453
435,11636283.0,yx,9.6641806e-11,-7.617041e+07,6.963401e+07,308.11453
436,11636283.0,yy,-7.6170504e+07,-7.617041e+07,6.963401e+07,308.11453
437,11636283.0,yz,-42362.895,-7.617041e+07,6.963401e+07,308.11453
438,11636283.0,zx,-36089.34,-7.617041e+07,6.963401e+07,308.11453
439,11636283.0,zy,-42362.895,-7.617041e+07,6.963401e+07,308.11453
440,11636283.0,zz,-9.4783176e+07,-7.617041e+07,6.963401e+07,308.11453
441,12136283.0,xx,-7.617321e+07,-7.617051e+07,6.967113e+07,308.11414
442,12136283.0,xy,9.798777e-11,-7.617051e+07,6.967113e+07,308.11414
443,12136283.0,xz,-35670.13,-7.617051e+07,6.967113e+07,308.11414
444,12136283.0,yx,9.798777e-11,-7.617051e+07,6.967113e+07,308.11414
445,12136283.0,yy,-7.617061e+07,-7.617051e+07,6.967113e+07,308.11414
446,12136283.0,yz,-41740.88,-7.617051e+07,6.967113e+07,308.11414
447,12136283.0,zx,-35670.13,-7.617051e+07,6.967113e+07,308.11414
448,12136283.0,zy,-41740.88,-7.617051e+07,6.967113e+07,308.11414
449,12136283.0,zz,-9.4789656e+07,-7.617051e+07,6.967113e+07,308.11414
450,12636283.0,xx,-7.617321e+07,-7.617051e+07,6.967113e+07,308.11414
451,12636283.0,xy,9.798777e-11,-7.617051e+07,6.967113e+07,308.11414
452,12636283.0,xz,-35670.13,-7.617051e+07,6.967113e+07,308.11414
453,12636283.0,yx,9.798777e-11,-7.617051e+07,6.967113e+07,308.11414
454,12636283.0,yy,-7.617061e+07,-7.617051e+07,6.967113e+07,308.11414
455,12636283.0,yz,-41740.88,-7.617051e+07,6.967113e+07,308.11414
456,12636283.0,zx,-35670.13,-7.617051e+07,6.967113e+07,308.11414
457,12636283.0,zy,-41740.88,-7.617051e+07,6.967113e+07,308.11414
458,12636283.0,zz,-9.4789656e+07,-7.617051e+07,6.967113e+07,308.11414
459,13136283.0,xx,-7.617344e+07,-7.6170664e+07,6.970471e+07,308.11383
460,13136283.0,xy,9.912783e-11,-7.6170664e+07,6.970471e+07,308.11383
461,13136283.0,xz,-35260.812,-7.6170664e+07,6.970471e+07,308.11383
462,13136283.0,yx,9.912783e-11,-7.6170664e+07,6.970471e+07,308.11383
463,13136283.0,yy,-7.617076e+07,-7.6170664e+07,6.970471e+07,308.11383
464,13136283.0,yz,-41147.945,-7.6170664e+07,6.970471e+07,308.11383
465,13136283.0,zx,-35260.812,-7.6170664e+07,6.970471e+07,308.11383
466,13136283.0,zy,-41147.945,-7.6170664e+07,6.970471e+07,308.11383
467,13136283.0,zz,-9.479358e+07,-7.6170664e+07,6.970471e+07,308.11383
468,13636283.0,xx,-7.617344e+07,-7.6170664e+07,6.970471e+07,308.11383
469,13636283.0,xy,9.912783e-11,-7.6170664e+07,6.970471e+07,308.11383
470,13636283.0,xz,-35260.812,-7.6170664e+07,6.970471e+07,308.11383
471,13636283.0,yx,9.912783e-11,-7.6170664e+07,6.970471e+07,308.11383
472,13636283.0,yy,-7.617076e+07,-7.6170664e+07,6.970471e+07,308.11383
473,13636283.0,yz,-41147.945,-7.6170664e+07,6.970471e+07,308.11383
474,13636283.0,zx,-35260.812,-7.6170664e+07,6.970471e+07,308.11383
475,13636283.0,zy,-41147.945,-7.6170664e+07,6.970471e+07,308.11383
476,13636283.0,zz,-9.479358e+07,-7.6170664e+07,6.970471e+07,308.11383
477,14136283.0,xx,-7.617542e+07,-7.617302e+07,6.974266e+07,308.11343
478,14136283.0,xy,1.0020912e-10,-7.617302e+07,6.974266e+07,308.11343
479,14136283.0,xz,-34865.508,-7.617302e+07,6.974266e+07,308.11343
480,14136283.0,yx,1.0020912e-10,-7.617302e+07,6.974266e+07,308.11343
481,14136283.0,yy,-7.617312e+07,-7.617302e+07,6.974266e+07,308.11343
482,14136283.0,yz,-40580.254,-7.617302e+07,6.974266e+07,308.11343
483,14136283.0,zx,-34865.508,-7.617302e+07,6.974266e+07,308.11343
484,14136283.0,zy,-40580.254,-7.617302e+07,6.974266e+07,308.11343
485,14136283.0,zz,-9.479534e+07,-7.617302e+07,6.974266e+07,308.11343
486,14636283.0,xx,-7.617542e+07,-7.617302e+07,6.974266e+07,308.11343
487,14636283.0,xy,1.0020912e-10,-7.617302e+07,6.974266e+07,308.11343
488,14636283.0,xz,-34865.508,-7.617302e+07,6.974266e+07,308.11343
489,14636283.0,yx,1.0020912e-10,-7.617302e+07,6.974266e+07,308.11343
490,14636283.0,yy,-7.617312e+07,-7.617302e+07,6.974266e+07,308.11343
491,14636283.0,yz,-40580.254,-7.617302e+07,6.974266e+07,308.11343
492,14636283.0,zx,-34865.508,-7.617302e+07,6.974266e+07,308.11343
493,14636283.0,zy,-40580.254,-7.617302e+07,6.974266e+07,308.11343
494,14636283.0,zz,-9.479534e+07,-7.617302e+07,6.974266e+07,308.11343
495,15136283.0,xx,-7.617577e+07,-7.617335e+07,6.976982e+07,308.1131
496,15136283.0,xy,1.0097971e-10,-7.617335e+07,6.976982e+07,308.1131
497,15136283.0,xz,-34479.184,-7.617335e+07,6.976982e+07,308.1131
498,15136283.0,yx,1.0097971e-10,-7.617335e+07,6.976982e+07,308.1131
499,15136283.0,yy,-7.617344e+07,-7.617335e+07,6.976982e+07,308.1131
500,15136283.0,yz,-40036.867,-7.617335e+07,6.976982e+07,308.1131
501,15136283.0,zx,-34479.184,-7.617335e+07,6.976982e+07,308.1131
502,15136283.0,zy,-40036.867,-7.617335e+07,6.976982e+07,308.1131
503,15136283.0,zz,-9.4794296e+07,-7.617335e+07,6.976982e+07,308.1131
504,15636283.0,xx,-7.617577e+07,-7.617335e+07,6.976982e+07,308.1131
505,15636283.0,xy,1.0097971e-10,-7.617335e+07,6.976982e+07,308.1131
506,15636283.0,xz,-34479.184,-7.617335e+07,6.976982e+07,308.1131
507,15636283.0,yx,1.0097971e-10,-7.617335e+07,6.976982e+07,308.1131
508,15636283.0,yy,-7.617344e+07,-7.617335e+07,6.976982e+07,308.1131
509,15636283.0,yz,-40036.867,-7.617335e+07,6.976982e+07,308.1131
510,15636283.0,zx,-34479.184,-7.617335e+07,6.976982e+07,308.1131
511,15636283.0,zy,-40036.867,-7.617335e+07,6.976982e+07,308.1131
512,15636283.0,zz,-9.4794296e+07,-7.617335e+07,6.976982e+07,308.1131
513,16136283.0,xx,-7.617728e+07,-7.6174696e+07,6.979723e+07,308.11282
514,16136283.0,xy,1.016057e-10,-7.6174696e+07,6.979723e+07,308.11282
515,16136283.0,xz,-34099.508,-7.6174696e+07,6.979723e+07,308.11282
516,16136283.0,yx,1.016057e-10,-7.6174696e+07,6.979723e+07,308.11282
517,16136283.0,yy,-7.6174776e+07,-7.6174696e+07,6.979723e+07,308.11282
518,16136283.0,yz,-39517.12,-7.6174696e+07,6.979723e+07,308.11282
519,16136283.0,zx,-34099.508,-7.6174696e+07,6.979723e+07,308.11282
520,16136283.0,zy,-39517.12,-7.6174696e+07,6.979723e+07,308.11282
521,16136283.0,zz,-9.479148e+07,-7.6174696e+07,6.979723e+07,308.11282
522,16636283.0,xx,-7.617728e+07,-7.6174696e+07,6.979723e+07,308.11282
523,16636283.0,xy,1.016057e-10,-7.6174696e+07,6.979723e+07,308.11282
524,16636283.0,xz,-34099.508,-7.6174696e+07,6.979723e+07,308.11282
525,16636283.0,yx,1.016057e-10,-7.6174696e+07,6.979723e+07,308.11282
526,16636283.0,yy,-7.6174776e+07,-7.6174696e+07,6.979723e+07,308.11282
527,16636283.0,yz,-39517.12,-7.6174696e+07,6.979723e+07,308.11282
528,16636283.0,zx,-34099.508,-7.6174696e+07,6.979723e+07,308.11282
529,16636283.0,zy,-39517.12,-7.6174696e+07,6.979723e+07,308.11282
530,16636283.0,zz,-9.479148e+07,-7.6174696e+07,6.979723e+07,308.11282
531,17136282.0,xx,-7.617824e+07,-7.617567e+07,6.982081e+07,308.1126
532,17136282.0,xy,1.0212508e-10,-7.617567e+07,6.982081e+07,308.1126
533,17136282.0,xz,-33730.14,-7.617567e+07,6.982081e+07,308.1126
534,17136282.0,yx,1.0212508e-10,-7.617567e+07,6.982081e+07,308.1126
535,17136282.0,yy,-7.617576e+07,-7.617567e+07,6.982081e+07,308.1126
536,17136282.0,yz,-39017.805,-7.617567e+07,6.982081e+07,308.1126
537,17136282.0,zx,-33730.14,-7.617567e+07,6.982081e+07,308.1126
538,17136282.0,zy,-39017.805,-7.617567e+07,6.982081e+07,308.1126
539,17136282.0,zz,-9.4787416e+07,-7.617567e+07,6.982081e+07,308.1126
540,17636282.0,xx,-7.617824e+07,-7.617567e+07,6.982081e+07,308.1126
541,17636282.0,xy,1.0212508e-10,-7.617567e+07,6.982081e+07,308.1126
542,17636282.0,xz,-33730.14,-7.617567e+07,6.982081e+07,308.1126
543,17636282.0,yx,1.0212508e-10,-7.617567e+07,6.982081e+07,308.1126
544,17636282.0,yy,-7.617576e+07,-7.617567e+07,6.982081e+07,308.1126
545,17636282.0,yz,-39017.805,-7.617567e+07,6.982081e+07,308.1126
546,17636282.0,zx,-33730.14,-7.617567e+07,6.982081e+07,308.1126
547,17636282.0,zy,-39017.805,-7.617567e+07,6.982081e+07,308.1126
548,17636282.0,zz,-9.4787416e+07,-7.617567e+07,6.982081e+07,308.1126
549,18136282.0,xx,-7.617921e+07,-7.617648e+07,6.984547e+07,308.1123
550,18136282.0,xy,1.0269396e-10,-7.617648e+07,6.984547e+07,308.1123
551,18136282.0,xz,-33371.7,-7.617648e+07,6.984547e+07,308.1123
552,18136282.0,yx,1.0269396e-10,-7.617648e+07,6.984547e+07,308.1123
553,18136282.0,yy,-7.617656e+07,-7.617648e+07,6.984547e+07,308.1123
554,18136282.0,yz,-38538.566,-7.617648e+07,6.984547e+07,308.1123
555,18136282.0,zx,-33371.7,-7.617648e+07,6.984547e+07,308.1123
556,18136282.0,zy,-38538.566,-7.617648e+07,6.984547e+07,308.1123
557,18136282.0,zz,-9.478408e+07,-7.617648e+07,6.984547e+07,308.1123
558,18636282.0,xx,-7.617921e+07,-7.617648e+07,6.984547e+07,308.1123
559,18636282.0,xy,1.0269396e-10,-7.617648e+07,6.984547e+07,308.1123
560,18636282.0,xz,-33371.7,-7.617648e+07,6.984547e+07,308.1123
561,18636282.0,yx,1.0269396e-10,-7.617648e+07,6.984547e+07,308.1123
562,18636282.0,yy,-7.617656e+07,-7.617648e+07,6.984547e+07,308.1123
563,18636282.0,yz,-38538.566,-7.617648e+07,6.984547e+07,308.1123
564,18636282.0,zx,-33371.7,-7.617648e+07,6.984547e+07,308.1123
565,18636282.0,zy,-38538.566,-7.617648e+07,6.984547e+07,308.1123
566,18636282.0,zz,-9.478408e+07,-7.617648e+07,6.984547e+07,308.1123
567,19136282.0,xx,-7.617946e+07,-7.6176376e+07,6.986871e+07,308.112
568,19136282.0,xy,1.0330706e-10,-7.6176376e+07,6.986871e+07,308.112
569,19136282.0,xz,-33026.02,-7.6176376e+07,6.986871e+07,308.112
570,19136282.0,yx,1.0330706e-10,-7.6176376e+07,6.986871e+07,308.112
571,19136282.0,yy,-7.6176456e+07,-7.6176376e+07,6.986871e+07,308.112
572,19136282.0,yz,-38078.04,-7.6176376e+07,6.986871e+07,308.112
573,19136282.0,zx,-33026.02,-7.6176376e+07,6.986871e+07,308.112
574,19136282.0,zy,-38078.04,-7.6176376e+07,6.986871e+07,308.112
575,19136282.0,zz,-9.478188e+07,-7.6176376e+07,6.986871e+07,308.112
576,19636282.0,xx,-7.617946e+07,-7.6176376e+07,6.986871e+07,308.112
577,19636282.0,xy,1.0330706e-10,-7.6176376e+07,6.986871e+07,308.112
578,19636282.0,xz,-33026.02,-7.6176376e+07,6.986871e+07,308.112
579,19636282.0,yx,1.0330706e-10,-7.6176376e+07,6.986871e+07,308.112
580,19636282.0,yy,-7.6176456e+07,-7.6176376e+07,6.986871e+07,308.112
581,19636282.0,yz,-38078.04,-7.6176376e+07,6.986871e+07,308.112
582,19636282.0,zx,-33026.02,-7.6176376e+07,6.986871e+07,308.112
583,19636282.0,zy,-38078.04,-7.6176376e+07,6.986871e+07,308.112
584,19636282.0,zz,-9.478188e+07,-7.6176376e+07,6.986871e+07,308.112
585,20136282.0,xx,-7.6179144e+07,-7.617624e+07,6.9891656e+07,308.1118
586,20136282.0,xy,1.03984044e-10,-7.617624e+07,6.9891656e+07,308.1118
587,20136282.0,xz,-32690.28,-7.617624e+07,6.9891656e+07,308.1118
588,20136282.0,yx,1.03984044e-10,-7.617624e+07,6.9891656e+07,308.1118
589,20136282.0,yy,-7.617632e+07,-7.617624e+07,6.9891656e+07,308.1118
590,20136282.0,yz,-37632.51,-7.617624e+07,6.9891656e+07,308.1118
591,20136282.0,zx,-32690.28,-7.617624e+07,6.9891656e+07,308.1118
592,20136282.0,zy,-37632.51,-7.617624e+07,6.9891656e+07,308.1118
593,20136282.0,zz,-9.477998e+07,-7.617624e+07,6.9891656e+07,308.1118
594,20636282.0,xx,-7.6179144e+07,-7.617624e+07,6.9891656e+07,308.1118
595,20636282.0,xy,1.03984044e-10,-7.617624e+07,6.9891656e+07,308.1118
596,20636282.0,xz,-32690.28,-7.617624e+07,6.9891656e+07,308.1118
597,20636282.0,yx,1.03984044e-10,-7.617624e+07,6.9891656e+07,308.1118
598,20636282.0,yy,-7.617632e+07,-7.617624e+07,6.9891656e+07,308.1118
599,20636282.0,yz,-37632.51,-7.617624e+07,6.9891656e+07,308.1118
600,20636282.0,zx,-32690.28,-7.617624e+07,6.9891656e+07,308.1118
601,20636282.0,zy,-37632.51,-7.617624e+07,6.9891656e+07,308.1118
602,20636282.0,zz,-9.477998e+07,-7.617624e+07,6.9891656e+07,308.1118
603,21136282.0,xx,-7.617843e+07,-7.617522e+07,6.991024e+07,308.1115
604,21136282.0,xy,1.04505224e-10,-7.617522e+07,6.991024e+07,308.1115
605,21136282.0,xz,-32365.611,-7.617522e+07,6.991024e+07,308.1115
606,21136282.0,yx,1.04505224e-10,-7.617522e+07,6.991024e+07,308.1115
607,21136282.0,yy,-7.61753e+07,-7.617522e+07,6.991024e+07,308.1115
608,21136282.0,yz,-37202.28,-7.617522e+07,6.991024e+07,308.1115
609,21136282.0,zx,-32365.611,-7.617522e+07,6.991024e+07,308.1115
610,21136282.0,zy,-37202.28,-7.617522e+07,6.991024e+07,308.1115
611,21136282.0,zz,-9.477707e+07,-7.617522e+07,6.991024e+07,308.1115
612,21636282.0,xx,-7.617843e+07,-7.617522e+07,6.991024e+07,308.1115
613,21636282.0,xy,1.04505224e-10,-7.617522e+07,6.991024e+07,308.1115
614,21636282.0,xz,-32365.611,-7.617522e+07,6.991024e+07,308.1115
615,21636282.0,yx,1.04505224e-10,-7.617522e+07,6.991024e+07,308.1115
616,21636282.0,yy,-7.61753e+07,-7.617522e+07,6.991024e+07,308.1115
617,21636282.0,yz,-37202.28,-7.617522e+07,6.991024e+07,308.1115
618,21636282.0,zx,-32365.611,-7.617522e+07,6.991024e+07,308.1115
619,21636282.0,zy,-37202.28,-7.617522e+07,6.991024e+07,308.1115
620,21636282.0,zz,-9.477707e+07,-7.617522e+07,6.991024e+07,308.1115
621,22136282.0,xx,-7.6178e+07,-7.617479e+07,6.9930584e+07,308.1113
622,22136282.0,xy,1.0509617e-10,-7.617479e+07,6.9930584e+07,308.1113
623,22136282.0,xz,-32050.377,-7.617479e+07,6.9930584e+07,308.1113
624,22136282.0,yx,1.0509617e-10,-7.617479e+07,6.9930584e+07,308.1113
625,22136282.0,yy,-7.617487e+07,-7.617479e+07,6.9930584e+07,308.1113
626,22136282.0,yz,-36785.383,-7.617479e+07,6.9930584e+07,308.1113
627,22136282.0,zx,-32050.377,-7.617479e+07,6.9930584e+07,308.1113
628,22136282.0,zy,-36785.383,-7.617479e+07,6.9930584e+07,308.1113
629,22136282.0,zz,-9.477489e+07,-7.617479e+07,6.9930584e+07,308.1113
630,22636282.0,xx,-7.6178e+07,-7.617479e+07,6.9930584e+07,308.1113
631,22636282.0,xy,1.0509617e-10,-7.617479e+07,6.9930584e+07,308.1113
632,22636282.0,xz,-32050.377,-7.617479e+07,6.9930584e+07,308.1113
633,22636282.0,yx,1.0509617e-10,-7.617479e+07,6.9930584e+07,308.1113
634,22636282.0,yy,-7.617487e+07,-7.617479e+07,6.9930584e+07,308.1113
635,22636282.0,yz,-36785.383,-7.617479e+07,6.9930584e+07,308.1113
636,22636282.0,zx,-32050.377,-7.617479e+07,6.9930584e+07,308.1113
637,22636282.0,zy,-36785.383,-7.617479e+07,6.9930584e+07,308.1113
638,22636282.0,zz,-9.477489e+07,-7.617479e+07,6.9930584e+07,308.1113
639,23136282.0,xx,-7.61769e+07,-7.617407e+07,6.994849e+07,308.11108
640,23136282.0,xy,1.0567409e-10,-7.617407e+07,6.994849e+07,308.11108
641,23136282.0,xz,-31745.463,-7.617407e+07,6.994849e+07,308.11108
642,23136282.0,yx,1.0567409e-10,-7.617407e+07,6.994849e+07,308.11108
643,23136282.0,yy,-7.617414e+07,-7.617407e+07,6.994849e+07,308.11108
644,23136282.0,yz,-36382.86,-7.617407e+07,6.994849e+07,308.11108
645,23136282.0,zx,-31745.463,-7.617407e+07,6.994849e+07,308.11108
646,23136282.0,zy,-36382.86,-7.617407e+07,6.994849e+07,308.11108
647,23136282.0,zz,-9.477266e+07,-7.617407e+07,6.994849e+07,308.11108
648,23636282.0,xx,-7.61769e+07,-7.617407e+07,6.994849e+07,308.11108
649,23636282.0,xy,1.0567409e-10,-7.617407e+07,6.994849e+07,308.11108
650,23636282.0,xz,-31745.463,-7.617407e+07,6.994849e+07,308.11108
651,23636282.0,yx,1.0567409e-10,-7.617407e+07,6.994849e+07,308.11108
652,23636282.0,yy,-7.617414e+07,-7.617407e+07,6.994849e+07,308.11108
653,23636282.0,yz,-36382.86,-7.617407e+07,6.994849e+07,308.11108
654,23636282.0,zx,-31745.463,-7.617407e+07,6.994849e+07,308.11108
655,23636282.0,zy,-36382.86,-7.617407e+07,6.994849e+07,308.11108
656,23636282.0,zz,-9.477266e+07,-7.617407e+07,6.994849e+07,308.11108
657,24136282.0,xx,-7.617615e+07,-7.6172904e+07,6.9967064e+07,308.1108
658,24136282.0,xy,1.0622478e-10,-7.6172904e+07,6.9967064e+07,308.1108
659,24136282.0,xz,-31449.42,-7.6172904e+07,6.9967064e+07,308.1108
660,24136282.0,yx,1.0622478e-10,-7.6172904e+07,6.9967064e+07,308.1108
661,24136282.0,yy,-7.617297e+07,-7.6172904e+07,6.9967064e+07,308.1108
662,24136282.0,yz,-35993.67,-7.6172904e+07,6.9967064e+07,308.1108
663,24136282.0,zx,-31449.42,-7.6172904e+07,6.9967064e+07,308.1108
664,24136282.0,zy,-35993.67,-7.6172904e+07,6.9967064e+07,308.1108
665,24136282.0,zz,-9.4770696e+07,-7.6172904e+07,6.9967064e+07,308.1108
666,24636282.0,xx,-7.617615e+07,-7.6172904e+07,6.9967064e+07,308.1108
667,24636282.0,xy,1.0622478e-10,-7.6172904e+07,6.9967064e+07,308.1108
668,24636282.0,xz,-31449.42,-7.6172904e+07,6.9967064e+07,308.1108
669,24636282.0,yx,1.0622478e-10,-7.6172904e+07,6.9967064e+07,308.1108
670,24636282.0,yy,-7.617297e+07,-7.6172904e+07,6.9967064e+07,308.1108
671,24636282.0,yz,-35993.67,-7.6172904e+07,6.9967064e+07,308.1108
672,24636282.0,zx,-31449.42,-7.6172904e+07,6.9967064e+07,308.1108
673,24636282.0,zy,-35993.67,-7.6172904e+07,6.9967064e+07,308.1108
674,24636282.0,zz,-9.4770696e+07,-7.6172904e+07,6.9967064e+07,308.1108
675,25136282.0,xx,-7.6175064e+07,-7.6172344e+07,6.998446e+07,308.1106
676,25136282.0,xy,1.0678099e-10,-7.6172344e+07,6.998446e+07,308.1106
677,25136282.0,xz,-31161.568,-7.6172344e+07,6.998446e+07,308.1106
678,25136282.0,yx,1.0678099e-10,-7.6172344e+07,6.998446e+07,308.1106
679,25136282.0,yy,-7.617241e+07,-7.6172344e+07,6.998446e+07,308.1106
680,25136282.0,yz,-35615.863,-7.6172344e+07,6.998446e+07,308.1106
681,25136282.0,zx,-31161.568,-7.6172344e+07,6.998446e+07,308.1106
682,25136282.0,zy,-35615.863,-7.6172344e+07,6.998446e+07,308.1106
683,25136282.0,zz,-9.476816e+07,-7.6172344e+07,6.998446e+07,308.1106
684,25636282.0,xx,-7.6175064e+07,-7.6172344e+07,6.998446e+07,308.1106
685,25636282.0,xy,1.0678099e-10,-7.6172344e+07,6.998446e+07,308.1106
686,25636282.0,xz,-31161.568,-7.6172344e+07,6.998446e+07,308.1106
687,25636282.0,yx,1.0678099e-10,-7.6172344e+07,6.998446e+07,308.1106
688,25636282.0,yy,-7.617241e+07,-7.6172344e+07,6.998446e+07,308.1106
689,25636282.0,yz,-35615.863,-7.6172344e+07,6.998446e+07,308.1106
690,25636282.0,zx,-31161.568,-7.6172344e+07,6.998446e+07,308.1106
691,25636282.0,zy,-35615.863,-7.6172344e+07,6.998446e+07,308.1106
692,25636282.0,zz,-9.476816e+07,-7.6172344e+07,6.998446e+07,308.1106
693,26136282.0,xx,-7.6173736e+07,-7.617087e+07,7.000045e+07,308.11038
694,26136282.0,xy,1.0730934e-10,-7.617087e+07,7.000045e+07,308.11038
695,26136282.0,xz,-30880.459,-7.617087e+07,7.000045e+07,308.11038
696,26136282.0,yx,1.0730934e-10,-7.617087e+07,7.000045e+07,308.11038
697,26136282.0,yy,-7.6170936e+07,-7.617087e+07,7.000045e+07,308.11038
698,26136282.0,yz,-35249.008,-7.617087e+07,7.000045e+07,308.11038
699,26136282.0,zx,-30880.459,-7.617087e+07,7.000045e+07,308.11038
700,26136282.0,zy,-35249.008,-7.617087e+07,7.000045e+07,308.11038
701,26136282.0,zz,-9.476621e+07,-7.617087e+07,7.000045e+07,308.11038
702,26636282.0,xx,-7.6173736e+07,-7.617087e+07,7.000045e+07,308.11038
703,26636282.0,xy,1.0730934e-10,-7.617087e+07,7.000045e+07,308.11038
704,26636282.0,xz,-30880.459,-7.617087e+07,7.000045e+07,308.11038
705,26636282.0,yx,1.0730934e-10,-7.617087e+07,7.000045e+07,308.11038
706,26636282.0,yy,-7.6170936e+07,-7.617087e+07,7.000045e+07,308.11038
707,26636282.0,yz,-35249.008,-7.617087e+07,7.000045e+07,308.11038
708,26636282.0,zx,-30880.459,-7.617087e+07,7.000045e+07,308.11038
709,26636282.0,zy,-35249.008,-7.617087e+07,7.000045e+07,308.11038
710,26636282.0,zz,-9.476621e+07,-7.617087e+07,7.000045e+07,308.11038
711,27136282.0,xx,-7.6172776e+07,-7.616962e+07,7.0016584e+07,308.1102
712,27136282.0,xy,1.078063e-10,-7.616962e+07,7.0016584e+07,308.1102
713,27136282.0,xz,-30608.498,-7.616962e+07,7.0016584e+07,308.1102
714,27136282.0,yx,1.078063e-10,-7.616962e+07,7.0016584e+07,308.1102
715,27136282.0,yy,-7.616968e+07,-7.616962e+07,7.0016584e+07,308.1102
716,27136282.0,yz,-34894.39,-7.616962e+07,7.0016584e+07,308.1102
717,27136282.0,zx,-30608.498,-7.616962e+07,7.0016584e+07,308.1102
718,27136282.0,zy,-34894.39,-7.616962e+07,7.0016584e+07,308.1102
719,27136282.0,zz,-9.476421e+07,-7.616962e+07,7.0016584e+07,308.1102
720,27636282.0,xx,-7.6172776e+07,-7.616962e+07,7.0016584e+07,308.1102
721,27636282.0,xy,1.078063e-10,-7.616962e+07,7.0016584e+07,308.1102
722,27636282.0,xz,-30608.498,-7.616962e+07,7.0016584e+07,308.1102
723,27636282.0,yx,1.078063e-10,-7.616962e+07,7.0016584e+07,308.1102
724,27636282.0,yy,-7.616968e+07,-7.616962e+07,7.0016584e+07,308.1102
725,27636282.0,yz,-34894.39,-7.616962e+07,7.0016584e+07,308.1102
726,27636282.0,zx,-30608.498,-7.616962e+07,7.0016584e+07,308.1102
727,27636282.0,zy,-34894.39,-7.616962e+07,7.0016584e+07,308.1102
728,27636282.0,zz,-9.476421e+07,-7.616962e+07,7.0016584e+07,308.1102
729,28136282.0,xx,-7.6171736e+07,-7.616871e+07,7.003227e+07,308.11
730,28136282.0,xy,1.0830747e-10,-7.616871e+07,7.003227e+07,308.11
731,28136282.0,xz,-30343.137,-7.616871e+07,7.003227e+07,308.11
732,28136282.0,yx,1.0830747e-10,-7.616871e+07,7.003227e+07,308.11
733,28136282.0,yy,-7.6168776e+07,-7.616871e+07,7.003227e+07,308.11
734,28136282.0,yz,-34549.13,-7.616871e+07,7.003227e+07,308.11
735,28136282.0,zx,-30343.137,-7.616871e+07,7.003227e+07,308.11
736,28136282.0,zy,-34549.13,-7.616871e+07,7.003227e+07,308.11
737,28136282.0,zz,-9.476214e+07,-7.616871e+07,7.003227e+07,308.11
738,28636282.0,xx,-7.6171736e+07,-7.616871e+07,7.003227e+07,308.11
739,28636282.0,xy,1.0830747e-10,-7.616871e+07,7.003227e+07,308.11
740,28636282.0,xz,-30343.137,-7.616871e+07,7.003227e+07,308.11
741,28636282.0,yx,1.0830747e-10,-7.616871e+07,7.003227e+07,308.11
742,28636282.0,yy,-7.6168776e+07,-7.616871e+07,7.003227e+07,308.11
743,28636282.0,yz,-34549.13,-7.616871e+07,7.003227e+07,308.11
744,28636282.0,zx,-30343.137,-7.616871e+07,7.003227e+07,308.11
745,28636282.0,zy,-34549.13,-7.616871e+07,7.003227e+07,308.11
746,28636282.0,zz,-9.476214e+07,-7.616871e+07,7.003227e+07,308.11
747,29136282.0,xx,-7.617053e+07,-7.616711e+07,7.004575e+07,308.10977
748,29136282.0,xy,1.0872117e-10,-7.616711e+07,7.004575e+07,308.10977
749,29136282.0,xz,-30085.82,-7.616711e+07,7.004575e+07,308.10977
750,29136282.0,yx,1.0872117e-10,-7.616711e+07,7.004575e+07,308.10977
751,29136282.0,yy,-7.6167176e+07,-7.616711e+07,7.004575e+07,308.10977
752,29136282.0,yz,-34214.137,-7.616711e+07,7.004575e+07,308.10977
753,29136282.0,zx,-30085.82,-7.616711e+07,7.004575e+07,308.10977
754,29136282.0,zy,-34214.137,-7.616711e+07,7.004575e+07,308.10977
755,29136282.0,zz,-9.4759624e+07,-7.616711e+07,7.004575e+07,308.10977
756,29636282.0,xx,-7.617053e+07,-7.616711e+07,7.004575e+07,308.10977
757,29636282.0,xy,1.0872117e-10,-7.616711e+07,7.004575e+07,308.10977
758,29636282.0,xz,-30085.82,-7.616711e+07,7.004575e+07,308.10977
759,29636282.0,yx,1.0872117e-10,-7.616711e+07,7.004575e+07,308.10977
760,29636282.0,yy,-7.6167176e+07,-7.616711e+07,7.004575e+07,308.10977
761,29636282.0,yz,-34214.137,-7.616711e+07,7.004575e+07,308.10977
762,29636282.0,zx,-30085.82,-7.616711e+07,7.004575e+07,308.10977
763,29636282.0,zy,-34214.137,-7.616711e+07,7.004575e+07,308.10977
764,29636282.0,zz,-9.4759624e+07,-7.616711e+07,7.004575e+07,308.10977
765,30136282.0,xx,-7.616955e+07,-7.6166456e+07,7.00611e+07,308.10968
766,30136282.0,xy,1.0921432e-10,-7.6166456e+07,7.00611e+07,308.10968
767,30136282.0,xz,-29834.326,-7.6166456e+07,7.00611e+07,308.10968
768,30136282.0,yx,1.0921432e-10,-7.6166456e+07,7.00611e+07,308.10968
769,30136282.0,yy,-7.616652e+07,-7.6166456e+07,7.00611e+07,308.10968
770,30136282.0,yz,-33888.008,-7.6166456e+07,7.00611e+07,308.10968
771,30136282.0,zx,-29834.326,-7.6166456e+07,7.00611e+07,308.10968
772,30136282.0,zy,-33888.008,-7.6166456e+07,7.00611e+07,308.10968
773,30136282.0,zz,-9.475751e+07,-7.6166456e+07,7.00611e+07,308.10968
774,30636282.0,xx,-7.616955e+07,-7.6166456e+07,7.00611e+07,308.10968
775,30636282.0,xy,1.0921432e-10,-7.6166456e+07,7.00611e+07,308.10968
776,30636282.0,xz,-29834.326,-7.6166456e+07,7.00611e+07,308.10968
777,30636282.0,yx,1.0921432e-10,-7.6166456e+07,7.00611e+07,308.10968
778,30636282.0,yy,-7.616652e+07,-7.6166456e+07,7.00611e+07,308.10968
779,30636282.0,yz,-33888.008,-7.6166456e+07,7.00611e+07,308.10968
780,30636282.0,zx,-29834.326,-7.6166456e+07,7.00611e+07,308.10968
781,30636282.0,zy,-33888.008,-7.6166456e+07,7.00611e+07,308.10968
782,30636282.0,zz,-9.475751e+07,-7.6166456e+07,7.00611e+07,308.10968
783,31136282.0,xx,-7.6168856e+07,-7.6165496e+07,7.007473e+07,308.10947
784,31136282.0,xy,1.09582975e-10,-7.6165496e+07,7.007473e+07,308.10947
785,31136282.0,xz,-29588.76,-7.6165496e+07,7.007473e+07,308.10947
786,31136282.0,yx,1.09582975e-10,-7.6165496e+07,7.007473e+07,308.10947
787,31136282.0,yy,-7.616556e+07,-7.6165496e+07,7.007473e+07,308.10947
788,31136282.0,yz,-33571.26,-7.6165496e+07,7.007473e+07,308.10947
789,31136282.0,zx,-29588.76,-7.6165496e+07,7.007473e+07,308.10947
790,31136282.0,zy,-33571.26,-7.6165496e+07,7.007473e+07,308.10947
791,31136282.0,zz,-9.475454e+07,-7.6165496e+07,7.007473e+07,308.10947
792,31636282.0,xx,-7.6168856e+07,-7.6165496e+07,7.007473e+07,308.10947
793,31636282.0,xy,1.09582975e-10,-7.6165496e+07,7.007473e+07,308.10947
794,31636282.0,xz,-29588.76,-7.6165496e+07,7.007473e+07,308.10947
795,31636282.0,yx,1.09582975e-10,-7.6165496e+07,7.007473e+07,308.10947
796,31636282.0,yy,-7.616556e+07,-7.6165496e+07,7.007473e+07,308.10947
797,31636282.0,yz,-33571.26,-7.6165496e+07,7.007473e+07,308.10947
798,31636282.0,zx,-29588.76,-7.6165496e+07,7.007473e+07,308.10947
799,31636282.0,zy,-33571.26,-7.6165496e+07,7.007473e+07,308.10947
800,31636282.0,zz,-9.475454e+07,-7.6165496e+07,7.007473e+07,308.10947
801,32136282.0,xx,-7.61672e+07,-7.616441e+07,7.008812e+07,308.10928
802,32136282.0,xy,1.1008477e-10,-7.616441e+07,7.008812e+07,308.10928
803,32136282.0,xz,-29350.799,-7.616441e+07,7.008812e+07,308.10928
804,32136282.0,yx,1.1008477e-10,-7.616441e+07,7.008812e+07,308.10928
805,32136282.0,yy,-7.616447e+07,-7.616441e+07,7.008812e+07,308.10928
806,32136282.0,yz,-33263.504,-7.616441e+07,7.008812e+07,308.10928
807,32136282.0,zx,-29350.799,-7.616441e+07,7.008812e+07,308.10928
808,32136282.0,zy,-33263.504,-7.616441e+07,7.008812e+07,308.10928
809,32136282.0,zz,-9.475278e+07,-7.616441e+07,7.008812e+07,308.10928
810,32636282.0,xx,-7.61672e+07,-7.616441e+07,7.008812e+07,308.10928
811,32636282.0,xy,1.1008477e-10,-7.616441e+07,7.008812e+07,308.10928
812,32636282.0,xz,-29350.799,-7.616441e+07,7.008812e+07,308.10928
813,32636282.0,yx,1.1008477e-10,-7.616441e+07,7.008812e+07,308.10928
814,32636282.0,yy,-7.616447e+07,-7.616441e+07,7.008812e+07,308.10928
815,32636282.0,yz,-33263.504,-7.616441e+07,7.008812e+07,308.10928
816,32636282.0,zx,-29350.799,-7.616441e+07,7.008812e+07,308.10928
817,32636282.0,zy,-33263.504,-7.616441e+07,7.008812e+07,308.10928
818,32636282.0,zz,-9.475278e+07,-7.616441e+07,7.008812e+07,308.10928
819,33136282.0,xx,-7.6166264e+07,-7.616313e+07,7.010106e+07,308.10907
820,33136282.0,xy,1.10466504e-10,-7.616313e+07,7.010106e+07,308.10907
821,33136282.0,xz,-29118.414,-7.616313e+07,7.010106e+07,308.10907
822,33136282.0,yx,1.10466504e-10,-7.616313e+07,7.010106e+07,308.10907
823,33136282.0,yy,-7.616318e+07,-7.616313e+07,7.010106e+07,308.10907
824,33136282.0,yz,-32963.55,-7.616313e+07,7.010106e+07,308.10907
825,33136282.0,zx,-29118.414,-7.616313e+07,7.010106e+07,308.10907
826,33136282.0,zy,-32963.55,-7.616313e+07,7.010106e+07,308.10907
827,33136282.0,zz,-9.475042e+07,-7.616313e+07,7.010106e+07,308.10907
828,33636284.0,xx,-7.6166264e+07,-7.616313e+07,7.010106e+07,308.10907
829,33636284.0,xy,1.10466504e-10,-7.616313e+07,7.010106e+07,308.10907
830,33636284.0,xz,-29118.414,-7.616313e+07,7.010106e+07,308.10907
831,33636284.0,yx,1.10466504e-10,-7.616313e+07,7.010106e+07,308.10907
832,33636284.0,yy,-7.616318e+07,-7.616313e+07,7.010106e+07,308.10907
833,33636284.0,yz,-32963.55,-7.616313e+07,7.010106e+07,308.10907
834,33636284.0,zx,-29118.414,-7.616313e+07,7.010106e+07,308.10907
835,33636284.0,zy,-32963.55,-7.616313e+07,7.010106e+07,308.10907
836,33636284.0,zz,-9.475042e+07,-7.616313e+07,7.010106e+07,308.10907
837,34136284.0,xx,-7.61656e+07,-7.616268e+07,7.011386e+07,308.10898
838,34136284.0,xy,1.1081768e-10,-7.616268e+07,7.011386e+07,308.10898
839,34136284.0,xz,-28891.158,-7.616268e+07,7.011386e+07,308.10898
840,34136284.0,yx,1.1081768e-10,-7.616268e+07,7.011386e+07,308.10898
841,34136284.0,yy,-7.616274e+07,-7.616268e+07,7.011386e+07,308.10898
842,34136284.0,yz,-32670.46,-7.616268e+07,7.011386e+07,308.10898
843,34136284.0,zx,-28891.158,-7.616268e+07,7.011386e+07,308.10898
844,34136284.0,zy,-32670.46,-7.616268e+07,7.011386e+07,308.10898
845,34136284.0,zz,-9.474725e+07,-7.616268e+07,7.011386e+07,308.10898
846,34636284.0,xx,-7.61656e+07,-7.616268e+07,7.011386e+07,308.10898
847,34636284.0,xy,1.1081768e-10,-7.616268e+07,7.011386e+07,308.10898
848,34636284.0,xz,-28891.158,-7.616268e+07,7.011386e+07,308.10898
849,34636284.0,yx,1.1081768e-10,-7.616268e+07,7.011386e+07,308.10898
850,34636284.0,yy,-7.616274e+07,-7.616268e+07,7.011386e+07,308.10898
851,34636284.0,yz,-32670.46,-7.616268e+07,7.011386e+07,308.10898
852,34636284.0,zx,-28891.158,-7.616268e+07,7.011386e+07,308.10898
853,34636284.0,zy,-32670.46,-7.616268e+07,7.011386e+07,308.10898
854,34636284.0,zz,-9.474725e+07,-7.616268e+07,7.011386e+07,308.10898
855,35136284.0,xx,-7.616546e+07,-7.6162184e+07,7.0127144e+07,308.10876
856,35136284.0,xy,1.1112637e-10,-7.6162184e+07,7.0127144e+07,308.10876
857,35136284.0,xz,-28670.605,-7.6162184e+07,7.0127144e+07,308.10876
858,35136284.0,yx,1.1112637e-10,-7.6162184e+07,7.0127144e+07,308.10876
859,35136284.0,yy,-7.616224e+07,-7.6162184e+07,7.0127144e+07,308.10876
860,35136284.0,yz,-32387.117,-7.6162184e+07,7.0127144e+07,308.10876
861,35136284.0,zx,-28670.605,-7.6162184e+07,7.0127144e+07,308.10876
862,35136284.0,zy,-32387.117,-7.6162184e+07,7.0127144e+07,308.10876
863,35136284.0,zz,-9.474418e+07,-7.6162184e+07,7.0127144e+07,308.10876
864,35636284.0,xx,-7.616546e+07,-7.6162184e+07,7.0127144e+07,308.10876
865,35636284.0,xy,1.1112637e-10,-7.6162184e+07,7.0127144e+07,308.10876
866,35636284.0,xz,-28670.605,-7.6162184e+07,7.0127144e+07,308.10876
867,35636284.0,yx,1.1112637e-10,-7.6162184e+07,7.0127144e+07,308.10876
868,35636284.0,yy,-7.616224e+07,-7.6162184e+07,7.0127144e+07,308.10876
869,35636284.0,yz,-32387.117,-7.6162184e+07,7.0127144e+07,308.10876
870,35636284.0,zx,-28670.605,-7.6162184e+07,7.0127144e+07,308.10876
871,35636284.0,zy,-32387.117,-7.6162184e+07,7.0127144e+07,308.10876
872,35636284.0,zz,-9.474418e+07,-7.6162184e+07,7.0127144e+07,308.10876
873,36136284.0,xx,-7.616558e+07,-7.616172e+07,7.013974e+07,308.10867
874,36136284.0,xy,1.1137336e-10,-7.616172e+07,7.013974e+07,308.10867
875,36136284.0,xz,-28452.639,-7.616172e+07,7.013974e+07,308.10867
876,36136284.0,yx,1.1137336e-10,-7.616172e+07,7.013974e+07,308.10867
877,36136284.0,yy,-7.616178e+07,-7.616172e+07,7.013974e+07,308.10867
878,36136284.0,yz,-32108.812,-7.616172e+07,7.013974e+07,308.10867
879,36136284.0,zx,-28452.639,-7.616172e+07,7.013974e+07,308.10867
880,36136284.0,zy,-32108.812,-7.616172e+07,7.013974e+07,308.10867
881,36136284.0,zz,-9.474073e+07,-7.616172e+07,7.013974e+07,308.10867
882,36636284.0,xx,-7.616558e+07,-7.616172e+07,7.013974e+07,308.10867
883,36636284.0,xy,1.1137336e-10,-7.616172e+07,7.013974e+07,308.10867
884,36636284.0,xz,-28452.639,-7.616172e+07,7.013974e+07,308.10867
885,36636284.0,yx,1.1137336e-10,-7.616172e+07,7.013974e+07,308.10867
886,36636284.0,yy,-7.616178e+07,-7.616172e+07,7.013974e+07,308.10867
887,36636284.0,yz,-32108.812,-7.616172e+07,7.013974e+07,308.10867
888,36636284.0,zx,-28452.639,-7.616172e+07,7.013974e+07,308.10867
889,36636284.0,zy,-32108.812,-7.616172e+07,7.013974e+07,308.10867
890,36636284.0,zz,-9.474073e+07,-7.616172e+07,7.013974e+07,308.10867
891,37136284.0,xx,-7.6165256e+07,-7.616121e+07,7.015166e+07,308.10846
892,37136284.0,xy,1.1165288e-10,-7.616121e+07,7.015166e+07,308.10846
893,37136284.0,xz,-28241.812,-7.616121e+07,7.015166e+07,308.10846
894,37136284.0,yx,1.1165288e-10,-7.616121e+07,7.015166e+07,308.10846
895,37136284.0,yy,-7.616126e+07,-7.616121e+07,7.015166e+07,308.10846
896,37136284.0,yz,-31838.63,-7.616121e+07,7.015166e+07,308.10846
897,37136284.0,zx,-28241.812,-7.616121e+07,7.015166e+07,308.10846
898,37136284.0,zy,-31838.63,-7.616121e+07,7.015166e+07,308.10846
899,37136284.0,zz,-9.473747e+07,-7.616121e+07,7.015166e+07,308.10846
900,37636284.0,xx,-7.6165256e+07,-7.616121e+07,7.015166e+07,308.10846
901,37636284.0,xy,1.1165288e-10,-7.616121e+07,7.015166e+07,308.10846
902,37636284.0,xz,-28241.812,-7.616121e+07,7.015166e+07,308.10846
903,37636284.0,yx,1.1165288e-10,-7.616121e+07,7.015166e+07,308.10846
904,37636284.0,yy,-7.616126e+07,-7.616121e+07,7.015166e+07,308.10846
905,37636284.0,yz,-31838.63,-7.616121e+07,7.015166e+07,308.10846
906,37636284.0,zx,-28241.812,-7.616121e+07,7.015166e+07,308.10846
907,37636284.0,zy,-31838.63,-7.616121e+07,7.015166e+07,308.10846
908,37636284.0,zz,-9.473747e+07,-7.616121e+07,7.015166e+07,308.10846
909,38136284.0,xx,-7.6164456e+07,-7.616084e+07,7.0163176e+07,308.10828
910,38136284.0,xy,1.1198514e-10,-7.616084e+07,7.0163176e+07,308.10828
911,38136284.0,xz,-28035.777,-7.616084e+07,7.0163176e+07,308.10828
912,38136284.0,yx,1.1198514e-10,-7.616084e+07,7.0163176e+07,308.10828
913,38136284.0,yy,-7.61609e+07,-7.616084e+07,7.0163176e+07,308.10828
914,38136284.0,yz,-31575.389,-7.616084e+07,7.0163176e+07,308.10828
915,38136284.0,zx,-28035.777,-7.616084e+07,7.0163176e+07,308.10828
916,38136284.0,zy,-31575.389,-7.616084e+07,7.0163176e+07,308.10828
917,38136284.0,zz,-9.4734456e+07,-7.616084e+07,7.0163176e+07,308.10828
918,38636284.0,xx,-7.6164456e+07,-7.616084e+07,7.0163176e+07,308.10828
919,38636284.0,xy,1.1198514e-10,-7.616084e+07,7.0163176e+07,308.10828
920,38636284.0,xz,-28035.777,-7.616084e+07,7.0163176e+07,308.10828
921,38636284.0,yx,1.1198514e-10,-7.616084e+07,7.0163176e+07,308.10828
922,38636284.0,yy,-7.61609e+07,-7.616084e+07,7.0163176e+07,308.10828
923,38636284.0,yz,-31575.389,-7.616084e+07,7.0163176e+07,308.10828
924,38636284.0,zx,-28035.777,-7.616084e+07,7.0163176e+07,308.10828
925,38636284.0,zy,-31575.389,-7.616084e+07,7.0163176e+07,308.10828
926,38636284.0,zz,-9.4734456e+07,-7.616084e+07,7.0163176e+07,308.10828
927,39136284.0,xx,-7.616407e+07,-7.6161e+07,7.017367e+07,308.10815
928,39136284.0,xy,1.12221364e-10,-7.6161e+07,7.017367e+07,308.10815
929,39136284.0,xz,-27832.303,-7.6161e+07,7.017367e+07,308.10815
930,39136284.0,yx,1.12221364e-10,-7.6161e+07,7.017367e+07,308.10815
931,39136284.0,yy,-7.616106e+07,-7.6161e+07,7.017367e+07,308.10815
932,39136284.0,yz,-31317.357,-7.6161e+07,7.017367e+07,308.10815
933,39136284.0,zx,-27832.303,-7.6161e+07,7.017367e+07,308.10815
934,39136284.0,zy,-31317.357,-7.6161e+07,7.017367e+07,308.10815
935,39136284.0,zz,-9.473028e+07,-7.6161e+07,7.017367e+07,308.10815
936,39636284.0,xx,-7.616407e+07,-7.6161e+07,7.017367e+07,308.10815
937,39636284.0,xy,1.12221364e-10,-7.6161e+07,7.017367e+07,308.10815
938,39636284.0,xz,-27832.303,-7.6161e+07,7.017367e+07,308.10815
939,39636284.0,yx,1.12221364e-10,-7.6161e+07,7.017367e+07,308.10815
940,39636284.0,yy,-7.616106e+07,-7.6161e+07,7.017367e+07,308.10815
941,39636284.0,yz,-31317.357,-7.6161e+07,7.017367e+07,308.10815
942,39636284.0,zx,-27832.303,-7.6161e+07,7.017367e+07,308.10815
943,39636284.0,zy,-31317.357,-7.6161e+07,7.017367e+07,308.10815
944,39636284.0,zz,-9.473028e+07,-7.6161e+07,7.017367e+07,308.10815
945,40136284.0,xx,-7.616424e+07,-7.6160824e+07,7.018525e+07,308.10797
946,40136284.0,xy,1.1243971e-10,-7.6160824e+07,7.018525e+07,308.10797
947,40136284.0,xz,-27633.31,-7.6160824e+07,7.018525e+07,308.10797
948,40136284.0,yx,1.1243971e-10,-7.6160824e+07,7.018525e+07,308.10797
949,40136284.0,yy,-7.616088e+07,-7.6160824e+07,7.018525e+07,308.10797
950,40136284.0,yz,-31067.158,-7.6160824e+07,7.018525e+07,308.10797
951,40136284.0,zx,-27633.31,-7.6160824e+07,7.018525e+07,308.10797
952,40136284.0,zy,-31067.158,-7.6160824e+07,7.018525e+07,308.10797
953,40136284.0,zz,-9.472679e+07,-7.6160824e+07,7.018525e+07,308.10797
954,40636284.0,xx,-7.616424e+07,-7.6160824e+07,7.018525e+07,308.10797
955,40636284.0,xy,1.1243971e-10,-7.6160824e+07,7.018525e+07,308.10797
956,40636284.0,xz,-27633.31,-7.6160824e+07,7.018525e+07,308.10797
957,40636284.0,yx,1.1243971e-10,-7.6160824e+07,7.018525e+07,308.10797
958,40636284.0,yy,-7.616088e+07,-7.6160824e+07,7.018525e+07,308.10797
959,40636284.0,yz,-31067.158,-7.6160824e+07,7.018525e+07,308.10797
960,40636284.0,zx,-27633.31,-7.6160824e+07,7.018525e+07,308.10797
961,40636284.0,zy,-31067.158,-7.6160824e+07,7.018525e+07,308.10797
962,40636284.0,zz,-9.472679e+07,-7.6160824e+07,7.018525e+07,308.10797
963,41136284.0,xx,-7.616462e+07,-7.616079e+07,7.019643e+07,308.10788
964,41136284.0,xy,1.12617e-10,-7.616079e+07,7.019643e+07,308.10788
965,41136284.0,xz,-27439.129,-7.616079e+07,7.019643e+07,308.10788
966,41136284.0,yx,1.12617e-10,-7.616079e+07,7.019643e+07,308.10788
967,41136284.0,yy,-7.616085e+07,-7.616079e+07,7.019643e+07,308.10788
968,41136284.0,yz,-30821.316,-7.616079e+07,7.019643e+07,308.10788
969,41136284.0,zx,-27439.129,-7.616079e+07,7.019643e+07,308.10788
970,41136284.0,zy,-30821.316,-7.616079e+07,7.019643e+07,308.10788
971,41136284.0,zz,-9.4723e+07,-7.616079e+07,7.019643e+07,308.10788
972,41636284.0,xx,-7.616462e+07,-7.616079e+07,7.019643e+07,308.10788
973,41636284.0,xy,1.12617e-10,-7.616079e+07,7.019643e+07,308.10788
974,41636284.0,xz,-27439.129,-7.616079e+07,7.019643e+07,308.10788
975,41636284.0,yx,1.12617e-10,-7.616079e+07,7.019643e+07,308.10788
976,41636284.0,yy,-7.616085e+07,-7.616079e+07,7.019643e+07,308.10788
977,41636284.0,yz,-30821.316,-7.616079e+07,7.019643e+07,308.10788
978,41636284.0,zx,-27439.129,-7.616079e+07,7.019643e+07,308.10788
979,41636284.0,zy,-30821.316,-7.616079e+07,7.019643e+07,308.10788
980,41636284.0,zz,-9.4723e+07,-7.616079e+07,7.019643e+07,308.10788
981,42136284.0,xx,-7.616402e+07,-7.616088e+07,7.020697e+07,308.10767
982,42136284.0,xy,1.1290059e-10,-7.616088e+07,7.020697e+07,308.10767
983,42136284.0,xz,-27251.174,-7.616088e+07,7.020697e+07,308.10767
984,42136284.0,yx,1.1290059e-10,-7.616088e+07,7.020697e+07,308.10767
985,42136284.0,yy,-7.6160936e+07,-7.616088e+07,7.020697e+07,308.10767
986,42136284.0,yz,-30582.18,-7.616088e+07,7.020697e+07,308.10767
987,42136284.0,zx,-27251.174,-7.616088e+07,7.020697e+07,308.10767
988,42136284.0,zy,-30582.18,-7.616088e+07,7.020697e+07,308.10767
989,42136284.0,zz,-9.471961e+07,-7.616088e+07,7.020697e+07,308.10767
990,42636284.0,xx,-7.616402e+07,-7.616088e+07,7.020697e+07,308.10767
991,42636284.0,xy,1.1290059e-10,-7.616088e+07,7.020697e+07,308.10767
992,42636284.0,xz,-27251.174,-7.616088e+07,7.020697e+07,308.10767
993,42636284.0,yx,1.1290059e-10,-7.616088e+07,7.020697e+07,308.10767
994,42636284.0,yy,-7.6160936e+07,-7.616088e+07,7.020697e+07,308.10767
995,42636284.0,yz,-30582.18,-7.616088e+07,7.020697e+07,308.10767
996,42636284.0,zx,-27251.174,-7.616088e+07,7.020697e+07,308.10767
997,42636284.0,zy,-30582.18,-7.616088e+07,7.020697e+07,308.10767
998,42636284.0,zz,-9.471961e+07,-7.616088e+07,7.020697e+07,308.10767
999,43136284.0,xx,-7.616538e+07,-7.616208e+07,7.0224424e+07,308.10757
1000,43136284.0,xy,1.1326387e-10,-7.616208e+07,7.0224424e+07,308.10757
1001,43136284.0,xz,-27065.395,-7.616208e+07,7.0224424e+07,308.10757
1002,43136284.0,yx,1.1326387e-10,-7.616208e+07,7.0224424e+07,308.10757
1003,43136284.0,yy,-7.616213e+07,-7.616208e+07,7.0224424e+07,308.10757
1004,43136284.0,yz,-30348.623,-7.616208e+07,7.0224424e+07,308.10757
1005,43136284.0,zx,-27065.395,-7.616208e+07,7.0224424e+07,308.10757
1006,43136284.0,zy,-30348.623,-7.616208e+07,7.0224424e+07,308.10757
1007,43136284.0,zz,-9.471757e+07,-7.616208e+07,7.0224424e+07,308.10757
1008,43636284.0,xx,-7.616538e+07,-7.616208e+07,7.0224424e+07,308.10757
1009,43636284.0,xy,1.1326387e-10,-7.616208e+07,7.0224424e+07,308.10757
1010,43636284.0,xz,-27065.395,-7.616208e+07,7.0224424e+07,308.10757
1011,43636284.0,yx,1.1326387e-10,-7.616208e+07,7.0224424e+07,308.10757
1012,43636284.0,yy,-7.616213e+07,-7.616208e+07,7.0224424e+07,308.10757
1013,43636284.0,yz,-30348.623,-7.616208e+07,7.0224424e+07,308.10757
1014,43636284.0,zx,-27065.395,-7.616208e+07,7.0224424e+07,308.10757
1015,43636284.0,zy,-30348.623,-7.616208e+07,7.0224424e+07,308.10757
1016,43636284.0,zz,-9.471757e+07,-7.616208e+07,7.0224424e+07,308.10757
1017,44136284.0,xx,-7.616551e+07,-7.616231e+07,7.02351e+07,308.10745
1018,44136284.0,xy,1.1346353e-10,-7.616231e+07,7.02351e+07,308.10745
1019,44136284.0,xz,-26884.467,-7.616231e+07,7.02351e+07,308.10745
1020,44136284.0,yx,1.1346353e-10,-7.616231e+07,7.02351e+07,308.10745
1021,44136284.0,yy,-7.616236e+07,-7.616231e+07,7.02351e+07,308.10745
1022,44136284.0,yz,-30121.086,-7.616231e+07,7.02351e+07,308.10745
1023,44136284.0,zx,-26884.467,-7.616231e+07,7.02351e+07,308.10745
1024,44136284.0,zy,-30121.086,-7.616231e+07,7.02351e+07,308.10745
1025,44136284.0,zz,-9.4713784e+07,-7.616231e+07,7.02351e+07,308.10745
1026,44636284.0,xx,-7.616551e+07,-7.616231e+07,7.02351e+07,308.10745
1027,44636284.0,xy,1.1346353e-10,-7.616231e+07,7.02351e+07,308.10745
1028,44636284.0,xz,-26884.467,-7.616231e+07,7.02351e+07,308.10745
1029,44636284.0,yx,1.1346353e-10,-7.616231e+07,7.02351e+07,308.10745
1030,44636284.0,yy,-7.616236e+07,-7.616231e+07,7.02351e+07,308.10745
1031,44636284.0,yz,-30121.086,-7.616231e+07,7.02351e+07,308.10745
1032,44636284.0,zx,-26884.467,-7.616231e+07,7.02351e+07,308.10745
1033,44636284.0,zy,-30121.086,-7.616231e+07,7.02351e+07,308.10745
1034,44636284.0,zz,-9.4713784e+07,-7.616231e+07,7.02351e+07,308.10745
1035,45136284.0,xx,-7.6165064e+07,-7.6161304e+07,7.024433e+07,308.10736
1036,45136284.0,xy,1.1367862e-10,-7.6161304e+07,7.024433e+07,308.10736
1037,45136284.0,xz,-26706.553,-7.6161304e+07,7.024433e+07,308.10736
1038,45136284.0,yx,1.1367862e-10,-7.6161304e+07,7.024433e+07,308.10736
1039,45136284.0,yy,-7.616135e+07,-7.6161304e+07,7.024433e+07,308.10736
1040,45136284.0,yz,-29897.363,-7.6161304e+07,7.024433e+07,308.10736
1041,45136284.0,zx,-26706.553,-7.6161304e+07,7.024433e+07,308.10736
1042,45136284.0,zy,-29897.363,-7.6161304e+07,7.024433e+07,308.10736
1043,45136284.0,zz,-9.471111e+07,-7.6161304e+07,7.024433e+07,308.10736
1044,45636284.0,xx,-7.6165064e+07,-7.6161304e+07,7.024433e+07,308.10736
1045,45636284.0,xy,1.1367862e-10,-7.6161304e+07,7.024433e+07,308.10736
1046,45636284.0,xz,-26706.553,-7.6161304e+07,7.024433e+07,308.10736
1047,45636284.0,yx,1.1367862e-10,-7.6161304e+07,7.024433e+07,308.10736
1048,45636284.0,yy,-7.616135e+07,-7.6161304e+07,7.024433e+07,308.10736
1049,45636284.0,yz,-29897.363,-7.6161304e+07,7.024433e+07,308.10736
1050,45636284.0,zx,-26706.553,-7.6161304e+07,7.024433e+07,308.10736
1051,45636284.0,zy,-29897.363,-7.6161304e+07,7.024433e+07,308.10736
1052,45636284.0,zz,-9.471111e+07,-7.6161304e+07,7.024433e+07,308.10736
1053,46136284.0,xx,-7.616481e+07,-7.6161256e+07,7.025379e+07,308.10718
1054,46136284.0,xy,1.1388437e-10,-7.6161256e+07,7.025379e+07,308.10718
1055,46136284.0,xz,-26534.387,-7.6161256e+07,7.025379e+07,308.10718
1056,46136284.0,yx,1.1388437e-10,-7.6161256e+07,7.025379e+07,308.10718
1057,46136284.0,yy,-7.6161304e+07,-7.6161256e+07,7.025379e+07,308.10718
1058,46136284.0,yz,-29679.674,-7.6161256e+07,7.025379e+07,308.10718
1059,46136284.0,zx,-26534.387,-7.6161256e+07,7.025379e+07,308.10718
1060,46136284.0,zy,-29679.674,-7.6161256e+07,7.025379e+07,308.10718
1061,46136284.0,zz,-9.470767e+07,-7.6161256e+07,7.025379e+07,308.10718
1062,46636284.0,xx,-7.616481e+07,-7.6161256e+07,7.025379e+07,308.10718
1063,46636284.0,xy,1.1388437e-10,-7.6161256e+07,7.025379e+07,308.10718
1064,46636284.0,xz,-26534.387,-7.6161256e+07,7.025379e+07,308.10718
1065,46636284.0,yx,1.1388437e-10,-7.6161256e+07,7.025379e+07,308.10718
1066,46636284.0,yy,-7.6161304e+07,-7.6161256e+07,7.025379e+07,308.10718
1067,46636284.0,yz,-29679.674,-7.6161256e+07,7.025379e+07,308.10718
1068,46636284.0,zx,-26534.387,-7.6161256e+07,7.025379e+07,308.10718
1069,46636284.0,zy,-29679.674,-7.6161256e+07,7.025379e+07,308.10718
1070,46636284.0,zz,-9.470767e+07,-7.6161256e+07,7.025379e+07,308.10718
1071,47136284.0,xx,-7.616502e+07,-7.616129e+07,7.026517e+07,308.10706
1072,47136284.0,xy,1.1413151e-10,-7.616129e+07,7.026517e+07,308.10706
1073,47136284.0,xz,-26364.143,-7.616129e+07,7.026517e+07,308.10706
1074,47136284.0,yx,1.1413151e-10,-7.616129e+07,7.026517e+07,308.10706
1075,47136284.0,yy,-7.6161336e+07,-7.616129e+07,7.026517e+07,308.10706
1076,47136284.0,yz,-29465.83,-7.616129e+07,7.026517e+07,308.10706
1077,47136284.0,zx,-26364.143,-7.616129e+07,7.026517e+07,308.10706
1078,47136284.0,zy,-29465.83,-7.616129e+07,7.026517e+07,308.10706
1079,47136284.0,zz,-9.470515e+07,-7.616129e+07,7.026517e+07,308.10706
1080,47636284.0,xx,-7.616502e+07,-7.616129e+07,7.026517e+07,308.10706
1081,47636284.0,xy,1.1413151e-10,-7.616129e+07,7.026517e+07,308.10706
1082,47636284.0,xz,-26364.143,-7.616129e+07,7.026517e+07,308.10706
1083,47636284.0,yx,1.1413151e-10,-7.616129e+07,7.026517e+07,308.10706
1084,47636284.0,yy,-7.6161336e+07,-7.616129e+07,7.026517e+07,308.10706
1085,47636284.0,yz,-29465.83,-7.616129e+07,7.026517e+07,308.10706
1086,47636284.0,zx,-26364.143,-7.616129e+07,7.026517e+07,308.10706
1087,47636284.0,zy,-29465.83,-7.616129e+07,7.026517e+07,308.10706
1088,47636284.0,zz,-9.470515e+07,-7.616129e+07,7.026517e+07,308.10706
1089,48136284.0,xx,-7.616499e+07,-7.616108e+07,7.0275464e+07,308.10696
1090,48136284.0,xy,1.1436271e-10,-7.616108e+07,7.0275464e+07,308.10696
1091,48136284.0,xz,-26196.957,-7.616108e+07,7.0275464e+07,308.10696
1092,48136284.0,yx,1.1436271e-10,-7.616108e+07,7.0275464e+07,308.10696
1093,48136284.0,yy,-7.616113e+07,-7.616108e+07,7.0275464e+07,308.10696
1094,48136284.0,yz,-29255.828,-7.616108e+07,7.0275464e+07,308.10696
1095,48136284.0,zx,-26196.957,-7.616108e+07,7.0275464e+07,308.10696
1096,48136284.0,zy,-29255.828,-7.616108e+07,7.0275464e+07,308.10696
1097,48136284.0,zz,-9.470256e+07,-7.616108e+07,7.0275464e+07,308.10696
1098,48636284.0,xx,-7.616499e+07,-7.616108e+07,7.0275464e+07,308.10696
1099,48636284.0,xy,1.1436271e-10,-7.616108e+07,7.0275464e+07,308.10696
1100,48636284.0,xz,-26196.957,-7.616108e+07,7.0275464e+07,308.10696
1101,48636284.0,yx,1.1436271e-10,-7.616108e+07,7.0275464e+07,308.10696
1102,48636284.0,yy,-7.616113e+07,-7.616108e+07,7.0275464e+07,308.10696
1103,48636284.0,yz,-29255.828,-7.616108e+07,7.0275464e+07,308.10696
1104,48636284.0,zx,-26196.957,-7.616108e+07,7.0275464e+07,308.10696
1105,48636284.0,zy,-29255.828,-7.616108e+07,7.0275464e+07,308.10696
1106,48636284.0,zz,-9.470256e+07,-7.616108e+07,7.0275464e+07,308.10696
1107,49136284.0,xx,-7.616413e+07,-7.616086e+07,7.028443e+07,308.10687
1108,49136284.0,xy,1.1464526e-10,-7.616086e+07,7.028443e+07,308.10687
1109,49136284.0,xz,-26034.715,-7.616086e+07,7.028443e+07,308.10687
1110,49136284.0,yx,1.1464526e-10,-7.616086e+07,7.028443e+07,308.10687
1111,49136284.0,yy,-7.616091e+07,-7.616086e+07,7.028443e+07,308.10687
1112,49136284.0,yz,-29050.324,-7.616086e+07,7.028443e+07,308.10687
1113,49136284.0,zx,-26034.715,-7.616086e+07,7.028443e+07,308.10687
1114,49136284.0,zy,-29050.324,-7.616086e+07,7.028443e+07,308.10687
1115,49136284.0,zz,-9.470002e+07,-7.616086e+07,7.028443e+07,308.10687
1116,49636284.0,xx,-7.616413e+07,-7.616086e+07,7.028443e+07,308.10687
1117,49636284.0,xy,1.1464526e-10,-7.616086e+07,7.028443e+07,308.10687
1118,49636284.0,xz,-26034.715,-7.616086e+07,7.028443e+07,308.10687
1119,49636284.0,yx,1.1464526e-10,-7.616086e+07,7.028443e+07,308.10687
1120,49636284.0,yy,-7.616091e+07,-7.616086e+07,7.028443e+07,308.10687
1121,49636284.0,yz,-29050.324,-7.616086e+07,7.028443e+07,308.10687
1122,49636284.0,zx,-26034.715,-7.616086e+07,7.028443e+07,308.10687
1123,49636284.0,zy,-29050.324,-7.616086e+07,7.028443e+07,308.10687
1124,49636284.0,zz,-9.470002e+07,-7.616086e+07,7.028443e+07,308.10687
1125,50136284.0,xx,-7.6164056e+07,-7.616134e+07,7.0295224e+07,308.10666
1126,50136284.0,xy,1.14919935e-10,-7.616134e+07,7.0295224e+07,308.10666
1127,50136284.0,xz,-25874.94,-7.616134e+07,7.0295224e+07,308.10666
1128,50136284.0,yx,1.14919935e-10,-7.616134e+07,7.0295224e+07,308.10666
1129,50136284.0,yy,-7.6161384e+07,-7.616134e+07,7.0295224e+07,308.10666
1130,50136284.0,yz,-28849.912,-7.616134e+07,7.0295224e+07,308.10666
1131,50136284.0,zx,-25874.94,-7.616134e+07,7.0295224e+07,308.10666
1132,50136284.0,zy,-28849.912,-7.616134e+07,7.0295224e+07,308.10666
1133,50136284.0,zz,-9.46975e+07,-7.616134e+07,7.0295224e+07,308.10666
1134,50636284.0,xx,-7.6164056e+07,-7.616134e+07,7.0295224e+07,308.10666
1135,50636284.0,xy,1.14919935e-10,-7.616134e+07,7.0295224e+07,308.10666
1136,50636284.0,xz,-25874.94,-7.616134e+07,7.0295224e+07,308.10666
1137,50636284.0,yx,1.14919935e-10,-7.616134e+07,7.0295224e+07,308.10666
1138,50636284.0,yy,-7.6161384e+07,-7.616134e+07,7.0295224e+07,308.10666
1139,50636284.0,yz,-28849.912,-7.616134e+07,7.0295224e+07,308.10666
1140,50636284.0,zx,-25874.94,-7.616134e+07,7.0295224e+07,308.10666
1141,50636284.0,zy,-28849.912,-7.616134e+07,7.0295224e+07,308.10666
1142,50636284.0,zz,-9.46975e+07,-7.616134e+07,7.0295224e+07,308.10666
1143,51136284.0,xx,-7.616335e+07,-7.616075e+07,7.030429e+07,308.10657
1144,51136284.0,xy,1.1519653e-10,-7.616075e+07,7.030429e+07,308.10657
1145,51136284.0,xz,-25718.924,-7.616075e+07,7.030429e+07,308.10657
1146,51136284.0,yx,1.1519653e-10,-7.616075e+07,7.030429e+07,308.10657
1147,51136284.0,yy,-7.616079e+07,-7.616075e+07,7.030429e+07,308.10657
1148,51136284.0,yz,-28652.49,-7.616075e+07,7.030429e+07,308.10657
1149,51136284.0,zx,-25718.924,-7.616075e+07,7.030429e+07,308.10657
1150,51136284.0,zy,-28652.49,-7.616075e+07,7.030429e+07,308.10657
1151,51136284.0,zz,-9.46956e+07,-7.616075e+07,7.030429e+07,308.10657
1152,51636284.0,xx,-7.616335e+07,-7.616075e+07,7.030429e+07,308.10657
1153,51636284.0,xy,1.1519653e-10,-7.616075e+07,7.030429e+07,308.10657
1154,51636284.0,xz,-25718.924,-7.616075e+07,7.030429e+07,308.10657
1155,51636284.0,yx,1.1519653e-10,-7.616075e+07,7.030429e+07,308.10657
1156,51636284.0,yy,-7.616079e+07,-7.616075e+07,7.030429e+07,308.10657
1157,51636284.0,yz,-28652.49,-7.616075e+07,7.030429e+07,308.10657
1158,51636284.0,zx,-25718.924,-7.616075e+07,7.030429e+07,308.10657
1159,51636284.0,zy,-28652.49,-7.616075e+07,7.030429e+07,308.10657
1160,51636284.0,zz,-9.46956e+07,-7.616075e+07,7.030429e+07,308.10657
1161,52136284.0,xx,-7.616376e+07,-7.616036e+07,7.031386e+07,308.10645
1162,52136284.0,xy,1.1536042e-10,-7.616036e+07,7.031386e+07,308.10645
1163,52136284.0,xz,-25563.025,-7.616036e+07,7.031386e+07,308.10645
1164,52136284.0,yx,1.1536042e-10,-7.616036e+07,7.031386e+07,308.10645
1165,52136284.0,yy,-7.61604e+07,-7.616036e+07,7.031386e+07,308.10645
1166,52136284.0,yz,-28459.053,-7.616036e+07,7.031386e+07,308.10645
1167,52136284.0,zx,-25563.025,-7.616036e+07,7.031386e+07,308.10645
1168,52136284.0,zy,-28459.053,-7.616036e+07,7.031386e+07,308.10645
1169,52136284.0,zz,-9.469331e+07,-7.616036e+07,7.031386e+07,308.10645
1170,52636284.0,xx,-7.616376e+07,-7.616036e+07,7.031386e+07,308.10645
1171,52636284.0,xy,1.1536042e-10,-7.616036e+07,7.031386e+07,308.10645
1172,52636284.0,xz,-25563.025,-7.616036e+07,7.031386e+07,308.10645
1173,52636284.0,yx,1.1536042e-10,-7.616036e+07,7.031386e+07,308.10645
1174,52636284.0,yy,-7.61604e+07,-7.616036e+07,7.031386e+07,308.10645
1175,52636284.0,yz,-28459.053,-7.616036e+07,7.031386e+07,308.10645
1176,52636284.0,zx,-25563.025,-7.616036e+07,7.031386e+07,308.10645
1177,52636284.0,zy,-28459.053,-7.616036e+07,7.031386e+07,308.10645
1178,52636284.0,zz,-9.469331e+07,-7.616036e+07,7.031386e+07,308.10645
1179,53136284.0,xx,-7.616405e+07,-7.615989e+07,7.0323416e+07,308.10635
1180,53136284.0,xy,1.15535324e-10,-7.615989e+07,7.0323416e+07,308.10635
1181,53136284.0,xz,-25412.69,-7.615989e+07,7.0323416e+07,308.10635
1182,53136284.0,yx,1.15535324e-10,-7.615989e+07,7.0323416e+07,308.10635
1183,53136284.0,yy,-7.615994e+07,-7.615989e+07,7.0323416e+07,308.10635
1184,53136284.0,yz,-28269.824,-7.615989e+07,7.0323416e+07,308.10635
1185,53136284.0,zx,-25412.69,-7.615989e+07,7.0323416e+07,308.10635
1186,53136284.0,zy,-28269.824,-7.615989e+07,7.0323416e+07,308.10635
1187,53136284.0,zz,-9.4691064e+07,-7.615989e+07,7.0323416e+07,308.10635
1188,53636284.0,xx,-7.616405e+07,-7.615989e+07,7.0323416e+07,308.10635
1189,53636284.0,xy,1.15535324e-10,-7.615989e+07,7.0323416e+07,308.10635
1190,53636284.0,xz,-25412.69,-7.615989e+07,7.0323416e+07,308.10635
1191,53636284.0,yx,1.15535324e-10,-7.615989e+07,7.0323416e+07,308.10635
1192,53636284.0,yy,-7.615994e+07,-7.615989e+07,7.0323416e+07,308.10635
1193,53636284.0,yz,-28269.824,-7.615989e+07,7.0323416e+07,308.10635
1194,53636284.0,zx,-25412.69,-7.615989e+07,7.0323416e+07,308.10635
1195,53636284.0,zy,-28269.824,-7.615989e+07,7.0323416e+07,308.10635
1196,53636284.0,zz,-9.4691064e+07,-7.615989e+07,7.0323416e+07,308.10635
1197,54136284.0,xx,-7.616384e+07,-7.6159576e+07,7.033244e+07,308.10626
1198,54136284.0,xy,1.1575667e-10,-7.6159576e+07,7.033244e+07,308.10626
1199,54136284.0,xz,-25263.541,-7.6159576e+07,7.033244e+07,308.10626
1200,54136284.0,yx,1.1575667e-10,-7.6159576e+07,7.033244e+07,308.10626
1201,54136284.0,yy,-7.6159624e+07,-7.6159576e+07,7.033244e+07,308.10626
1202,54136284.0,yz,-28083.537,-7.6159576e+07,7.033244e+07,308.10626
1203,54136284.0,zx,-25263.541,-7.6159576e+07,7.033244e+07,308.10626
1204,54136284.0,zy,-28083.537,-7.6159576e+07,7.033244e+07,308.10626
1205,54136284.0,zz,-9.468889e+07,-7.6159576e+07,7.033244e+07,308.10626
1206,54636284.0,xx,-7.616384e+07,-7.6159576e+07,7.033244e+07,308.10626
1207,54636284.0,xy,1.1575667e-10,-7.6159576e+07,7.033244e+07,308.10626
1208,54636284.0,xz,-25263.541,-7.6159576e+07,7.033244e+07,308.10626
1209,54636284.0,yx,1.1575667e-10,-7.6159576e+07,7.033244e+07,308.10626
1210,54636284.0,yy,-7.6159624e+07,-7.6159576e+07,7.033244e+07,308.10626
1211,54636284.0,yz,-28083.537,-7.6159576e+07,7.033244e+07,308.10626
1212,54636284.0,zx,-25263.541,-7.6159576e+07,7.033244e+07,308.10626
1213,54636284.0,zy,-28083.537,-7.6159576e+07,7.033244e+07,308.10626
1214,54636284.0,zz,-9.468889e+07,-7.6159576e+07,7.033244e+07,308.10626
1215,55136284.0,xx,-7.616398e+07,-7.6159704e+07,7.0341704e+07,308.10605
1216,55136284.0,xy,1.15946176e-10,-7.6159704e+07,7.0341704e+07,308.10605
1217,55136284.0,xz,-25119.01,-7.6159704e+07,7.0341704e+07,308.10605
1218,55136284.0,yx,1.15946176e-10,-7.6159704e+07,7.0341704e+07,308.10605
1219,55136284.0,yy,-7.615974e+07,-7.6159704e+07,7.0341704e+07,308.10605
1220,55136284.0,yz,-27902.025,-7.6159704e+07,7.0341704e+07,308.10605
1221,55136284.0,zx,-25119.01,-7.6159704e+07,7.0341704e+07,308.10605
1222,55136284.0,zy,-27902.025,-7.6159704e+07,7.0341704e+07,308.10605
1223,55136284.0,zz,-9.46863e+07,-7.6159704e+07,7.0341704e+07,308.10605
1224,55636284.0,xx,-7.616398e+07,-7.6159704e+07,7.0341704e+07,308.10605
1225,55636284.0,xy,1.15946176e-10,-7.6159704e+07,7.0341704e+07,308.10605
1226,55636284.0,xz,-25119.01,-7.6159704e+07,7.0341704e+07,308.10605
1227,55636284.0,yx,1.15946176e-10,-7.6159704e+07,7.0341704e+07,308.10605
1228,55636284.0,yy,-7.615974e+07,-7.6159704e+07,7.0341704e+07,308.10605
1229,55636284.0,yz,-27902.025,-7.6159704e+07,7.0341704e+07,308.10605
1230,55636284.0,zx,-25119.01,-7.6159704e+07,7.0341704e+07,308.10605
1231,55636284.0,zy,-27902.025,-7.6159704e+07,7.0341704e+07,308.10605
1232,55636284.0,zz,-9.46863e+07,-7.6159704e+07,7.0341704e+07,308.10605
1233,56136284.0,xx,-7.616362e+07,-7.6159416e+07,7.034915e+07,308.10596
1234,56136284.0,xy,1.1611504e-10,-7.6159416e+07,7.034915e+07,308.10596
1235,56136284.0,xz,-24975.76,-7.6159416e+07,7.034915e+07,308.10596
1236,56136284.0,yx,1.1611504e-10,-7.6159416e+07,7.034915e+07,308.10596
1237,56136284.0,yy,-7.615946e+07,-7.6159416e+07,7.034915e+07,308.10596
1238,56136284.0,yz,-27723.053,-7.6159416e+07,7.034915e+07,308.10596
1239,56136284.0,zx,-24975.76,-7.6159416e+07,7.034915e+07,308.10596
1240,56136284.0,zy,-27723.053,-7.6159416e+07,7.034915e+07,308.10596
1241,56136284.0,zz,-9.468349e+07,-7.6159416e+07,7.034915e+07,308.10596
1242,56636284.0,xx,-7.616362e+07,-7.6159416e+07,7.034915e+07,308.10596
1243,56636284.0,xy,1.1611504e-10,-7.6159416e+07,7.034915e+07,308.10596
1244,56636284.0,xz,-24975.76,-7.6159416e+07,7.034915e+07,308.10596
1245,56636284.0,yx,1.1611504e-10,-7.6159416e+07,7.034915e+07,308.10596
1246,56636284.0,yy,-7.615946e+07,-7.6159416e+07,7.034915e+07,308.10596
1247,56636284.0,yz,-27723.053,-7.6159416e+07,7.034915e+07,308.10596
1248,56636284.0,zx,-24975.76,-7.6159416e+07,7.034915e+07,308.10596
1249,56636284.0,zy,-27723.053,-7.6159416e+07,7.034915e+07,308.10596
1250,56636284.0,zz,-9.468349e+07,-7.6159416e+07,7.034915e+07,308.10596
1251,57136284.0,xx,-7.616427e+07,-7.616012e+07,7.0359896e+07,308.10587
1252,57136284.0,xy,1.1632329e-10,-7.616012e+07,7.0359896e+07,308.10587
1253,57136284.0,xz,-24834.197,-7.616012e+07,7.0359896e+07,308.10587
1254,57136284.0,yx,1.1632329e-10,-7.616012e+07,7.0359896e+07,308.10587
1255,57136284.0,yy,-7.616016e+07,-7.616012e+07,7.0359896e+07,308.10587
1256,57136284.0,yz,-27546.762,-7.616012e+07,7.0359896e+07,308.10587
1257,57136284.0,zx,-24834.197,-7.616012e+07,7.0359896e+07,308.10587
1258,57136284.0,zy,-27546.762,-7.616012e+07,7.0359896e+07,308.10587
1259,57136284.0,zz,-9.468118e+07,-7.616012e+07,7.0359896e+07,308.10587
1260,57636284.0,xx,-7.616427e+07,-7.616012e+07,7.0359896e+07,308.10587
1261,57636284.0,xy,1.1632329e-10,-7.616012e+07,7.0359896e+07,308.10587
1262,57636284.0,xz,-24834.197,-7.616012e+07,7.0359896e+07,308.10587
1263,57636284.0,yx,1.1632329e-10,-7.616012e+07,7.0359896e+07,308.10587
1264,57636284.0,yy,-7.616016e+07,-7.616012e+07,7.0359896e+07,308.10587
1265,57636284.0,yz,-27546.762,-7.616012e+07,7.0359896e+07,308.10587
1266,57636284.0,zx,-24834.197,-7.616012e+07,7.0359896e+07,308.10587
1267,57636284.0,zy,-27546.762,-7.616012e+07,7.0359896e+07,308.10587
1268,57636284.0,zz,-9.468118e+07,-7.616012e+07,7.0359896e+07,308.10587
1269,58136284.0,xx,-7.616397e+07,-7.616029e+07,7.0368424e+07,308.10574
1270,58136284.0,xy,1.1655124e-10,-7.616029e+07,7.0368424e+07,308.10574
1271,58136284.0,xz,-24695.549,-7.616029e+07,7.0368424e+07,308.10574
1272,58136284.0,yx,1.1655124e-10,-7.616029e+07,7.0368424e+07,308.10574
1273,58136284.0,yy,-7.616033e+07,-7.616029e+07,7.0368424e+07,308.10574
1274,58136284.0,yz,-27374.014,-7.616029e+07,7.0368424e+07,308.10574
1275,58136284.0,zx,-24695.549,-7.616029e+07,7.0368424e+07,308.10574
1276,58136284.0,zy,-27374.014,-7.616029e+07,7.0368424e+07,308.10574
1277,58136284.0,zz,-9.467887e+07,-7.616029e+07,7.0368424e+07,308.10574
1278,58636284.0,xx,-7.616397e+07,-7.616029e+07,7.0368424e+07,308.10574
1279,58636284.0,xy,1.1655124e-10,-7.616029e+07,7.0368424e+07,308.10574
1280,58636284.0,xz,-24695.549,-7.616029e+07,7.0368424e+07,308.10574
1281,58636284.0,yx,1.1655124e-10,-7.616029e+07,7.0368424e+07,308.10574
1282,58636284.0,yy,-7.616033e+07,-7.616029e+07,7.0368424e+07,308.10574
1283,58636284.0,yz,-27374.014,-7.616029e+07,7.0368424e+07,308.10574
1284,58636284.0,zx,-24695.549,-7.616029e+07,7.0368424e+07,308.10574
1285,58636284.0,zy,-27374.014,-7.616029e+07,7.0368424e+07,308.10574
1286,58636284.0,zz,-9.467887e+07,-7.616029e+07,7.0368424e+07,308.10574
1287,59136284.0,xx,-7.616422e+07,-7.616065e+07,7.037779e+07,308.10565
1288,59136284.0,xy,1.1675641e-10,-7.616065e+07,7.037779e+07,308.10565
1289,59136284.0,xz,-24560.809,-7.616065e+07,7.037779e+07,308.10565
1290,59136284.0,yx,1.1675641e-10,-7.616065e+07,7.037779e+07,308.10565
1291,59136284.0,yy,-7.616069e+07,-7.616065e+07,7.037779e+07,308.10565
1292,59136284.0,yz,-27204.316,-7.616065e+07,7.037779e+07,308.10565
1293,59136284.0,zx,-24560.809,-7.616065e+07,7.037779e+07,308.10565
1294,59136284.0,zy,-27204.316,-7.616065e+07,7.037779e+07,308.10565
1295,59136284.0,zz,-9.467677e+07,-7.616065e+07,7.037779e+07,308.10565
1296,59636284.0,xx,-7.616422e+07,-7.616065e+07,7.037779e+07,308.10565
1297,59636284.0,xy,1.1675641e-10,-7.616065e+07,7.037779e+07,308.10565
1298,59636284.0,xz,-24560.809,-7.616065e+07,7.037779e+07,308.10565
1299,59636284.0,yx,1.1675641e-10,-7.616065e+07,7.037779e+07,308.10565
1300,59636284.0,yy,-7.616069e+07,-7.616065e+07,7.037779e+07,308.10565
1301,59636284.0,yz,-27204.316,-7.616065e+07,7.037779e+07,308.10565
1302,59636284.0,zx,-24560.809,-7.616065e+07,7.037779e+07,308.10565
1303,59636284.0,zy,-27204.316,-7.616065e+07,7.037779e+07,308.10565
1304,59636284.0,zz,-9.467677e+07,-7.616065e+07,7.037779e+07,308.10565
1305,60136284.0,xx,-7.616391e+07,-7.616044e+07,7.038618e+07,308.10556
1306,60136284.0,xy,1.1698624e-10,-7.616044e+07,7.038618e+07,308.10556
1307,60136284.0,xz,-24428.678,-7.616044e+07,7.038618e+07,308.10556
1308,60136284.0,yx,1.1698624e-10,-7.616044e+07,7.038618e+07,308.10556
1309,60136284.0,yy,-7.616048e+07,-7.616044e+07,7.038618e+07,308.10556
1310,60136284.0,yz,-27037.62,-7.616044e+07,7.038618e+07,308.10556
1311,60136284.0,zx,-24428.678,-7.616044e+07,7.038618e+07,308.10556
1312,60136284.0,zy,-27037.62,-7.616044e+07,7.038618e+07,308.10556
1313,60136284.0,zz,-9.467505e+07,-7.616044e+07,7.038618e+07,308.10556
1314,60636284.0,xx,-7.616391e+07,-7.616044e+07,7.038618e+07,308.10556
1315,60636284.0,xy,1.1698624e-10,-7.616044e+07,7.038618e+07,308.10556
1316,60636284.0,xz,-24428.678,-7.616044e+07,7.038618e+07,308.10556
1317,60636284.0,yx,1.1698624e-10,-7.616044e+07,7.038618e+07,308.10556
1318,60636284.0,yy,-7.616048e+07,-7.616044e+07,7.038618e+07,308.10556
1319,60636284.0,yz,-27037.62,-7.616044e+07,7.038618e+07,308.10556
1320,60636284.0,zx,-24428.678,-7.616044e+07,7.038618e+07,308.10556
1321,60636284.0,zy,-27037.62,-7.616044e+07,7.038618e+07,308.10556
1322,60636284.0,zz,-9.467505e+07,-7.616044e+07,7.038618e+07,308.10556
1323,61136284.0,xx,-7.6164264e+07,-7.616027e+07,7.039461e+07,308.10544
1324,61136284.0,xy,1.17131e-10,-7.616027e+07,7.039461e+07,308.10544
1325,61136284.0,xz,-24297.506,-7.616027e+07,7.039461e+07,308.10544
1326,61136284.0,yx,1.17131e-10,-7.616027e+07,7.039461e+07,308.10544
1327,61136284.0,yy,-7.616031e+07,-7.616027e+07,7.039461e+07,308.10544
1328,61136284.0,yz,-26874.357,-7.616027e+07,7.039461e+07,308.10544
1329,61136284.0,zx,-24297.506,-7.616027e+07,7.039461e+07,308.10544
1330,61136284.0,zy,-26874.357,-7.616027e+07,7.039461e+07,308.10544
1331,61136284.0,zz,-9.467283e+07,-7.616027e+07,7.039461e+07,308.10544
1332,61636284.0,xx,-7.6164264e+07,-7.616027e+07,7.039461e+07,308.10544
1333,61636284.0,xy,1.17131e-10,-7.616027e+07,7.039461e+07,308.10544
1334,61636284.0,xz,-24297.506,-7.616027e+07,7.039461e+07,308.10544
1335,61636284.0,yx,1.17131e-10,-7.616027e+07,7.039461e+07,308.10544
1336,61636284.0,yy,-7.616031e+07,-7.616027e+07,7.039461e+07,308.10544
1337,61636284.0,yz,-26874.357,-7.616027e+07,7.039461e+07,308.10544
1338,61636284.0,zx,-24297.506,-7.616027e+07,7.039461e+07,308.10544
1339,61636284.0,zy,-26874.357,-7.616027e+07,7.039461e+07,308.10544
1340,61636284.0,zz,-9.467283e+07,-7.616027e+07,7.039461e+07,308.10544
1341,62136284.0,xx,-7.616446e+07,-7.616056e+07,7.0403144e+07,308.10535
1342,62136284.0,xy,1.1730565e-10,-7.616056e+07,7.0403144e+07,308.10535
1343,62136284.0,xz,-24168.988,-7.616056e+07,7.0403144e+07,308.10535
1344,62136284.0,yx,1.1730565e-10,-7.616056e+07,7.0403144e+07,308.10535
1345,62136284.0,yy,-7.61606e+07,-7.616056e+07,7.0403144e+07,308.10535
1346,62136284.0,yz,-26713.432,-7.616056e+07,7.0403144e+07,308.10535
1347,62136284.0,zx,-24168.988,-7.616056e+07,7.0403144e+07,308.10535
1348,62136284.0,zy,-26713.432,-7.616056e+07,7.0403144e+07,308.10535
1349,62136284.0,zz,-9.467048e+07,-7.616056e+07,7.0403144e+07,308.10535
1350,62636284.0,xx,-7.616446e+07,-7.616056e+07,7.0403144e+07,308.10535
1351,62636284.0,xy,1.1730565e-10,-7.616056e+07,7.0403144e+07,308.10535
1352,62636284.0,xz,-24168.988,-7.616056e+07,7.0403144e+07,308.10535
1353,62636284.0,yx,1.1730565e-10,-7.616056e+07,7.0403144e+07,308.10535
1354,62636284.0,yy,-7.61606e+07,-7.616056e+07,7.0403144e+07,308.10535
1355,62636284.0,yz,-26713.432,-7.616056e+07,7.0403144e+07,308.10535
1356,62636284.0,zx,-24168.988,-7.616056e+07,7.0403144e+07,308.10535
1357,62636284.0,zy,-26713.432,-7.616056e+07,7.0403144e+07,308.10535
1358,62636284.0,zz,-9.467048e+07,-7.616056e+07,7.0403144e+07,308.10535
1359,63136284.0,xx,-7.616462e+07,-7.6160856e+07,7.041202e+07,308.10526
1360,63136284.0,xy,1.1750984e-10,-7.6160856e+07,7.041202e+07,308.10526
1361,63136284.0,xz,-24040.996,-7.6160856e+07,7.041202e+07,308.10526
1362,63136284.0,yx,1.1750984e-10,-7.6160856e+07,7.041202e+07,308.10526
1363,63136284.0,yy,-7.61609e+07,-7.6160856e+07,7.041202e+07,308.10526
1364,63136284.0,yz,-26554.89,-7.6160856e+07,7.041202e+07,308.10526
1365,63136284.0,zx,-24040.996,-7.6160856e+07,7.041202e+07,308.10526
1366,63136284.0,zy,-26554.89,-7.6160856e+07,7.041202e+07,308.10526
1367,63136284.0,zz,-9.466857e+07,-7.6160856e+07,7.041202e+07,308.10526
1368,63636284.0,xx,-7.616462e+07,-7.6160856e+07,7.041202e+07,308.10526
1369,63636284.0,xy,1.1750984e-10,-7.6160856e+07,7.041202e+07,308.10526
1370,63636284.0,xz,-24040.996,-7.6160856e+07,7.041202e+07,308.10526
1371,63636284.0,yx,1.1750984e-10,-7.6160856e+07,7.041202e+07,308.10526
1372,63636284.0,yy,-7.61609e+07,-7.6160856e+07,7.041202e+07,308.10526
1373,63636284.0,yz,-26554.89,-7.6160856e+07,7.041202e+07,308.10526
1374,63636284.0,zx,-24040.996,-7.6160856e+07,7.041202e+07,308.10526
1375,63636284.0,zy,-26554.89,-7.6160856e+07,7.041202e+07,308.10526
1376,63636284.0,zz,-9.466857e+07,-7.6160856e+07,7.041202e+07,308.10526
1377,64136284.0,xx,-7.616489e+07,-7.616104e+07,7.0420696e+07,308.10513
1378,64136284.0,xy,1.1769402e-10,-7.616104e+07,7.0420696e+07,308.10513
1379,64136284.0,xz,-23916.754,-7.616104e+07,7.0420696e+07,308.10513
1380,64136284.0,yx,1.1769402e-10,-7.616104e+07,7.0420696e+07,308.10513
1381,64136284.0,yy,-7.616108e+07,-7.616104e+07,7.0420696e+07,308.10513
1382,64136284.0,yz,-26399.031,-7.616104e+07,7.0420696e+07,308.10513
1383,64136284.0,zx,-23916.754,-7.616104e+07,7.0420696e+07,308.10513
1384,64136284.0,zy,-26399.031,-7.616104e+07,7.0420696e+07,308.10513
1385,64136284.0,zz,-9.466668e+07,-7.616104e+07,7.0420696e+07,308.10513
1386,64636284.0,xx,-7.616489e+07,-7.616104e+07,7.0420696e+07,308.10513
1387,64636284.0,xy,1.1769402e-10,-7.616104e+07,7.0420696e+07,308.10513
1388,64636284.0,xz,-23916.754,-7.616104e+07,7.0420696e+07,308.10513
1389,64636284.0,yx,1.1769402e-10,-7.616104e+07,7.0420696e+07,308.10513
1390,64636284.0,yy,-7.616108e+07,-7.616104e+07,7.0420696e+07,308.10513
1391,64636284.0,yz,-26399.031,-7.616104e+07,7.0420696e+07,308.10513
1392,64636284.0,zx,-23916.754,-7.616104e+07,7.0420696e+07,308.10513
1393,64636284.0,zy,-26399.031,-7.616104e+07,7.0420696e+07,308.10513
1394,64636284.0,zz,-9.466668e+07,-7.616104e+07,7.0420696e+07,308.10513
1395,65136284.0,xx,-7.6164696e+07,-7.616171e+07,7.042907e+07,308.10504
1396,65136284.0,xy,1.1792974e-10,-7.616171e+07,7.042907e+07,308.10504
1397,65136284.0,xz,-23795.469,-7.616171e+07,7.042907e+07,308.10504
1398,65136284.0,yx,1.1792974e-10,-7.616171e+07,7.042907e+07,308.10504
1399,65136284.0,yy,-7.616175e+07,-7.616171e+07,7.042907e+07,308.10504
1400,65136284.0,yz,-26246.732,-7.616171e+07,7.042907e+07,308.10504
1401,65136284.0,zx,-23795.469,-7.616171e+07,7.042907e+07,308.10504
1402,65136284.0,zy,-26246.732,-7.616171e+07,7.042907e+07,308.10504
1403,65136284.0,zz,-9.466464e+07,-7.616171e+07,7.042907e+07,308.10504
1404,65636284.0,xx,-7.6164696e+07,-7.616171e+07,7.042907e+07,308.10504
1405,65636284.0,xy,1.1792974e-10,-7.616171e+07,7.042907e+07,308.10504
1406,65636284.0,xz,-23795.469,-7.616171e+07,7.042907e+07,308.10504
1407,65636284.0,yx,1.1792974e-10,-7.616171e+07,7.042907e+07,308.10504
1408,65636284.0,yy,-7.616175e+07,-7.616171e+07,7.042907e+07,308.10504
1409,65636284.0,yz,-26246.732,-7.616171e+07,7.042907e+07,308.10504
1410,65636284.0,zx,-23795.469,-7.616171e+07,7.042907e+07,308.10504
1411,65636284.0,zy,-26246.732,-7.616171e+07,7.042907e+07,308.10504
1412,65636284.0,zz,-9.466464e+07,-7.616171e+07,7.042907e+07,308.10504
1413,66136284.0,xx,-7.616504e+07,-7.6161816e+07,7.0436776e+07,308.10495
1414,66136284.0,xy,1.1805994e-10,-7.6161816e+07,7.0436776e+07,308.10495
1415,66136284.0,xz,-23673.742,-7.6161816e+07,7.0436776e+07,308.10495
1416,66136284.0,yx,1.1805994e-10,-7.6161816e+07,7.0436776e+07,308.10495
1417,66136284.0,yy,-7.616186e+07,-7.6161816e+07,7.0436776e+07,308.10495
1418,66136284.0,yz,-26096.04,-7.6161816e+07,7.0436776e+07,308.10495
1419,66136284.0,zx,-23673.742,-7.6161816e+07,7.0436776e+07,308.10495
1420,66136284.0,zy,-26096.04,-7.6161816e+07,7.0436776e+07,308.10495
1421,66136284.0,zz,-9.466239e+07,-7.6161816e+07,7.0436776e+07,308.10495
1422,66636284.0,xx,-7.616504e+07,-7.6161816e+07,7.0436776e+07,308.10495
1423,66636284.0,xy,1.1805994e-10,-7.6161816e+07,7.0436776e+07,308.10495
1424,66636284.0,xz,-23673.742,-7.6161816e+07,7.0436776e+07,308.10495
1425,66636284.0,yx,1.1805994e-10,-7.6161816e+07,7.0436776e+07,308.10495
1426,66636284.0,yy,-7.616186e+07,-7.6161816e+07,7.0436776e+07,308.10495
1427,66636284.0,yz,-26096.04,-7.6161816e+07,7.0436776e+07,308.10495
1428,66636284.0,zx,-23673.742,-7.6161816e+07,7.0436776e+07,308.10495
1429,66636284.0,zy,-26096.04,-7.6161816e+07,7.0436776e+07,308.10495
1430,66636284.0,zz,-9.466239e+07,-7.6161816e+07,7.0436776e+07,308.10495
1431,67136280.0,xx,-7.616593e+07,-7.6163e+07,7.0446584e+07,308.10486
1432,67136280.0,xy,1.1822372e-10,-7.6163e+07,7.0446584e+07,308.10486
1433,67136280.0,xz,-23555.076,-7.6163e+07,7.0446584e+07,308.10486
1434,67136280.0,yx,1.1822372e-10,-7.6163e+07,7.0446584e+07,308.10486
1435,67136280.0,yy,-7.616303e+07,-7.6163e+07,7.0446584e+07,308.10486
1436,67136280.0,yz,-25948.527,-7.6163e+07,7.0446584e+07,308.10486
1437,67136280.0,zx,-23555.076,-7.6163e+07,7.0446584e+07,308.10486
1438,67136280.0,zy,-25948.527,-7.6163e+07,7.0446584e+07,308.10486
1439,67136280.0,zz,-9.465994e+07,-7.6163e+07,7.0446584e+07,308.10486
1440,67636280.0,xx,-7.616593e+07,-7.6163e+07,7.0446584e+07,308.10486
1441,67636280.0,xy,1.1822372e-10,-7.6163e+07,7.0446584e+07,308.10486
1442,67636280.0,xz,-23555.076,-7.6163e+07,7.0446584e+07,308.10486
1443,67636280.0,yx,1.1822372e-10,-7.6163e+07,7.0446584e+07,308.10486
1444,67636280.0,yy,-7.616303e+07,-7.6163e+07,7.0446584e+07,308.10486
1445,67636280.0,yz,-25948.527,-7.6163e+07,7.0446584e+07,308.10486
1446,67636280.0,zx,-23555.076,-7.6163e+07,7.0446584e+07,308.10486
1447,67636280.0,zy,-25948.527,-7.6163e+07,7.0446584e+07,308.10486
1448,67636280.0,zz,-9.465994e+07,-7.6163e+07,7.0446584e+07,308.10486
1449,68136280.0,xx,-7.616616e+07,-7.6163656e+07,7.0455016e+07,308.10474
1450,68136280.0,xy,1.1841948e-10,-7.6163656e+07,7.0455016e+07,308.10474
1451,68136280.0,xz,-23437.658,-7.6163656e+07,7.0455016e+07,308.10474
1452,68136280.0,yx,1.1841948e-10,-7.6163656e+07,7.0455016e+07,308.10474
1453,68136280.0,yy,-7.616369e+07,-7.6163656e+07,7.0455016e+07,308.10474
1454,68136280.0,yz,-25802.398,-7.6163656e+07,7.0455016e+07,308.10474
1455,68136280.0,zx,-23437.658,-7.6163656e+07,7.0455016e+07,308.10474
1456,68136280.0,zy,-25802.398,-7.6163656e+07,7.0455016e+07,308.10474
1457,68136280.0,zz,-9.465809e+07,-7.6163656e+07,7.0455016e+07,308.10474
1458,68636280.0,xx,-7.616616e+07,-7.6163656e+07,7.0455016e+07,308.10474
1459,68636280.0,xy,1.1841948e-10,-7.6163656e+07,7.0455016e+07,308.10474
1460,68636280.0,xz,-23437.658,-7.6163656e+07,7.0455016e+07,308.10474
1461,68636280.0,yx,1.1841948e-10,-7.6163656e+07,7.0455016e+07,308.10474
1462,68636280.0,yy,-7.616369e+07,-7.6163656e+07,7.0455016e+07,308.10474
1463,68636280.0,yz,-25802.398,-7.6163656e+07,7.0455016e+07,308.10474
1464,68636280.0,zx,-23437.658,-7.6163656e+07,7.0455016e+07,308.10474
1465,68636280.0,zy,-25802.398,-7.6163656e+07,7.0455016e+07,308.10474
1466,68636280.0,zz,-9.465809e+07,-7.6163656e+07,7.0455016e+07,308.10474
1467,69136280.0,xx,-7.616697e+07,-7.616411e+07,7.046335e+07,308.10464
1468,69136280.0,xy,1.1852708e-10,-7.616411e+07,7.046335e+07,308.10464
1469,69136280.0,xz,-23322.885,-7.616411e+07,7.046335e+07,308.10464
1470,69136280.0,yx,1.1852708e-10,-7.616411e+07,7.046335e+07,308.10464
1471,69136280.0,yy,-7.616414e+07,-7.616411e+07,7.046335e+07,308.10464
1472,69136280.0,yz,-25659.494,-7.616411e+07,7.046335e+07,308.10464
1473,69136280.0,zx,-23322.885,-7.616411e+07,7.046335e+07,308.10464
1474,69136280.0,zy,-25659.494,-7.616411e+07,7.046335e+07,308.10464
1475,69136280.0,zz,-9.465577e+07,-7.616411e+07,7.046335e+07,308.10464
1476,69636280.0,xx,-7.616697e+07,-7.616411e+07,7.046335e+07,308.10464
1477,69636280.0,xy,1.1852708e-10,-7.616411e+07,7.046335e+07,308.10464
1478,69636280.0,xz,-23322.885,-7.616411e+07,7.046335e+07,308.10464
1479,69636280.0,yx,1.1852708e-10,-7.616411e+07,7.046335e+07,308.10464
1480,69636280.0,yy,-7.616414e+07,-7.616411e+07,7.046335e+07,308.10464
1481,69636280.0,yz,-25659.494,-7.616411e+07,7.046335e+07,308.10464
1482,69636280.0,zx,-23322.885,-7.616411e+07,7.046335e+07,308.10464
1483,69636280.0,zy,-25659.494,-7.616411e+07,7.046335e+07,308.10464
1484,69636280.0,zz,-9.465577e+07,-7.616411e+07,7.046335e+07,308.10464
1485,70136280.0,xx,-7.6168104e+07,-7.6164536e+07,7.047173e+07,308.10455
1486,70136280.0,xy,1.1859222e-10,-7.6164536e+07,7.047173e+07,308.10455
1487,70136280.0,xz,-23210.484,-7.6164536e+07,7.047173e+07,308.10455
1488,70136280.0,yx,1.1859222e-10,-7.6164536e+07,7.047173e+07,308.10455
1489,70136280.0,yy,-7.616458e+07,-7.6164536e+07,7.047173e+07,308.10455
1490,70136280.0,yz,-25519.38,-7.6164536e+07,7.047173e+07,308.10455
1491,70136280.0,zx,-23210.484,-7.6164536e+07,7.047173e+07,308.10455
1492,70136280.0,zy,-25519.38,-7.6164536e+07,7.047173e+07,308.10455
1493,70136280.0,zz,-9.465323e+07,-7.6164536e+07,7.047173e+07,308.10455
1494,70636280.0,xx,-7.6168104e+07,-7.6164536e+07,7.047173e+07,308.10455
1495,70636280.0,xy,1.1859222e-10,-7.6164536e+07,7.047173e+07,308.10455
1496,70636280.0,xz,-23210.484,-7.6164536e+07,7.047173e+07,308.10455
1497,70636280.0,yx,1.1859222e-10,-7.6164536e+07,7.047173e+07,308.10455
1498,70636280.0,yy,-7.616458e+07,-7.6164536e+07,7.047173e+07,308.10455
1499,70636280.0,yz,-25519.38,-7.6164536e+07,7.047173e+07,308.10455
1500,70636280.0,zx,-23210.484,-7.6164536e+07,7.047173e+07,308.10455
1501,70636280.0,zy,-25519.38,-7.6164536e+07,7.047173e+07,308.10455
1502,70636280.0,zz,-9.465323e+07,-7.6164536e+07,7.047173e+07,308.10455
1503,71136280.0,xx,-7.616848e+07,-7.61656e+07,7.048017e+07,308.10443
1504,71136280.0,xy,1.1877367e-10,-7.61656e+07,7.048017e+07,308.10443
1505,71136280.0,xz,-23098.625,-7.61656e+07,7.048017e+07,308.10443
1506,71136280.0,yx,1.1877367e-10,-7.61656e+07,7.048017e+07,308.10443
1507,71136280.0,yy,-7.616564e+07,-7.61656e+07,7.048017e+07,308.10443
1508,71136280.0,yz,-25380.049,-7.61656e+07,7.048017e+07,308.10443
1509,71136280.0,zx,-23098.625,-7.61656e+07,7.048017e+07,308.10443
1510,71136280.0,zy,-25380.049,-7.61656e+07,7.048017e+07,308.10443
1511,71136280.0,zz,-9.4651e+07,-7.61656e+07,7.048017e+07,308.10443
1512,71636280.0,xx,-7.616848e+07,-7.61656e+07,7.048017e+07,308.10443
1513,71636280.0,xy,1.1877367e-10,-7.61656e+07,7.048017e+07,308.10443
1514,71636280.0,xz,-23098.625,-7.61656e+07,7.048017e+07,308.10443
1515,71636280.0,yx,1.1877367e-10,-7.61656e+07,7.048017e+07,308.10443
1516,71636280.0,yy,-7.616564e+07,-7.61656e+07,7.048017e+07,308.10443
1517,71636280.0,yz,-25380.049,-7.61656e+07,7.048017e+07,308.10443
1518,71636280.0,zx,-23098.625,-7.61656e+07,7.048017e+07,308.10443
1519,71636280.0,zy,-25380.049,-7.61656e+07,7.048017e+07,308.10443
1520,71636280.0,zz,-9.4651e+07,-7.61656e+07,7.048017e+07,308.10443
1521,72136280.0,xx,-7.616939e+07,-7.616594e+07,7.048841e+07,308.10434
1522,72136280.0,xy,1.1886529e-10,-7.616594e+07,7.048841e+07,308.10434
1523,72136280.0,xz,-22988.125,-7.616594e+07,7.048841e+07,308.10434
1524,72136280.0,yx,1.1886529e-10,-7.616594e+07,7.048841e+07,308.10434
1525,72136280.0,yy,-7.616597e+07,-7.616594e+07,7.048841e+07,308.10434
1526,72136280.0,yz,-25243.715,-7.616594e+07,7.048841e+07,308.10434
1527,72136280.0,zx,-22988.125,-7.616594e+07,7.048841e+07,308.10434
1528,72136280.0,zy,-25243.715,-7.616594e+07,7.048841e+07,308.10434
1529,72136280.0,zz,-9.4648776e+07,-7.616594e+07,7.048841e+07,308.10434
1530,72636280.0,xx,-7.616939e+07,-7.616594e+07,7.048841e+07,308.10434
1531,72636280.0,xy,1.1886529e-10,-7.616594e+07,7.048841e+07,308.10434
1532,72636280.0,xz,-22988.125,-7.616594e+07,7.048841e+07,308.10434
1533,72636280.0,yx,1.1886529e-10,-7.616594e+07,7.048841e+07,308.10434
1534,72636280.0,yy,-7.616597e+07,-7.616594e+07,7.048841e+07,308.10434
1535,72636280.0,yz,-25243.715,-7.616594e+07,7.048841e+07,308.10434
1536,72636280.0,zx,-22988.125,-7.616594e+07,7.048841e+07,308.10434
1537,72636280.0,zy,-25243.715,-7.616594e+07,7.048841e+07,308.10434
1538,72636280.0,zz,-9.4648776e+07,-7.616594e+07,7.048841e+07,308.10434
1539,73136280.0,xx,-7.6169896e+07,-7.616692e+07,7.0496296e+07,308.10425
1540,73136280.0,xy,1.190082e-10,-7.616692e+07,7.0496296e+07,308.10425
1541,73136280.0,xz,-22880.926,-7.616692e+07,7.0496296e+07,308.10425
1542,73136280.0,yx,1.190082e-10,-7.616692e+07,7.0496296e+07,308.10425
1543,73136280.0,yy,-7.616696e+07,-7.616692e+07,7.0496296e+07,308.10425
1544,73136280.0,yz,-25109.715,-7.616692e+07,7.0496296e+07,308.10425
1545,73136280.0,zx,-22880.926,-7.616692e+07,7.0496296e+07,308.10425
1546,73136280.0,zy,-25109.715,-7.616692e+07,7.0496296e+07,308.10425
1547,73136280.0,zz,-9.464635e+07,-7.616692e+07,7.0496296e+07,308.10425
1548,73636280.0,xx,-7.6169896e+07,-7.616692e+07,7.0496296e+07,308.10425
1549,73636280.0,xy,1.190082e-10,-7.616692e+07,7.0496296e+07,308.10425
1550,73636280.0,xz,-22880.926,-7.616692e+07,7.0496296e+07,308.10425
1551,73636280.0,yx,1.190082e-10,-7.616692e+07,7.0496296e+07,308.10425
1552,73636280.0,yy,-7.616696e+07,-7.616692e+07,7.0496296e+07,308.10425
1553,73636280.0,yz,-25109.715,-7.616692e+07,7.0496296e+07,308.10425
1554,73636280.0,zx,-22880.926,-7.616692e+07,7.0496296e+07,308.10425
1555,73636280.0,zy,-25109.715,-7.616692e+07,7.0496296e+07,308.10425
1556,73636280.0,zz,-9.464635e+07,-7.616692e+07,7.0496296e+07,308.10425
1557,74136280.0,xx,-7.617073e+07,-7.616774e+07,7.050459e+07,308.10425
1558,74136280.0,xy,1.191297e-10,-7.616774e+07,7.050459e+07,308.10425
1559,74136280.0,xz,-22772.006,-7.616774e+07,7.050459e+07,308.10425
1560,74136280.0,yx,1.191297e-10,-7.616774e+07,7.050459e+07,308.10425
1561,74136280.0,yy,-7.6167784e+07,-7.616774e+07,7.050459e+07,308.10425
1562,74136280.0,yz,-24976.375,-7.616774e+07,7.050459e+07,308.10425
1563,74136280.0,zx,-22772.006,-7.616774e+07,7.050459e+07,308.10425
1564,74136280.0,zy,-24976.375,-7.616774e+07,7.050459e+07,308.10425
1565,74136280.0,zz,-9.464415e+07,-7.616774e+07,7.050459e+07,308.10425
1566,74636280.0,xx,-7.617073e+07,-7.616774e+07,7.050459e+07,308.10425
1567,74636280.0,xy,1.191297e-10,-7.616774e+07,7.050459e+07,308.10425
1568,74636280.0,xz,-22772.006,-7.616774e+07,7.050459e+07,308.10425
1569,74636280.0,yx,1.191297e-10,-7.616774e+07,7.050459e+07,308.10425
1570,74636280.0,yy,-7.6167784e+07,-7.616774e+07,7.050459e+07,308.10425
1571,74636280.0,yz,-24976.375,-7.616774e+07,7.050459e+07,308.10425
1572,74636280.0,zx,-22772.006,-7.616774e+07,7.050459e+07,308.10425
1573,74636280.0,zy,-24976.375,-7.616774e+07,7.050459e+07,308.10425
1574,74636280.0,zz,-9.464415e+07,-7.616774e+07,7.050459e+07,308.10425
1575,75136280.0,xx,-7.6171384e+07,-7.616852e+07,7.051312e+07,308.10413
1576,75136280.0,xy,1.1928948e-10,-7.616852e+07,7.051312e+07,308.10413
1577,75136280.0,xz,-22666.861,-7.616852e+07,7.051312e+07,308.10413
1578,75136280.0,yx,1.1928948e-10,-7.616852e+07,7.051312e+07,308.10413
1579,75136280.0,yy,-7.616856e+07,-7.616852e+07,7.051312e+07,308.10413
1580,75136280.0,yz,-24846.057,-7.616852e+07,7.051312e+07,308.10413
1581,75136280.0,zx,-22666.861,-7.616852e+07,7.051312e+07,308.10413
1582,75136280.0,zy,-24846.057,-7.616852e+07,7.051312e+07,308.10413
1583,75136280.0,zz,-9.464241e+07,-7.616852e+07,7.051312e+07,308.10413
1584,75636280.0,xx,-7.6171384e+07,-7.616852e+07,7.051312e+07,308.10413
1585,75636280.0,xy,1.1928948e-10,-7.616852e+07,7.051312e+07,308.10413
1586,75636280.0,xz,-22666.861,-7.616852e+07,7.051312e+07,308.10413
1587,75636280.0,yx,1.1928948e-10,-7.616852e+07,7.051312e+07,308.10413
1588,75636280.0,yy,-7.616856e+07,-7.616852e+07,7.051312e+07,308.10413
1589,75636280.0,yz,-24846.057,-7.616852e+07,7.051312e+07,308.10413
1590,75636280.0,zx,-22666.861,-7.616852e+07,7.051312e+07,308.10413
1591,75636280.0,zy,-24846.057,-7.616852e+07,7.051312e+07,308.10413
1592,75636280.0,zz,-9.464241e+07,-7.616852e+07,7.051312e+07,308.10413
1593,76136280.0,xx,-7.617164e+07,-7.616863e+07,7.051964e+07,308.10403
1594,76136280.0,xy,1.1939737e-10,-7.616863e+07,7.051964e+07,308.10403
1595,76136280.0,xz,-22564.373,-7.616863e+07,7.051964e+07,308.10403
1596,76136280.0,yx,1.1939737e-10,-7.616863e+07,7.051964e+07,308.10403
1597,76136280.0,yy,-7.6168664e+07,-7.616863e+07,7.051964e+07,308.10403
1598,76136280.0,yz,-24717.676,-7.616863e+07,7.051964e+07,308.10403
1599,76136280.0,zx,-22564.373,-7.616863e+07,7.051964e+07,308.10403
1600,76136280.0,zy,-24717.676,-7.616863e+07,7.051964e+07,308.10403
1601,76136280.0,zz,-9.464031e+07,-7.616863e+07,7.051964e+07,308.10403
1602,76636280.0,xx,-7.617164e+07,-7.616863e+07,7.051964e+07,308.10403
1603,76636280.0,xy,1.1939737e-10,-7.616863e+07,7.051964e+07,308.10403
1604,76636280.0,xz,-22564.373,-7.616863e+07,7.051964e+07,308.10403
1605,76636280.0,yx,1.1939737e-10,-7.616863e+07,7.051964e+07,308.10403
1606,76636280.0,yy,-7.6168664e+07,-7.616863e+07,7.051964e+07,308.10403
1607,76636280.0,yz,-24717.676,-7.616863e+07,7.051964e+07,308.10403
1608,76636280.0,zx,-22564.373,-7.616863e+07,7.051964e+07,308.10403
1609,76636280.0,zy,-24717.676,-7.616863e+07,7.051964e+07,308.10403
1610,76636280.0,zz,-9.464031e+07,-7.616863e+07,7.051964e+07,308.10403
1611,77136280.0,xx,-7.6173464e+07,-7.616997e+07,7.05292e+07,308.10394
1612,77136280.0,xy,1.1945331e-10,-7.616997e+07,7.05292e+07,308.10394
1613,77136280.0,xz,-22460.525,-7.616997e+07,7.05292e+07,308.10394
1614,77136280.0,yx,1.1945331e-10,-7.616997e+07,7.05292e+07,308.10394
1615,77136280.0,yy,-7.617e+07,-7.616997e+07,7.05292e+07,308.10394
1616,77136280.0,yz,-24590.793,-7.616997e+07,7.05292e+07,308.10394
1617,77136280.0,zx,-22460.525,-7.616997e+07,7.05292e+07,308.10394
1618,77136280.0,zy,-24590.793,-7.616997e+07,7.05292e+07,308.10394
1619,77136280.0,zz,-9.4637784e+07,-7.616997e+07,7.05292e+07,308.10394
1620,77636280.0,xx,-7.6173464e+07,-7.616997e+07,7.05292e+07,308.10394
1621,77636280.0,xy,1.1945331e-10,-7.616997e+07,7.05292e+07,308.10394
1622,77636280.0,xz,-22460.525,-7.616997e+07,7.05292e+07,308.10394
1623,77636280.0,yx,1.1945331e-10,-7.616997e+07,7.05292e+07,308.10394
1624,77636280.0,yy,-7.617e+07,-7.616997e+07,7.05292e+07,308.10394
1625,77636280.0,yz,-24590.793,-7.616997e+07,7.05292e+07,308.10394
1626,77636280.0,zx,-22460.525,-7.616997e+07,7.05292e+07,308.10394
1627,77636280.0,zy,-24590.793,-7.616997e+07,7.05292e+07,308.10394
1628,77636280.0,zz,-9.4637784e+07,-7.616997e+07,7.05292e+07,308.10394
1629,78136280.0,xx,-7.6174296e+07,-7.6171416e+07,7.053788e+07,308.10382
1630,78136280.0,xy,1.1960398e-10,-7.6171416e+07,7.053788e+07,308.10382
1631,78136280.0,xz,-22361.016,-7.6171416e+07,7.053788e+07,308.10382
1632,78136280.0,yx,1.1960398e-10,-7.6171416e+07,7.053788e+07,308.10382
1633,78136280.0,yy,-7.617145e+07,-7.6171416e+07,7.053788e+07,308.10382
1634,78136280.0,yz,-24466.553,-7.6171416e+07,7.053788e+07,308.10382
1635,78136280.0,zx,-22361.016,-7.6171416e+07,7.053788e+07,308.10382
1636,78136280.0,zy,-24466.553,-7.6171416e+07,7.053788e+07,308.10382
1637,78136280.0,zz,-9.463553e+07,-7.6171416e+07,7.053788e+07,308.10382
1638,78636280.0,xx,-7.6174296e+07,-7.6171416e+07,7.053788e+07,308.10382
1639,78636280.0,xy,1.1960398e-10,-7.6171416e+07,7.053788e+07,308.10382
1640,78636280.0,xz,-22361.016,-7.6171416e+07,7.053788e+07,308.10382
1641,78636280.0,yx,1.1960398e-10,-7.6171416e+07,7.053788e+07,308.10382
1642,78636280.0,yy,-7.617145e+07,-7.6171416e+07,7.053788e+07,308.10382
1643,78636280.0,yz,-24466.553,-7.6171416e+07,7.053788e+07,308.10382
1644,78636280.0,zx,-22361.016,-7.6171416e+07,7.053788e+07,308.10382
1645,78636280.0,zy,-24466.553,-7.6171416e+07,7.053788e+07,308.10382
1646,78636280.0,zz,-9.463553e+07,-7.6171416e+07,7.053788e+07,308.10382
1647,79136280.0,xx,-7.617565e+07,-7.617216e+07,7.054602e+07,308.10382
1648,79136280.0,xy,1.1966032e-10,-7.617216e+07,7.054602e+07,308.10382
1649,79136280.0,xz,-22260.816,-7.617216e+07,7.054602e+07,308.10382
1650,79136280.0,yx,1.1966032e-10,-7.617216e+07,7.054602e+07,308.10382
1651,79136280.0,yy,-7.617219e+07,-7.617216e+07,7.054602e+07,308.10382
1652,79136280.0,yz,-24343.395,-7.617216e+07,7.054602e+07,308.10382
1653,79136280.0,zx,-22260.816,-7.617216e+07,7.054602e+07,308.10382
1654,79136280.0,zy,-24343.395,-7.617216e+07,7.054602e+07,308.10382
1655,79136280.0,zz,-9.4633304e+07,-7.617216e+07,7.054602e+07,308.10382
1656,79636280.0,xx,-7.617565e+07,-7.617216e+07,7.054602e+07,308.10382
1657,79636280.0,xy,1.1966032e-10,-7.617216e+07,7.054602e+07,308.10382
1658,79636280.0,xz,-22260.816,-7.617216e+07,7.054602e+07,308.10382
1659,79636280.0,yx,1.1966032e-10,-7.617216e+07,7.054602e+07,308.10382
1660,79636280.0,yy,-7.617219e+07,-7.617216e+07,7.054602e+07,308.10382
1661,79636280.0,yz,-24343.395,-7.617216e+07,7.054602e+07,308.10382
1662,79636280.0,zx,-22260.816,-7.617216e+07,7.054602e+07,308.10382
1663,79636280.0,zy,-24343.395,-7.617216e+07,7.054602e+07,308.10382
1664,79636280.0,zz,-9.4633304e+07,-7.617216e+07,7.054602e+07,308.10382
1665,80136280.0,xx,-7.6176424e+07,-7.61733e+07,7.055396e+07,308.10373
1666,80136280.0,xy,1.1978404e-10,-7.61733e+07,7.055396e+07,308.10373
1667,80136280.0,xz,-22163.377,-7.61733e+07,7.055396e+07,308.10373
1668,80136280.0,yx,1.1978404e-10,-7.61733e+07,7.055396e+07,308.10373
1669,80136280.0,yy,-7.617333e+07,-7.61733e+07,7.055396e+07,308.10373
1670,80136280.0,yz,-24222.197,-7.61733e+07,7.055396e+07,308.10373
1671,80136280.0,zx,-22163.377,-7.61733e+07,7.055396e+07,308.10373
1672,80136280.0,zy,-24222.197,-7.61733e+07,7.055396e+07,308.10373
1673,80136280.0,zz,-9.463107e+07,-7.61733e+07,7.055396e+07,308.10373
1674,80636280.0,xx,-7.6176424e+07,-7.61733e+07,7.055396e+07,308.10373
1675,80636280.0,xy,1.1978404e-10,-7.61733e+07,7.055396e+07,308.10373
1676,80636280.0,xz,-22163.377,-7.61733e+07,7.055396e+07,308.10373
1677,80636280.0,yx,1.1978404e-10,-7.61733e+07,7.055396e+07,308.10373
1678,80636280.0,yy,-7.617333e+07,-7.61733e+07,7.055396e+07,308.10373
1679,80636280.0,yz,-24222.197,-7.61733e+07,7.055396e+07,308.10373
1680,80636280.0,zx,-22163.377,-7.61733e+07,7.055396e+07,308.10373
1681,80636280.0,zy,-24222.197,-7.61733e+07,7.055396e+07,308.10373
1682,80636280.0,zz,-9.463107e+07,-7.61733e+07,7.055396e+07,308.10373
1683,81136280.0,xx,-7.617721e+07,-7.617446e+07,7.056225e+07,308.10364
1684,81136280.0,xy,1.1993273e-10,-7.617446e+07,7.056225e+07,308.10364
1685,81136280.0,xz,-22067.41,-7.617446e+07,7.056225e+07,308.10364
1686,81136280.0,yx,1.1993273e-10,-7.617446e+07,7.056225e+07,308.10364
1687,81136280.0,yy,-7.61745e+07,-7.617446e+07,7.056225e+07,308.10364
1688,81136280.0,yz,-24102.854,-7.617446e+07,7.056225e+07,308.10364
1689,81136280.0,zx,-22067.41,-7.617446e+07,7.056225e+07,308.10364
1690,81136280.0,zy,-24102.854,-7.617446e+07,7.056225e+07,308.10364
1691,81136280.0,zz,-9.4629224e+07,-7.617446e+07,7.056225e+07,308.10364
1692,81636280.0,xx,-7.617721e+07,-7.617446e+07,7.056225e+07,308.10364
1693,81636280.0,xy,1.1993273e-10,-7.617446e+07,7.056225e+07,308.10364
1694,81636280.0,xz,-22067.41,-7.617446e+07,7.056225e+07,308.10364
1695,81636280.0,yx,1.1993273e-10,-7.617446e+07,7.056225e+07,308.10364
1696,81636280.0,yy,-7.61745e+07,-7.617446e+07,7.056225e+07,308.10364
1697,81636280.0,yz,-24102.854,-7.617446e+07,7.056225e+07,308.10364
1698,81636280.0,zx,-22067.41,-7.617446e+07,7.056225e+07,308.10364
1699,81636280.0,zy,-24102.854,-7.617446e+07,7.056225e+07,308.10364
1700,81636280.0,zz,-9.4629224e+07,-7.617446e+07,7.056225e+07,308.10364
1701,82136280.0,xx,-7.6178504e+07,-7.6175736e+07,7.057073e+07,308.10355
1702,82136280.0,xy,1.2002546e-10,-7.6175736e+07,7.057073e+07,308.10355
1703,82136280.0,xz,-21970.318,-7.6175736e+07,7.057073e+07,308.10355
1704,82136280.0,yx,1.2002546e-10,-7.6175736e+07,7.057073e+07,308.10355
1705,82136280.0,yy,-7.617577e+07,-7.6175736e+07,7.057073e+07,308.10355
1706,82136280.0,yz,-23984.39,-7.6175736e+07,7.057073e+07,308.10355
1707,82136280.0,zx,-21970.318,-7.6175736e+07,7.057073e+07,308.10355
1708,82136280.0,zy,-23984.39,-7.6175736e+07,7.057073e+07,308.10355
1709,82136280.0,zz,-9.462714e+07,-7.6175736e+07,7.057073e+07,308.10355
1710,82636280.0,xx,-7.6178504e+07,-7.6175736e+07,7.057073e+07,308.10355
1711,82636280.0,xy,1.2002546e-10,-7.6175736e+07,7.057073e+07,308.10355
1712,82636280.0,xz,-21970.318,-7.6175736e+07,7.057073e+07,308.10355
1713,82636280.0,yx,1.2002546e-10,-7.6175736e+07,7.057073e+07,308.10355
1714,82636280.0,yy,-7.617577e+07,-7.6175736e+07,7.057073e+07,308.10355
1715,82636280.0,yz,-23984.39,-7.6175736e+07,7.057073e+07,308.10355
1716,82636280.0,zx,-21970.318,-7.6175736e+07,7.057073e+07,308.10355
1717,82636280.0,zy,-23984.39,-7.6175736e+07,7.057073e+07,308.10355
1718,82636280.0,zz,-9.462714e+07,-7.6175736e+07,7.057073e+07,308.10355
1719,83136280.0,xx,-7.617978e+07,-7.617663e+07,7.057887e+07,308.10342
1720,83136280.0,xy,1.2009836e-10,-7.617663e+07,7.057887e+07,308.10342
1721,83136280.0,xz,-21876.55,-7.617663e+07,7.057887e+07,308.10342
1722,83136280.0,yx,1.2009836e-10,-7.617663e+07,7.057887e+07,308.10342
1723,83136280.0,yy,-7.6176664e+07,-7.617663e+07,7.057887e+07,308.10342
1724,83136280.0,yz,-23868.588,-7.617663e+07,7.057887e+07,308.10342
1725,83136280.0,zx,-21876.55,-7.617663e+07,7.057887e+07,308.10342
1726,83136280.0,zy,-23868.588,-7.617663e+07,7.057887e+07,308.10342
1727,83136280.0,zz,-9.462505e+07,-7.617663e+07,7.057887e+07,308.10342
1728,83636280.0,xx,-7.617978e+07,-7.617663e+07,7.057887e+07,308.10342
1729,83636280.0,xy,1.2009836e-10,-7.617663e+07,7.057887e+07,308.10342
1730,83636280.0,xz,-21876.55,-7.617663e+07,7.057887e+07,308.10342
1731,83636280.0,yx,1.2009836e-10,-7.617663e+07,7.057887e+07,308.10342
1732,83636280.0,yy,-7.6176664e+07,-7.617663e+07,7.057887e+07,308.10342
1733,83636280.0,yz,-23868.588,-7.617663e+07,7.057887e+07,308.10342
1734,83636280.0,zx,-21876.55,-7.617663e+07,7.057887e+07,308.10342
1735,83636280.0,zy,-23868.588,-7.617663e+07,7.057887e+07,308.10342
1736,83636280.0,zz,-9.462505e+07,-7.617663e+07,7.057887e+07,308.10342
1737,84136280.0,xx,-7.618077e+07,-7.6177144e+07,7.058646e+07,308.10333
1738,84136280.0,xy,1.2018496e-10,-7.6177144e+07,7.058646e+07,308.10333
1739,84136280.0,xz,-21784.662,-7.6177144e+07,7.058646e+07,308.10333
1740,84136280.0,yx,1.2018496e-10,-7.6177144e+07,7.058646e+07,308.10333
1741,84136280.0,yy,-7.6177176e+07,-7.6177144e+07,7.058646e+07,308.10333
1742,84136280.0,yz,-23754.291,-7.6177144e+07,7.058646e+07,308.10333
1743,84136280.0,zx,-21784.662,-7.6177144e+07,7.058646e+07,308.10333
1744,84136280.0,zy,-23754.291,-7.6177144e+07,7.058646e+07,308.10333
1745,84136280.0,zz,-9.462335e+07,-7.6177144e+07,7.058646e+07,308.10333
1746,84636280.0,xx,-7.618077e+07,-7.6177144e+07,7.058646e+07,308.10333
1747,84636280.0,xy,1.2018496e-10,-7.6177144e+07,7.058646e+07,308.10333
1748,84636280.0,xz,-21784.662,-7.6177144e+07,7.058646e+07,308.10333
1749,84636280.0,yx,1.2018496e-10,-7.6177144e+07,7.058646e+07,308.10333
1750,84636280.0,yy,-7.6177176e+07,-7.6177144e+07,7.058646e+07,308.10333
1751,84636280.0,yz,-23754.291,-7.6177144e+07,7.058646e+07,308.10333
1752,84636280.0,zx,-21784.662,-7.6177144e+07,7.058646e+07,308.10333
1753,84636280.0,zy,-23754.291,-7.6177144e+07,7.058646e+07,308.10333
1754,84636280.0,zz,-9.462335e+07,-7.6177144e+07,7.058646e+07,308.10333
1755,85136280.0,xx,-7.618216e+07,-7.617781e+07,7.059466e+07,308.10333
1756,85136280.0,xy,1.2025696e-10,-7.617781e+07,7.059466e+07,308.10333
1757,85136280.0,xz,-21691.645,-7.617781e+07,7.059466e+07,308.10333
1758,85136280.0,yx,1.2025696e-10,-7.617781e+07,7.059466e+07,308.10333
1759,85136280.0,yy,-7.617784e+07,-7.617781e+07,7.059466e+07,308.10333
1760,85136280.0,yz,-23640.82,-7.617781e+07,7.059466e+07,308.10333
1761,85136280.0,zx,-21691.645,-7.617781e+07,7.059466e+07,308.10333
1762,85136280.0,zy,-23640.82,-7.617781e+07,7.059466e+07,308.10333
1763,85136280.0,zz,-9.462178e+07,-7.617781e+07,7.059466e+07,308.10333
1764,85636280.0,xx,-7.618216e+07,-7.617781e+07,7.059466e+07,308.10333
1765,85636280.0,xy,1.2025696e-10,-7.617781e+07,7.059466e+07,308.10333
1766,85636280.0,xz,-21691.645,-7.617781e+07,7.059466e+07,308.10333
1767,85636280.0,yx,1.2025696e-10,-7.617781e+07,7.059466e+07,308.10333
1768,85636280.0,yy,-7.617784e+07,-7.617781e+07,7.059466e+07,308.10333
1769,85636280.0,yz,-23640.82,-7.617781e+07,7.059466e+07,308.10333
1770,85636280.0,zx,-21691.645,-7.617781e+07,7.059466e+07,308.10333
1771,85636280.0,zy,-23640.82,-7.617781e+07,7.059466e+07,308.10333
1772,85636280.0,zz,-9.462178e+07,-7.617781e+07,7.059466e+07,308.10333
1773,86136280.0,xx,-7.618281e+07,-7.6178104e+07,7.060128e+07,308.10324
1774,86136280.0,xy,1.2034355e-10,-7.6178104e+07,7.060128e+07,308.10324
1775,86136280.0,xz,-21602.46,-7.6178104e+07,7.060128e+07,308.10324
1776,86136280.0,yx,1.2034355e-10,-7.6178104e+07,7.060128e+07,308.10324
1777,86136280.0,yy,-7.6178136e+07,-7.6178104e+07,7.060128e+07,308.10324
1778,86136280.0,yz,-23530.09,-7.6178104e+07,7.060128e+07,308.10324
1779,86136280.0,zx,-21602.46,-7.6178104e+07,7.060128e+07,308.10324
1780,86136280.0,zy,-23530.09,-7.6178104e+07,7.060128e+07,308.10324
1781,86136280.0,zz,-9.4620056e+07,-7.6178104e+07,7.060128e+07,308.10324
1782,86636280.0,xx,-7.618281e+07,-7.6178104e+07,7.060128e+07,308.10324
1783,86636280.0,xy,1.2034355e-10,-7.6178104e+07,7.060128e+07,308.10324
1784,86636280.0,xz,-21602.46,-7.6178104e+07,7.060128e+07,308.10324
1785,86636280.0,yx,1.2034355e-10,-7.6178104e+07,7.060128e+07,308.10324
1786,86636280.0,yy,-7.6178136e+07,-7.6178104e+07,7.060128e+07,308.10324
1787,86636280.0,yz,-23530.09,-7.6178104e+07,7.060128e+07,308.10324
1788,86636280.0,zx,-21602.46,-7.6178104e+07,7.060128e+07,308.10324
1789,86636280.0,zy,-23530.09,-7.6178104e+07,7.060128e+07,308.10324
1790,86636280.0,zz,-9.4620056e+07,-7.6178104e+07,7.060128e+07,308.10324
1791,87136280.0,xx,-7.6183944e+07,-7.617955e+07,7.06105e+07,308.10312
1792,87136280.0,xy,1.2050598e-10,-7.617955e+07,7.06105e+07,308.10312
1793,87136280.0,xz,-21513.174,-7.617955e+07,7.06105e+07,308.10312
1794,87136280.0,yx,1.2050598e-10,-7.617955e+07,7.06105e+07,308.10312
1795,87136280.0,yy,-7.6179576e+07,-7.617955e+07,7.06105e+07,308.10312
1796,87136280.0,yz,-23419.777,-7.617955e+07,7.06105e+07,308.10312
1797,87136280.0,zx,-21513.174,-7.617955e+07,7.06105e+07,308.10312
1798,87136280.0,zy,-23419.777,-7.617955e+07,7.06105e+07,308.10312
1799,87136280.0,zz,-9.461867e+07,-7.617955e+07,7.06105e+07,308.10312
1800,87636280.0,xx,-7.6183944e+07,-7.617955e+07,7.06105e+07,308.10312
1801,87636280.0,xy,1.2050598e-10,-7.617955e+07,7.06105e+07,308.10312
1802,87636280.0,xz,-21513.174,-7.617955e+07,7.06105e+07,308.10312
1803,87636280.0,yx,1.2050598e-10,-7.617955e+07,7.06105e+07,308.10312
1804,87636280.0,yy,-7.6179576e+07,-7.617955e+07,7.06105e+07,308.10312
1805,87636280.0,yz,-23419.777,-7.617955e+07,7.06105e+07,308.10312
1806,87636280.0,zx,-21513.174,-7.617955e+07,7.06105e+07,308.10312
1807,87636280.0,zy,-23419.777,-7.617955e+07,7.06105e+07,308.10312
1808,87636280.0,zz,-9.461867e+07,-7.617955e+07,7.06105e+07,308.10312
1809,88136280.0,xx,-7.618499e+07,-7.618088e+07,7.061913e+07,308.10303
1810,88136280.0,xy,1.2065206e-10,-7.618088e+07,7.061913e+07,308.10303
1811,88136280.0,xz,-21424.953,-7.618088e+07,7.061913e+07,308.10303
1812,88136280.0,yx,1.2065206e-10,-7.618088e+07,7.061913e+07,308.10303
1813,88136280.0,yy,-7.618091e+07,-7.618088e+07,7.061913e+07,308.10303
1814,88136280.0,yz,-23311.104,-7.618088e+07,7.061913e+07,308.10303
1815,88136280.0,zx,-21424.953,-7.618088e+07,7.061913e+07,308.10303
1816,88136280.0,zy,-23311.104,-7.618088e+07,7.061913e+07,308.10303
1817,88136280.0,zz,-9.461718e+07,-7.618088e+07,7.061913e+07,308.10303
1818,88636280.0,xx,-7.618499e+07,-7.618088e+07,7.061913e+07,308.10303
1819,88636280.0,xy,1.2065206e-10,-7.618088e+07,7.061913e+07,308.10303
1820,88636280.0,xz,-21424.953,-7.618088e+07,7.061913e+07,308.10303
1821,88636280.0,yx,1.2065206e-10,-7.618088e+07,7.061913e+07,308.10303
1822,88636280.0,yy,-7.618091e+07,-7.618088e+07,7.061913e+07,308.10303
1823,88636280.0,yz,-23311.104,-7.618088e+07,7.061913e+07,308.10303
1824,88636280.0,zx,-21424.953,-7.618088e+07,7.061913e+07,308.10303
1825,88636280.0,zy,-23311.104,-7.618088e+07,7.061913e+07,308.10303
1826,88636280.0,zz,-9.461718e+07,-7.618088e+07,7.061913e+07,308.10303
1827,89136280.0,xx,-7.618598e+07,-7.61818e+07,7.0627064e+07,308.10303
1828,89136280.0,xy,1.2077156e-10,-7.61818e+07,7.0627064e+07,308.10303
1829,89136280.0,xz,-21338.016,-7.61818e+07,7.0627064e+07,308.10303
1830,89136280.0,yx,1.2077156e-10,-7.61818e+07,7.0627064e+07,308.10303
1831,89136280.0,yy,-7.618183e+07,-7.61818e+07,7.0627064e+07,308.10303
1832,89136280.0,yz,-23203.828,-7.61818e+07,7.0627064e+07,308.10303
1833,89136280.0,zx,-21338.016,-7.61818e+07,7.0627064e+07,308.10303
1834,89136280.0,zy,-23203.828,-7.61818e+07,7.0627064e+07,308.10303
1835,89136280.0,zz,-9.4615704e+07,-7.61818e+07,7.0627064e+07,308.10303
1836,89636280.0,xx,-7.618598e+07,-7.61818e+07,7.0627064e+07,308.10303
1837,89636280.0,xy,1.2077156e-10,-7.61818e+07,7.0627064e+07,308.10303
1838,89636280.0,xz,-21338.016,-7.61818e+07,7.0627064e+07,308.10303
1839,89636280.0,yx,1.2077156e-10,-7.61818e+07,7.0627064e+07,308.10303
1840,89636280.0,yy,-7.618183e+07,-7.61818e+07,7.0627064e+07,308.10303
1841,89636280.0,yz,-23203.828,-7.61818e+07,7.0627064e+07,308.10303
1842,89636280.0,zx,-21338.016,-7.61818e+07,7.0627064e+07,308.10303
1843,89636280.0,zy,-23203.828,-7.61818e+07,7.0627064e+07,308.10303
1844,89636280.0,zz,-9.4615704e+07,-7.61818e+07,7.0627064e+07,308.10303
1845,90136280.0,xx,-7.618726e+07,-7.618261e+07,7.063521e+07,308.10294
1846,90136280.0,xy,1.2085993e-10,-7.618261e+07,7.063521e+07,308.10294
1847,90136280.0,xz,-21251.863,-7.618261e+07,7.063521e+07,308.10294
1848,90136280.0,yx,1.2085993e-10,-7.618261e+07,7.063521e+07,308.10294
1849,90136280.0,yy,-7.618264e+07,-7.618261e+07,7.063521e+07,308.10294
1850,90136280.0,yz,-23098.041,-7.618261e+07,7.063521e+07,308.10294
1851,90136280.0,zx,-21251.863,-7.618261e+07,7.063521e+07,308.10294
1852,90136280.0,zy,-23098.041,-7.618261e+07,7.063521e+07,308.10294
1853,90136280.0,zz,-9.46142e+07,-7.618261e+07,7.063521e+07,308.10294
1854,90636280.0,xx,-7.618726e+07,-7.618261e+07,7.063521e+07,308.10294
1855,90636280.0,xy,1.2085993e-10,-7.618261e+07,7.063521e+07,308.10294
1856,90636280.0,xz,-21251.863,-7.618261e+07,7.063521e+07,308.10294
1857,90636280.0,yx,1.2085993e-10,-7.618261e+07,7.063521e+07,308.10294
1858,90636280.0,yy,-7.618264e+07,-7.618261e+07,7.063521e+07,308.10294
1859,90636280.0,yz,-23098.041,-7.618261e+07,7.063521e+07,308.10294
1860,90636280.0,zx,-21251.863,-7.618261e+07,7.063521e+07,308.10294
1861,90636280.0,zy,-23098.041,-7.618261e+07,7.063521e+07,308.10294
1862,90636280.0,zz,-9.46142e+07,-7.618261e+07,7.063521e+07,308.10294
1863,91136280.0,xx,-7.6188024e+07,-7.61836e+07,7.06432e+07,308.1028
1864,91136280.0,xy,1.2101935e-10,-7.61836e+07,7.06432e+07,308.1028
1865,91136280.0,xz,-21167.531,-7.61836e+07,7.06432e+07,308.1028
1866,91136280.0,yx,1.2101935e-10,-7.61836e+07,7.06432e+07,308.1028
1867,91136280.0,yy,-7.6183624e+07,-7.61836e+07,7.06432e+07,308.1028
1868,91136280.0,yz,-22993.475,-7.61836e+07,7.06432e+07,308.1028
1869,91136280.0,zx,-21167.531,-7.61836e+07,7.06432e+07,308.1028
1870,91136280.0,zy,-22993.475,-7.61836e+07,7.06432e+07,308.1028
1871,91136280.0,zz,-9.461309e+07,-7.61836e+07,7.06432e+07,308.1028
1872,91636280.0,xx,-7.6188024e+07,-7.61836e+07,7.06432e+07,308.1028
1873,91636280.0,xy,1.2101935e-10,-7.61836e+07,7.06432e+07,308.1028
1874,91636280.0,xz,-21167.531,-7.61836e+07,7.06432e+07,308.1028
1875,91636280.0,yx,1.2101935e-10,-7.61836e+07,7.06432e+07,308.1028
1876,91636280.0,yy,-7.6183624e+07,-7.61836e+07,7.06432e+07,308.1028
1877,91636280.0,yz,-22993.475,-7.61836e+07,7.06432e+07,308.1028
1878,91636280.0,zx,-21167.531,-7.61836e+07,7.06432e+07,308.1028
1879,91636280.0,zy,-22993.475,-7.61836e+07,7.06432e+07,308.1028
1880,91636280.0,zz,-9.461309e+07,-7.61836e+07,7.06432e+07,308.1028
1881,92136280.0,xx,-7.6188424e+07,-7.618513e+07,7.065129e+07,308.10272
1882,92136280.0,xy,1.2124243e-10,-7.618513e+07,7.065129e+07,308.10272
1883,92136280.0,xz,-21083.201,-7.618513e+07,7.065129e+07,308.10272
1884,92136280.0,yx,1.2124243e-10,-7.618513e+07,7.065129e+07,308.10272
1885,92136280.0,yy,-7.618516e+07,-7.618513e+07,7.065129e+07,308.10272
1886,92136280.0,yz,-22890.795,-7.618513e+07,7.065129e+07,308.10272
1887,92136280.0,zx,-21083.201,-7.618513e+07,7.065129e+07,308.10272
1888,92136280.0,zy,-22890.795,-7.618513e+07,7.065129e+07,308.10272
1889,92136280.0,zz,-9.461203e+07,-7.618513e+07,7.065129e+07,308.10272
1890,92636280.0,xx,-7.6188424e+07,-7.618513e+07,7.065129e+07,308.10272
1891,92636280.0,xy,1.2124243e-10,-7.618513e+07,7.065129e+07,308.10272
1892,92636280.0,xz,-21083.201,-7.618513e+07,7.065129e+07,308.10272
1893,92636280.0,yx,1.2124243e-10,-7.618513e+07,7.065129e+07,308.10272
1894,92636280.0,yy,-7.618516e+07,-7.618513e+07,7.065129e+07,308.10272
1895,92636280.0,yz,-22890.795,-7.618513e+07,7.065129e+07,308.10272
1896,92636280.0,zx,-21083.201,-7.618513e+07,7.065129e+07,308.10272
1897,92636280.0,zy,-22890.795,-7.618513e+07,7.065129e+07,308.10272
1898,92636280.0,zz,-9.461203e+07,-7.618513e+07,7.065129e+07,308.10272
1899,93136280.0,xx,-7.619011e+07,-7.618663e+07,7.065923e+07,308.10272
1900,93136280.0,xy,1.2127319e-10,-7.618663e+07,7.065923e+07,308.10272
1901,93136280.0,xz,-20999.998,-7.618663e+07,7.065923e+07,308.10272
1902,93136280.0,yx,1.2127319e-10,-7.618663e+07,7.065923e+07,308.10272
1903,93136280.0,yy,-7.6186664e+07,-7.618663e+07,7.065923e+07,308.10272
1904,93136280.0,yz,-22788.432,-7.618663e+07,7.065923e+07,308.10272
1905,93136280.0,zx,-20999.998,-7.618663e+07,7.065923e+07,308.10272
1906,93136280.0,zy,-22788.432,-7.618663e+07,7.065923e+07,308.10272
1907,93136280.0,zz,-9.460962e+07,-7.618663e+07,7.065923e+07,308.10272
1908,93636280.0,xx,-7.619011e+07,-7.618663e+07,7.065923e+07,308.10272
1909,93636280.0,xy,1.2127319e-10,-7.618663e+07,7.065923e+07,308.10272
1910,93636280.0,xz,-20999.998,-7.618663e+07,7.065923e+07,308.10272
1911,93636280.0,yx,1.2127319e-10,-7.618663e+07,7.065923e+07,308.10272
1912,93636280.0,yy,-7.6186664e+07,-7.618663e+07,7.065923e+07,308.10272
1913,93636280.0,yz,-22788.432,-7.618663e+07,7.065923e+07,308.10272
1914,93636280.0,zx,-20999.998,-7.618663e+07,7.065923e+07,308.10272
1915,93636280.0,zy,-22788.432,-7.618663e+07,7.065923e+07,308.10272
1916,93636280.0,zz,-9.460962e+07,-7.618663e+07,7.065923e+07,308.10272
1917,94136280.0,xx,-7.6191256e+07,-7.618778e+07,7.066737e+07,308.10263
1918,94136280.0,xy,1.2139253e-10,-7.618778e+07,7.066737e+07,308.10263
1919,94136280.0,xz,-20918.3,-7.618778e+07,7.066737e+07,308.10263
1920,94136280.0,yx,1.2139253e-10,-7.618778e+07,7.066737e+07,308.10263
1921,94136280.0,yy,-7.61878e+07,-7.618778e+07,7.066737e+07,308.10263
1922,94136280.0,yz,-22687.73,-7.618778e+07,7.066737e+07,308.10263
1923,94136280.0,zx,-20918.3,-7.618778e+07,7.066737e+07,308.10263
1924,94136280.0,zy,-22687.73,-7.618778e+07,7.066737e+07,308.10263
1925,94136280.0,zz,-9.4608264e+07,-7.618778e+07,7.066737e+07,308.10263
1926,94636280.0,xx,-7.6191256e+07,-7.618778e+07,7.066737e+07,308.10263
1927,94636280.0,xy,1.2139253e-10,-7.618778e+07,7.066737e+07,308.10263
1928,94636280.0,xz,-20918.3,-7.618778e+07,7.066737e+07,308.10263
1929,94636280.0,yx,1.2139253e-10,-7.618778e+07,7.066737e+07,308.10263
1930,94636280.0,yy,-7.61878e+07,-7.618778e+07,7.066737e+07,308.10263
1931,94636280.0,yz,-22687.73,-7.618778e+07,7.066737e+07,308.10263
1932,94636280.0,zx,-20918.3,-7.618778e+07,7.066737e+07,308.10263
1933,94636280.0,zy,-22687.73,-7.618778e+07,7.066737e+07,308.10263
1934,94636280.0,zz,-9.4608264e+07,-7.618778e+07,7.066737e+07,308.10263
1935,95136280.0,xx,-7.6192664e+07,-7.618887e+07,7.067526e+07,308.10254
1936,95136280.0,xy,1.2146245e-10,-7.618887e+07,7.067526e+07,308.10254
1937,95136280.0,xz,-20838.492,-7.618887e+07,7.067526e+07,308.10254
1938,95136280.0,yx,1.2146245e-10,-7.618887e+07,7.067526e+07,308.10254
1939,95136280.0,yy,-7.6188904e+07,-7.618887e+07,7.067526e+07,308.10254
1940,95136280.0,yz,-22588.648,-7.618887e+07,7.067526e+07,308.10254
1941,95136280.0,zx,-20838.492,-7.618887e+07,7.067526e+07,308.10254
1942,95136280.0,zy,-22588.648,-7.618887e+07,7.067526e+07,308.10254
1943,95136280.0,zz,-9.460659e+07,-7.618887e+07,7.067526e+07,308.10254
1944,95636280.0,xx,-7.6192664e+07,-7.618887e+07,7.067526e+07,308.10254
1945,95636280.0,xy,1.2146245e-10,-7.618887e+07,7.067526e+07,308.10254
1946,95636280.0,xz,-20838.492,-7.618887e+07,7.067526e+07,308.10254
1947,95636280.0,yx,1.2146245e-10,-7.618887e+07,7.067526e+07,308.10254
1948,95636280.0,yy,-7.6188904e+07,-7.618887e+07,7.067526e+07,308.10254
1949,95636280.0,yz,-22588.648,-7.618887e+07,7.067526e+07,308.10254
1950,95636280.0,zx,-20838.492,-7.618887e+07,7.067526e+07,308.10254
1951,95636280.0,zy,-22588.648,-7.618887e+07,7.067526e+07,308.10254
1952,95636280.0,zz,-9.460659e+07,-7.618887e+07,7.067526e+07,308.10254
1953,96136280.0,xx,-7.6193544e+07,-7.618986e+07,7.068248e+07,308.10242
1954,96136280.0,xy,1.2157643e-10,-7.618986e+07,7.068248e+07,308.10242
1955,96136280.0,xz,-20758.236,-7.618986e+07,7.068248e+07,308.10242
1956,96136280.0,yx,1.2157643e-10,-7.618986e+07,7.068248e+07,308.10242
1957,96136280.0,yy,-7.618988e+07,-7.618986e+07,7.068248e+07,308.10242
1958,96136280.0,yz,-22490.434,-7.618986e+07,7.068248e+07,308.10242
1959,96136280.0,zx,-20758.236,-7.618986e+07,7.068248e+07,308.10242
1960,96136280.0,zy,-22490.434,-7.618986e+07,7.068248e+07,308.10242
1961,96136280.0,zz,-9.460525e+07,-7.618986e+07,7.068248e+07,308.10242
1962,96636280.0,xx,-7.6193544e+07,-7.618986e+07,7.068248e+07,308.10242
1963,96636280.0,xy,1.2157643e-10,-7.618986e+07,7.068248e+07,308.10242
1964,96636280.0,xz,-20758.236,-7.618986e+07,7.068248e+07,308.10242
1965,96636280.0,yx,1.2157643e-10,-7.618986e+07,7.068248e+07,308.10242
1966,96636280.0,yy,-7.618988e+07,-7.618986e+07,7.068248e+07,308.10242
1967,96636280.0,yz,-22490.434,-7.618986e+07,7.068248e+07,308.10242
1968,96636280.0,zx,-20758.236,-7.618986e+07,7.068248e+07,308.10242
1969,96636280.0,zy,-22490.434,-7.618986e+07,7.068248e+07,308.10242
1970,96636280.0,zz,-9.460525e+07,-7.618986e+07,7.068248e+07,308.10242
1971,97136280.0,xx,-7.61949e+07,-7.619183e+07,7.069115e+07,308.10242
1972,97136280.0,xy,1.2170857e-10,-7.619183e+07,7.069115e+07,308.10242
1973,97136280.0,xz,-20679.768,-7.619183e+07,7.069115e+07,308.10242
1974,97136280.0,yx,1.2170857e-10,-7.619183e+07,7.069115e+07,308.10242
1975,97136280.0,yy,-7.6191864e+07,-7.619183e+07,7.069115e+07,308.10242
1976,97136280.0,yz,-22393.078,-7.619183e+07,7.069115e+07,308.10242
1977,97136280.0,zx,-20679.768,-7.619183e+07,7.069115e+07,308.10242
1978,97136280.0,zy,-22393.078,-7.619183e+07,7.069115e+07,308.10242
1979,97136280.0,zz,-9.460361e+07,-7.619183e+07,7.069115e+07,308.10242
1980,97636280.0,xx,-7.61949e+07,-7.619183e+07,7.069115e+07,308.10242
1981,97636280.0,xy,1.2170857e-10,-7.619183e+07,7.069115e+07,308.10242
1982,97636280.0,xz,-20679.768,-7.619183e+07,7.069115e+07,308.10242
1983,97636280.0,yx,1.2170857e-10,-7.619183e+07,7.069115e+07,308.10242
1984,97636280.0,yy,-7.6191864e+07,-7.619183e+07,7.069115e+07,308.10242
1985,97636280.0,yz,-22393.078,-7.619183e+07,7.069115e+07,308.10242
1986,97636280.0,zx,-20679.768,-7.619183e+07,7.069115e+07,308.10242
1987,97636280.0,zy,-22393.078,-7.619183e+07,7.069115e+07,308.10242
1988,97636280.0,zz,-9.460361e+07,-7.619183e+07,7.069115e+07,308.10242
1989,98136280.0,xx,-7.619659e+07,-7.619372e+07,7.0699736e+07,308.10233
1990,98136280.0,xy,1.2178197e-10,-7.619372e+07,7.0699736e+07,308.10233
1991,98136280.0,xz,-20601.797,-7.619372e+07,7.0699736e+07,308.10233
1992,98136280.0,yx,1.2178197e-10,-7.619372e+07,7.0699736e+07,308.10233
1993,98136280.0,yy,-7.619374e+07,-7.619372e+07,7.0699736e+07,308.10233
1994,98136280.0,yz,-22297.291,-7.619372e+07,7.0699736e+07,308.10233
1995,98136280.0,zx,-20601.797,-7.619372e+07,7.0699736e+07,308.10233
1996,98136280.0,zy,-22297.291,-7.619372e+07,7.0699736e+07,308.10233
1997,98136280.0,zz,-9.4601576e+07,-7.619372e+07,7.0699736e+07,308.10233
1998,98636280.0,xx,-7.619659e+07,-7.619372e+07,7.0699736e+07,308.10233
1999,98636280.0,xy,1.2178197e-10,-7.619372e+07,7.0699736e+07,308.10233
2000,98636280.0,xz,-20601.797,-7.619372e+07,7.0699736e+07,308.10233
2001,98636280.0,yx,1.2178197e-10,-7.619372e+07,7.0699736e+07,308.10233
2002,98636280.0,yy,-7.619374e+07,-7.619372e+07,7.0699736e+07,308.10233
2003,98636280.0,yz,-22297.291,-7.619372e+07,7.0699736e+07,308.10233
2004,98636280.0,zx,-20601.797,-7.619372e+07,7.0699736e+07,308.10233
2005,98636280.0,zy,-22297.291,-7.619372e+07,7.0699736e+07,308.10233
2006,98636280.0,zz,-9.4601576e+07,-7.619372e+07,7.0699736e+07,308.10233
2007,99136280.0,xx,-7.6197944e+07,-7.619471e+07,7.070778e+07,308.10223
2008,99136280.0,xy,1.2187769e-10,-7.619471e+07,7.070778e+07,308.10223
2009,99136280.0,xz,-20524.744,-7.619471e+07,7.070778e+07,308.10223
2010,99136280.0,yx,1.2187769e-10,-7.619471e+07,7.070778e+07,308.10223
2011,99136280.0,yy,-7.619474e+07,-7.619471e+07,7.070778e+07,308.10223
2012,99136280.0,yz,-22202.795,-7.619471e+07,7.070778e+07,308.10223
2013,99136280.0,zx,-20524.744,-7.619471e+07,7.070778e+07,308.10223
2014,99136280.0,zy,-22202.795,-7.619471e+07,7.070778e+07,308.10223
2015,99136280.0,zz,-9.4600456e+07,-7.619471e+07,7.070778e+07,308.10223
2016,99636280.0,xx,-7.6197944e+07,-7.619471e+07,7.070778e+07,308.10223
2017,99636280.0,xy,1.2187769e-10,-7.619471e+07,7.070778e+07,308.10223
2018,99636280.0,xz,-20524.744,-7.619471e+07,7.070778e+07,308.10223
2019,99636280.0,yx,1.2187769e-10,-7.619471e+07,7.070778e+07,308.10223
2020,99636280.0,yy,-7.619474e+07,-7.619471e+07,7.070778e+07,308.10223
2021,99636280.0,yz,-22202.795,-7.619471e+07,7.070778e+07,308.10223
2022,99636280.0,zx,-20524.744,-7.619471e+07,7.070778e+07,308.10223
2023,99636280.0,zy,-22202.795,-7.619471e+07,7.070778e+07,308.10223
2024,99636280.0,zz,-9.4600456e+07,-7.619471e+07,7.070778e+07,308.10223
