,time,ten9_comp,Total Stress,S3 Magnitude,Temperature
0,-1.0,xx,-9.7374664e+07,-9.737465e+07,345.497
1,-1.0,xy,3.2561354e-12,-9.737465e+07,345.497
2,-1.0,xz,0.027291197,-9.737465e+07,345.497
3,-1.0,yx,3.2561354e-12,-9.737465e+07,345.497
4,-1.0,yy,-9.737465e+07,-9.737465e+07,345.497
5,-1.0,yz,-0.09794264,-9.737465e+07,345.497
6,-1.0,zx,0.027291197,-9.737465e+07,345.497
7,-1.0,zy,-0.09794264,-9.737465e+07,345.497
8,-1.0,zz,-9.742636e+07,-9.737465e+07,345.497
9,10.0,xx,-9.7374664e+07,-9.737465e+07,345.497
10,10.0,xy,3.2561354e-12,-9.737465e+07,345.497
11,10.0,xz,0.027291203,-9.737465e+07,345.497
12,10.0,yx,3.2561354e-12,-9.737465e+07,345.497
13,10.0,yy,-9.737465e+07,-9.737465e+07,345.497
14,10.0,yz,-0.097942635,-9.737465e+07,345.497
15,10.0,zx,0.027291203,-9.737465e+07,345.497
16,10.0,zy,-0.097942635,-9.737465e+07,345.497
17,10.0,zz,-9.742636e+07,-9.737465e+07,345.497
18,25.0,xx,-9.7374664e+07,-9.737465e+07,345.497
19,25.0,xy,3.2561354e-12,-9.737465e+07,345.497
20,25.0,xz,0.0272912,-9.737465e+07,345.497
21,25.0,yx,3.2561354e-12,-9.737465e+07,345.497
22,25.0,yy,-9.737465e+07,-9.737465e+07,345.497
23,25.0,yz,-0.097942635,-9.737465e+07,345.497
24,25.0,zx,0.0272912,-9.737465e+07,345.497
25,25.0,zy,-0.097942635,-9.737465e+07,345.497
26,25.0,zz,-9.742636e+07,-9.737465e+07,345.497
27,47.5,xx,-9.7374664e+07,-9.737465e+07,345.497
28,47.5,xy,3.2561354e-12,-9.737465e+07,345.497
29,47.5,xz,0.027291201,-9.737465e+07,345.497
30,47.5,yx,3.2561354e-12,-9.737465e+07,345.497
31,47.5,yy,-9.737465e+07,-9.737465e+07,345.497
32,47.5,yz,-0.09794264,-9.737465e+07,345.497
33,47.5,zx,0.027291201,-9.737465e+07,345.497
34,47.5,zy,-0.09794264,-9.737465e+07,345.497
35,47.5,zz,-9.742636e+07,-9.737465e+07,345.497
36,81.25,xx,-9.731521e+07,-9.731521e+07,345.497
37,81.25,xy,1.444176e-11,-9.731521e+07,345.497
38,81.25,xz,-930.3011,-9.731521e+07,345.497
39,81.25,yx,1.444176e-11,-9.731521e+07,345.497
40,81.25,yy,-9.731526e+07,-9.731521e+07,345.497
41,81.25,yz,-34.22287,-9.731521e+07,345.497
42,81.25,zx,-930.3011,-9.731521e+07,345.497
43,81.25,zy,-34.22287,-9.731521e+07,345.497
44,81.25,zz,-9.7536424e+07,-9.731521e+07,345.497
45,131.875,xx,-9.7294616e+07,-9.7294616e+07,345.497
46,131.875,xy,1.8397008e-11,-9.7294616e+07,345.497
47,131.875,xz,-1093.576,-9.7294616e+07,345.497
48,131.875,yx,1.8397008e-11,-9.7294616e+07,345.497
49,131.875,yy,-9.729468e+07,-9.7294616e+07,345.497
50,131.875,yz,-69.61636,-9.7294616e+07,345.497
51,131.875,zx,-1093.576,-9.7294616e+07,345.497
52,131.875,zy,-69.61636,-9.7294616e+07,345.497
53,131.875,zz,-9.757605e+07,-9.7294616e+07,345.497
54,207.8125,xx,-9.7294616e+07,-9.7294616e+07,345.497
55,207.8125,xy,1.8397008e-11,-9.7294616e+07,345.497
56,207.8125,xz,-1093.576,-9.7294616e+07,345.497
57,207.8125,yx,1.8397008e-11,-9.7294616e+07,345.497
58,207.8125,yy,-9.729468e+07,-9.7294616e+07,345.497
59,207.8125,yz,-69.61636,-9.7294616e+07,345.497
60,207.8125,zx,-1093.576,-9.7294616e+07,345.497
61,207.8125,zy,-69.61636,-9.7294616e+07,345.497
62,207.8125,zz,-9.757605e+07,-9.7294616e+07,345.497
63,321.71875,xx,-9.728017e+07,-9.728016e+07,345.497
64,321.71875,xy,2.1153128e-11,-9.728016e+07,345.497
65,321.71875,xz,-1258.9951,-9.728016e+07,345.497
66,321.71875,yx,2.1153128e-11,-9.728016e+07,345.497
67,321.71875,yy,-9.728024e+07,-9.728016e+07,345.497
68,321.71875,yz,-140.18832,-9.728016e+07,345.497
69,321.71875,zx,-1258.9951,-9.728016e+07,345.497
70,321.71875,zy,-140.18832,-9.728016e+07,345.497
71,321.71875,zz,-9.760362e+07,-9.728016e+07,345.497
72,492.578125,xx,-9.725883e+07,-9.725883e+07,345.497
73,492.578125,xy,2.5181964e-11,-9.725883e+07,345.497
74,492.578125,xz,-1533.4569,-9.725883e+07,345.497
75,492.578125,yx,2.5181964e-11,-9.725883e+07,345.497
76,492.578125,yy,-9.7258936e+07,-9.725883e+07,345.497
77,492.578125,yz,-220.93779,-9.725883e+07,345.497
78,492.578125,zx,-1533.4569,-9.725883e+07,345.497
79,492.578125,zy,-220.93779,-9.725883e+07,345.497
80,492.578125,zz,-9.7644104e+07,-9.725883e+07,345.497
81,748.8671875,xx,-9.724969e+07,-9.724969e+07,345.497
82,748.8671875,xy,2.6878878e-11,-9.724969e+07,345.497
83,748.8671875,xz,-1652.9304,-9.724969e+07,345.497
84,748.8671875,yx,2.6878878e-11,-9.724969e+07,345.497
85,748.8671875,yy,-9.724983e+07,-9.724969e+07,345.497
86,748.8671875,yz,-221.58267,-9.724969e+07,345.497
87,748.8671875,zx,-1652.9304,-9.724969e+07,345.497
88,748.8671875,zy,-221.58267,-9.724969e+07,345.497
89,748.8671875,zz,-9.766129e+07,-9.724969e+07,345.497
90,1133.30078125,xx,-9.723391e+07,-9.72339e+07,345.497
91,1133.30078125,xy,2.985868e-11,-9.72339e+07,345.497
92,1133.30078125,xz,-1733.8282,-9.72339e+07,345.497
93,1133.30078125,yx,2.985868e-11,-9.72339e+07,345.497
94,1133.30078125,yy,-9.72341e+07,-9.72339e+07,345.497
95,1133.30078125,yz,-152.05714,-9.72339e+07,345.497
96,1133.30078125,zx,-1733.8282,-9.72339e+07,345.497
97,1133.30078125,zy,-152.05714,-9.72339e+07,345.497
98,1133.30078125,zz,-9.769159e+07,-9.72339e+07,345.497
99,1709.951171875,xx,-9.721921e+07,-9.72192e+07,345.497
100,1709.951171875,xy,3.2625895e-11,-9.72192e+07,345.497
101,1709.951171875,xz,-1808.2762,-9.72192e+07,345.497
102,1709.951171875,yx,3.2625895e-11,-9.72192e+07,345.497
103,1709.951171875,yy,-9.721942e+07,-9.72192e+07,345.497
104,1709.951171875,yz,-65.966095,-9.72192e+07,345.497
105,1709.951171875,zx,-1808.2762,-9.72192e+07,345.497
106,1709.951171875,zy,-65.966095,-9.72192e+07,345.497
107,1709.951171875,zz,-9.771966e+07,-9.72192e+07,345.497
108,2574.9267578125,xx,-9.720539e+07,-9.7205384e+07,345.497
109,2574.9267578125,xy,3.5259122e-11,-9.7205384e+07,345.497
110,2574.9267578125,xz,-1838.8408,-9.7205384e+07,345.497
111,2574.9267578125,yx,3.5259122e-11,-9.7205384e+07,345.497
112,2574.9267578125,yy,-9.720561e+07,-9.7205384e+07,345.497
113,2574.9267578125,yz,27.37445,-9.7205384e+07,345.497
114,2574.9267578125,zx,-1838.8408,-9.7205384e+07,345.497
115,2574.9267578125,zy,27.37445,-9.7205384e+07,345.497
116,2574.9267578125,zz,-9.774627e+07,-9.7205384e+07,345.497
117,3872.39013671875,xx,-9.719243e+07,-9.7192424e+07,345.497
118,3872.39013671875,xy,3.7794875e-11,-9.7192424e+07,345.497
119,3872.39013671875,xz,-1797.5835,-9.7192424e+07,345.497
120,3872.39013671875,yx,3.7794875e-11,-9.7192424e+07,345.497
121,3872.39013671875,yy,-9.719264e+07,-9.7192424e+07,345.497
122,3872.39013671875,yz,57.80349,-9.7192424e+07,345.497
123,3872.39013671875,zx,-1797.5835,-9.7192424e+07,345.497
124,3872.39013671875,zy,57.80349,-9.7192424e+07,345.497
125,3872.39013671875,zz,-9.777187e+07,-9.7192424e+07,345.497
126,5818.5849609375,xx,-9.718078e+07,-9.718078e+07,345.497
127,5818.5849609375,xy,4.0113666e-11,-9.718078e+07,345.497
128,5818.5849609375,xz,-1717.504,-9.718078e+07,345.497
129,5818.5849609375,yx,4.0113666e-11,-9.718078e+07,345.497
130,5818.5849609375,yy,-9.718093e+07,-9.718078e+07,345.497
131,5818.5849609375,yz,72.21059,-9.718078e+07,345.497
132,5818.5849609375,zx,-1717.504,-9.718078e+07,345.497
133,5818.5849609375,zy,72.21059,-9.718078e+07,345.497
134,5818.5849609375,zz,-9.779518e+07,-9.718078e+07,345.497
135,8737.8779296875,xx,-9.720512e+07,-9.720157e+07,345.49692
136,8737.8779296875,xy,3.6829755e-11,-9.720157e+07,345.49692
137,8737.8779296875,xz,-4139.602,-9.720157e+07,345.49692
138,8737.8779296875,yx,3.6829755e-11,-9.720157e+07,345.49692
139,8737.8779296875,yy,-9.720158e+07,-9.720157e+07,345.49692
140,8737.8779296875,yz,-2726.635,-9.720157e+07,345.49692
141,8737.8779296875,zx,-4139.602,-9.720157e+07,345.49692
142,8737.8779296875,zy,-2726.635,-9.720157e+07,345.49692
143,8737.8779296875,zz,-9.774505e+07,-9.720157e+07,345.49692
144,13116.81640625,xx,-9.7497816e+07,-9.735669e+07,345.4966
145,13116.81640625,xy,-8.6779976e-12,-9.735669e+07,345.4966
146,13116.81640625,xz,63980.82,-9.735669e+07,345.4966
147,13116.81640625,yx,-8.6779976e-12,-9.735669e+07,345.4966
148,13116.81640625,yy,-9.747722e+07,-9.735669e+07,345.4966
149,13116.81640625,yz,45499.234,-9.735669e+07,345.4966
150,13116.81640625,zx,63980.82,-9.735669e+07,345.4966
151,13116.81640625,zy,45499.234,-9.735669e+07,345.4966
152,13116.81640625,zz,-9.740287e+07,-9.735669e+07,345.4966
153,19685.224609375,xx,-9.793515e+07,-9.631397e+07,345.49493
154,19685.224609375,xy,-1.2056693e-10,-9.631397e+07,345.49493
155,19685.224609375,xz,-140254.83,-9.631397e+07,345.49493
156,19685.224609375,yx,-1.2056693e-10,-9.631397e+07,345.49493
157,19685.224609375,yy,-9.7977976e+07,-9.631397e+07,345.49493
158,19685.224609375,yz,-157477.28,-9.631397e+07,345.49493
159,19685.224609375,zx,-140254.83,-9.631397e+07,345.49493
160,19685.224609375,zy,-157477.28,-9.631397e+07,345.49493
161,19685.224609375,zz,-9.6341e+07,-9.631397e+07,345.49493
162,29537.837890625,xx,-9.877343e+07,-9.600709e+07,345.4917
163,29537.837890625,xy,-2.0570308e-10,-9.600709e+07,345.4917
164,29537.837890625,xz,-165500.94,-9.600709e+07,345.4917
165,29537.837890625,yx,-2.0570308e-10,-9.600709e+07,345.4917
166,29537.837890625,yy,-9.879333e+07,-9.600709e+07,345.4917
167,29537.837890625,yz,-216123.12,-9.600709e+07,345.4917
168,29537.837890625,zx,-165500.94,-9.600709e+07,345.4917
169,29537.837890625,zy,-216123.12,-9.600709e+07,345.4917
170,29537.837890625,zz,-9.603375e+07,-9.600709e+07,345.4917
171,44316.7578125,xx,-9.911796e+07,-9.546583e+07,345.4856
172,44316.7578125,xy,-2.692323e-10,-9.546583e+07,345.4856
173,44316.7578125,xz,-220431.66,-9.546583e+07,345.4856
174,44316.7578125,yx,-2.692323e-10,-9.546583e+07,345.4856
175,44316.7578125,yy,-9.9143336e+07,-9.546583e+07,345.4856
176,44316.7578125,yz,-266890.12,-9.546583e+07,345.4856
177,44316.7578125,zx,-220431.66,-9.546583e+07,345.4856
178,44316.7578125,zy,-266890.12,-9.546583e+07,345.4856
179,44316.7578125,zz,-9.5498504e+07,-9.546583e+07,345.4856
180,66485.1328125,xx,-9.9117976e+07,-9.546563e+07,345.4856
181,66485.1328125,xy,-2.6923658e-10,-9.546563e+07,345.4856
182,66485.1328125,xz,-220451.1,-9.546563e+07,345.4856
183,66485.1328125,yx,-2.6923658e-10,-9.546563e+07,345.4856
184,66485.1328125,yy,-9.9143336e+07,-9.546563e+07,345.4856
185,66485.1328125,yz,-266910.1,-9.546563e+07,345.4856
186,66485.1328125,zx,-220451.1,-9.546563e+07,345.4856
187,66485.1328125,zy,-266910.1,-9.546563e+07,345.4856
188,66485.1328125,zz,-9.54983e+07,-9.546563e+07,345.4856
189,99737.703125,xx,-9.9118e+07,-9.5465416e+07,345.4856
190,99737.703125,xy,-2.692413e-10,-9.5465416e+07,345.4856
191,99737.703125,xz,-220472.11,-9.5465416e+07,345.4856
192,99737.703125,yx,-2.692413e-10,-9.5465416e+07,345.4856
193,99737.703125,yy,-9.9143336e+07,-9.5465416e+07,345.4856
194,99737.703125,yz,-266931.56,-9.5465416e+07,345.4856
195,99737.703125,zx,-220472.11,-9.5465416e+07,345.4856
196,99737.703125,zy,-266931.56,-9.5465416e+07,345.4856
197,99737.703125,zz,-9.54981e+07,-9.5465416e+07,345.4856
198,149616.546875,xx,-9.92064e+07,-9.5156536e+07,345.47556
199,149616.546875,xy,-2.954804e-10,-9.5156536e+07,345.47556
200,149616.546875,xz,-261739.56,-9.5156536e+07,345.47556
201,149616.546875,yx,-2.954804e-10,-9.5156536e+07,345.47556
202,149616.546875,yy,-9.920641e+07,-9.5156536e+07,345.47556
203,149616.546875,yz,-287769.4,-9.5156536e+07,345.47556
204,149616.546875,zx,-261739.56,-9.5156536e+07,345.47556
205,149616.546875,zy,-287769.4,-9.5156536e+07,345.47556
206,149616.546875,zz,-9.51939e+07,-9.5156536e+07,345.47556
207,224434.828125,xx,-9.870846e+07,-9.516445e+07,345.3802
208,224434.828125,xy,-2.536735e-10,-9.516445e+07,345.3802
209,224434.828125,xz,-295907.25,-9.516445e+07,345.3802
210,224434.828125,yx,-2.536735e-10,-9.516445e+07,345.3802
211,224434.828125,yy,-9.869504e+07,-9.516445e+07,345.3802
212,224434.828125,yz,-285951.56,-9.516445e+07,345.3802
213,224434.828125,zx,-295907.25,-9.516445e+07,345.3802
214,224434.828125,zy,-285951.56,-9.516445e+07,345.3802
215,224434.828125,zz,-9.521231e+07,-9.516445e+07,345.3802
216,336662.25,xx,-9.891838e+07,-9.505817e+07,345.42236
217,336662.25,xy,-2.7154445e-10,-9.505817e+07,345.42236
218,336662.25,xz,-303552.0,-9.505817e+07,345.42236
219,336662.25,yx,-2.7154445e-10,-9.505817e+07,345.42236
220,336662.25,yy,-9.889203e+07,-9.505817e+07,345.42236
221,336662.25,yz,-293384.4,-9.505817e+07,345.42236
222,336662.25,zx,-303552.0,-9.505817e+07,345.42236
223,336662.25,zy,-293384.4,-9.505817e+07,345.42236
224,336662.25,zz,-9.510449e+07,-9.505817e+07,345.42236
225,505003.375,xx,-9.83441e+07,-9.529828e+07,345.2054
226,505003.375,xy,-2.205743e-10,-9.529828e+07,345.2054
227,505003.375,xz,-294858.97,-9.529828e+07,345.2054
228,505003.375,yx,-2.205743e-10,-9.529828e+07,345.2054
229,505003.375,yy,-9.836619e+07,-9.529828e+07,345.2054
230,505003.375,yz,-297799.47,-9.529828e+07,345.2054
231,505003.375,zx,-294858.97,-9.529828e+07,345.2054
232,505003.375,zy,-297799.47,-9.529828e+07,345.2054
233,505003.375,zz,-9.535573e+07,-9.529828e+07,345.2054
234,757515.0625,xx,-9.807888e+07,-9.522856e+07,345.03577
235,757515.0625,xy,-2.120722e-10,-9.522856e+07,345.03577
236,757515.0625,xz,-296172.6,-9.522856e+07,345.03577
237,757515.0625,yx,-2.120722e-10,-9.522856e+07,345.03577
238,757515.0625,yy,-9.810638e+07,-9.522856e+07,345.03577
239,757515.0625,yz,-309725.75,-9.522856e+07,345.03577
240,757515.0625,zx,-296172.6,-9.522856e+07,345.03577
241,757515.0625,zy,-309725.75,-9.522856e+07,345.03577
242,757515.0625,zz,-9.529267e+07,-9.522856e+07,345.03577
243,1136282.625,xx,-9.783598e+07,-9.520307e+07,344.78198
244,1136282.625,xy,-2.0580232e-10,-9.520307e+07,344.78198
245,1136282.625,xz,-262329.84,-9.520307e+07,344.78198
246,1136282.625,yx,-2.0580232e-10,-9.520307e+07,344.78198
247,1136282.625,yy,-9.782769e+07,-9.520307e+07,344.78198
248,1136282.625,yz,-289267.38,-9.520307e+07,344.78198
249,1136282.625,zx,-262329.84,-9.520307e+07,344.78198
250,1136282.625,zy,-289267.38,-9.520307e+07,344.78198
251,1136282.625,zz,-9.526109e+07,-9.520307e+07,344.78198
252,1469615.875,xx,-9.7712e+07,-9.56994e+07,344.42334
253,1469615.875,xy,-2.2105788e-10,-9.56994e+07,344.42334
254,1469615.875,xz,-254590.03,-9.56994e+07,344.42334
255,1469615.875,yx,-2.2105788e-10,-9.56994e+07,344.42334
256,1469615.875,yy,-9.77323e+07,-9.56994e+07,344.42334
257,1469615.875,yz,-180401.23,-9.56994e+07,344.42334
258,1469615.875,zx,-254590.03,-9.56994e+07,344.42334
259,1469615.875,zy,-180401.23,-9.56994e+07,344.42334
260,1469615.875,zz,-9.574762e+07,-9.56994e+07,344.42334
261,1802949.25,xx,-9.770868e+07,-9.550323e+07,344.19812
262,1802949.25,xy,-2.3140143e-10,-9.550323e+07,344.19812
263,1802949.25,xz,-204397.78,-9.550323e+07,344.19812
264,1802949.25,yx,-2.3140143e-10,-9.550323e+07,344.19812
265,1802949.25,yy,-9.769508e+07,-9.550323e+07,344.19812
266,1802949.25,yz,-222717.03,-9.550323e+07,344.19812
267,1802949.25,zx,-204397.78,-9.550323e+07,344.19812
268,1802949.25,zy,-222717.03,-9.550323e+07,344.19812
269,1802949.25,zz,-9.554481e+07,-9.550323e+07,344.19812
270,2136282.5,xx,-9.751421e+07,-9.548048e+07,343.93872
271,2136282.5,xy,-2.3963564e-10,-9.548048e+07,343.93872
272,2136282.5,xz,-220049.95,-9.548048e+07,343.93872
273,2136282.5,yx,-2.3963564e-10,-9.548048e+07,343.93872
274,2136282.5,yy,-9.750539e+07,-9.548048e+07,343.93872
275,2136282.5,yz,-235822.81,-9.548048e+07,343.93872
276,2136282.5,zx,-220049.95,-9.548048e+07,343.93872
277,2136282.5,zy,-235822.81,-9.548048e+07,343.93872
278,2136282.5,zz,-9.553176e+07,-9.548048e+07,343.93872
279,2469616.0,xx,-9.719619e+07,-9.5402136e+07,343.64163
280,2469616.0,xy,-2.4294264e-10,-9.5402136e+07,343.64163
281,2469616.0,xz,-226344.48,-9.5402136e+07,343.64163
282,2469616.0,yx,-2.4294264e-10,-9.5402136e+07,343.64163
283,2469616.0,yy,-9.719522e+07,-9.5402136e+07,343.64163
284,2469616.0,yz,-241097.3,-9.5402136e+07,343.64163
285,2469616.0,zx,-226344.48,-9.5402136e+07,343.64163
286,2469616.0,zy,-241097.3,-9.5402136e+07,343.64163
287,2469616.0,zz,-9.546311e+07,-9.5402136e+07,343.64163
288,2969616.0,xx,-9.68646e+07,-9.5337096e+07,343.3033
289,2969616.0,xy,-2.4596716e-10,-9.5337096e+07,343.3033
290,2969616.0,xz,-229204.61,-9.5337096e+07,343.3033
291,2969616.0,yx,-2.4596716e-10,-9.5337096e+07,343.3033
292,2969616.0,yy,-9.6874216e+07,-9.5337096e+07,343.3033
293,2969616.0,yz,-234974.08,-9.5337096e+07,343.3033
294,2969616.0,zx,-229204.61,-9.5337096e+07,343.3033
295,2969616.0,zy,-234974.08,-9.5337096e+07,343.3033
296,2969616.0,zz,-9.540741e+07,-9.5337096e+07,343.3033
297,3469616.0,xx,-9.650303e+07,-9.525932e+07,342.9196
298,3469616.0,xy,-2.4960167e-10,-9.525932e+07,342.9196
299,3469616.0,xz,-224028.39,-9.525932e+07,342.9196
300,3469616.0,yx,-2.4960167e-10,-9.525932e+07,342.9196
301,3469616.0,yy,-9.6510056e+07,-9.525932e+07,342.9196
302,3469616.0,yz,-229443.16,-9.525932e+07,342.9196
303,3469616.0,zx,-224028.39,-9.525932e+07,342.9196
304,3469616.0,zy,-229443.16,-9.525932e+07,342.9196
305,3469616.0,zz,-9.534177e+07,-9.525932e+07,342.9196
306,3969616.0,xx,-9.6100424e+07,-9.514098e+07,342.48575
307,3969616.0,xy,-2.5472116e-10,-9.514098e+07,342.48575
308,3969616.0,xz,-218836.69,-9.514098e+07,342.48575
309,3969616.0,yx,-2.5472116e-10,-9.514098e+07,342.48575
310,3969616.0,yy,-9.6106344e+07,-9.514098e+07,342.48575
311,3969616.0,yz,-225038.44,-9.514098e+07,342.48575
312,3969616.0,zx,-218836.69,-9.514098e+07,342.48575
313,3969616.0,zy,-225038.44,-9.514098e+07,342.48575
314,3969616.0,zz,-9.524335e+07,-9.514098e+07,342.48575
315,4302949.0,xx,-9.609825e+07,-9.514354e+07,342.48575
316,4302949.0,xy,-2.5433264e-10,-9.514354e+07,342.48575
317,4302949.0,xz,-218715.9,-9.514354e+07,342.48575
318,4302949.0,yx,-2.5433264e-10,-9.514354e+07,342.48575
319,4302949.0,yy,-9.610397e+07,-9.514354e+07,342.48575
320,4302949.0,yz,-224954.67,-9.514354e+07,342.48575
321,4302949.0,zx,-218715.9,-9.514354e+07,342.48575
322,4302949.0,zy,-224954.67,-9.514354e+07,342.48575
323,4302949.0,zz,-9.524633e+07,-9.514354e+07,342.48575
324,4636282.5,xx,-9.609621e+07,-9.514572e+07,342.48575
325,4636282.5,xy,-2.5397706e-10,-9.514572e+07,342.48575
326,4636282.5,xz,-218599.39,-9.514572e+07,342.48575
327,4636282.5,yx,-2.5397706e-10,-9.514572e+07,342.48575
328,4636282.5,yy,-9.610173e+07,-9.514572e+07,342.48575
329,4636282.5,yz,-224876.34,-9.514572e+07,342.48575
330,4636282.5,zx,-218599.39,-9.514572e+07,342.48575
331,4636282.5,zy,-224876.34,-9.514572e+07,342.48575
332,4636282.5,zz,-9.52489e+07,-9.514572e+07,342.48575
333,4969616.0,xx,-9.563857e+07,-9.4991624e+07,341.9968
334,4969616.0,xy,-2.5975377e-10,-9.4991624e+07,341.9968
335,4969616.0,xz,-213209.64,-9.4991624e+07,341.9968
336,4969616.0,yx,-2.5975377e-10,-9.4991624e+07,341.9968
337,4969616.0,yy,-9.5645896e+07,-9.4991624e+07,341.9968
338,4969616.0,yz,-219201.03,-9.4991624e+07,341.9968
339,4969616.0,zx,-213209.64,-9.4991624e+07,341.9968
340,4969616.0,zy,-219201.03,-9.4991624e+07,341.9968
341,4969616.0,zz,-9.513533e+07,-9.4991624e+07,341.9968
342,5302949.0,xx,-9.563758e+07,-9.499407e+07,341.9968
343,5302949.0,xy,-2.5948801e-10,-9.499407e+07,341.9968
344,5302949.0,xz,-213063.73,-9.499407e+07,341.9968
345,5302949.0,yx,-2.5948801e-10,-9.499407e+07,341.9968
346,5302949.0,yy,-9.56447e+07,-9.499407e+07,341.9968
347,5302949.0,yz,-219116.9,-9.499407e+07,341.9968
348,5302949.0,zx,-213063.73,-9.499407e+07,341.9968
349,5302949.0,zy,-219116.9,-9.499407e+07,341.9968
350,5302949.0,zz,-9.513841e+07,-9.499407e+07,341.9968
351,5802949.0,xx,-9.511579e+07,-9.477953e+07,341.44772
352,5802949.0,xy,-2.6363817e-10,-9.477953e+07,341.44772
353,5802949.0,xz,-206694.66,-9.477953e+07,341.44772
354,5802949.0,yx,-2.6363817e-10,-9.477953e+07,341.44772
355,5802949.0,yy,-9.512067e+07,-9.477953e+07,341.44772
356,5802949.0,yz,-212896.64,-9.477953e+07,341.44772
357,5802949.0,zx,-206694.66,-9.477953e+07,341.44772
358,5802949.0,zy,-212896.64,-9.477953e+07,341.44772
359,5802949.0,zz,-9.503944e+07,-9.477953e+07,341.44772
360,6136282.5,xx,-9.5115656e+07,-9.478151e+07,341.44772
361,6136282.5,xy,-2.634475e-10,-9.478151e+07,341.44772
362,6136282.5,xz,-206508.11,-9.478151e+07,341.44772
363,6136282.5,yx,-2.634475e-10,-9.478151e+07,341.44772
364,6136282.5,yy,-9.512031e+07,-9.478151e+07,341.44772
365,6136282.5,yz,-212801.11,-9.478151e+07,341.44772
366,6136282.5,zx,-206508.11,-9.478151e+07,341.44772
367,6136282.5,zy,-212801.11,-9.478151e+07,341.44772
368,6136282.5,zz,-9.504279e+07,-9.478151e+07,341.44772
369,6469616.0,xx,-9.511543e+07,-9.478322e+07,341.44772
370,6469616.0,xy,-2.6326627e-10,-9.478322e+07,341.44772
371,6469616.0,xz,-206330.97,-9.478322e+07,341.44772
372,6469616.0,yx,-2.6326627e-10,-9.478322e+07,341.44772
373,6469616.0,yy,-9.511988e+07,-9.478322e+07,341.44772
374,6469616.0,yz,-212710.47,-9.478322e+07,341.44772
375,6469616.0,zx,-206330.97,-9.478322e+07,341.44772
376,6469616.0,zy,-212710.47,-9.478322e+07,341.44772
377,6469616.0,zz,-9.504575e+07,-9.478322e+07,341.44772
378,6802949.0,xx,-9.4598664e+07,-9.443653e+07,340.90213
379,6802949.0,xy,-2.6767294e-10,-9.443653e+07,340.90213
380,6802949.0,xz,-200164.77,-9.443653e+07,340.90213
381,6802949.0,yx,-2.6767294e-10,-9.443653e+07,340.90213
382,6802949.0,yy,-9.460108e+07,-9.443653e+07,340.90213
383,6802949.0,yz,-206143.67,-9.443653e+07,340.90213
384,6802949.0,zx,-200164.77,-9.443653e+07,340.90213
385,6802949.0,zy,-206143.67,-9.443653e+07,340.90213
386,6802949.0,zz,-9.4941896e+07,-9.443653e+07,340.90213
387,7136282.5,xx,-9.459929e+07,-9.443797e+07,340.90213
388,7136282.5,xy,-2.6755534e-10,-9.443797e+07,340.90213
389,7136282.5,xz,-199931.6,-9.443797e+07,340.90213
390,7136282.5,yx,-2.6755534e-10,-9.443797e+07,340.90213
391,7136282.5,yy,-9.460148e+07,-9.443797e+07,340.90213
392,7136282.5,yz,-206039.33,-9.443797e+07,340.90213
393,7136282.5,zx,-199931.6,-9.443797e+07,340.90213
394,7136282.5,zy,-206039.33,-9.443797e+07,340.90213
395,7136282.5,zz,-9.4945384e+07,-9.443797e+07,340.90213
396,7636282.5,xx,-9.45999e+07,-9.443967e+07,340.90213
397,7636282.5,xy,-2.6738584e-10,-9.443967e+07,340.90213
398,7636282.5,xz,-199607.06,-9.443967e+07,340.90213
399,7636282.5,yx,-2.6738584e-10,-9.443967e+07,340.90213
400,7636282.5,yy,-9.46018e+07,-9.443967e+07,340.90213
401,7636282.5,yz,-205897.44,-9.443967e+07,340.90213
402,7636282.5,zx,-199607.06,-9.443967e+07,340.90213
403,7636282.5,zy,-205897.44,-9.443967e+07,340.90213
404,7636282.5,zz,-9.494979e+07,-9.443967e+07,340.90213
405,8136282.5,xx,-9.410793e+07,-9.4017416e+07,340.38782
406,8136282.5,xy,-2.707305e-10,-9.4017416e+07,340.38782
407,8136282.5,xz,-193570.23,-9.4017416e+07,340.38782
408,8136282.5,yx,-2.707305e-10,-9.4017416e+07,340.38782
409,8136282.5,yy,-9.410966e+07,-9.4017416e+07,340.38782
410,8136282.5,yz,-199810.28,-9.4017416e+07,340.38782
411,8136282.5,zx,-193570.23,-9.4017416e+07,340.38782
412,8136282.5,zy,-199810.28,-9.4017416e+07,340.38782
413,8136282.5,zz,-9.4864216e+07,-9.4017416e+07,340.38782
414,8636283.0,xx,-9.410933e+07,-9.401923e+07,340.38782
415,8636283.0,xy,-2.7063665e-10,-9.401923e+07,340.38782
416,8636283.0,xz,-193161.47,-9.401923e+07,340.38782
417,8636283.0,yx,-2.7063665e-10,-9.401923e+07,340.38782
418,8636283.0,yy,-9.411079e+07,-9.401923e+07,340.38782
419,8636283.0,yz,-199657.27,-9.401923e+07,340.38782
420,8636283.0,zx,-193161.47,-9.401923e+07,340.38782
421,8636283.0,zy,-199657.27,-9.401923e+07,340.38782
422,8636283.0,zz,-9.4868744e+07,-9.401923e+07,340.38782
423,9136283.0,xx,-9.364298e+07,-9.35827e+07,339.90088
424,9136283.0,xy,-2.7347086e-10,-9.35827e+07,339.90088
425,9136283.0,xz,-187490.77,-9.35827e+07,339.90088
426,9136283.0,yx,-2.7347086e-10,-9.35827e+07,339.90088
427,9136283.0,yy,-9.364298e+07,-9.35827e+07,339.90088
428,9136283.0,yz,-194040.06,-9.35827e+07,339.90088
429,9136283.0,zx,-187490.77,-9.35827e+07,339.90088
430,9136283.0,zy,-194040.06,-9.35827e+07,339.90088
431,9136283.0,zz,-9.479066e+07,-9.35827e+07,339.90088
432,9636283.0,xx,-9.364507e+07,-9.3585e+07,339.90088
433,9636283.0,xy,-2.7344382e-10,-9.3585e+07,339.90088
434,9636283.0,xz,-186981.23,-9.3585e+07,339.90088
435,9636283.0,yx,-2.7344382e-10,-9.3585e+07,339.90088
436,9636283.0,yy,-9.3644824e+07,-9.3585e+07,339.90088
437,9636283.0,yz,-193870.42,-9.3585e+07,339.90088
438,9636283.0,zx,-186981.23,-9.3585e+07,339.90088
439,9636283.0,zy,-193870.42,-9.3585e+07,339.90088
440,9636283.0,zz,-9.479527e+07,-9.3585e+07,339.90088
441,10136283.0,xx,-9.3200856e+07,-9.315709e+07,339.43805
442,10136283.0,xy,-2.7609584e-10,-9.315709e+07,339.43805
443,10136283.0,xz,-181383.39,-9.315709e+07,339.43805
444,10136283.0,yx,-2.7609584e-10,-9.315709e+07,339.43805
445,10136283.0,yy,-9.320067e+07,-9.315709e+07,339.43805
446,10136283.0,yz,-188487.05,-9.315709e+07,339.43805
447,10136283.0,zx,-181383.39,-9.315709e+07,339.43805
448,10136283.0,zy,-188487.05,-9.315709e+07,339.43805
449,10136283.0,zz,-9.472408e+07,-9.315709e+07,339.43805
450,10636283.0,xx,-9.320354e+07,-9.315991e+07,339.43805
451,10636283.0,xy,-2.7612532e-10,-9.315991e+07,339.43805
452,10636283.0,xz,-180757.39,-9.315991e+07,339.43805
453,10636283.0,yx,-2.7612532e-10,-9.315991e+07,339.43805
454,10636283.0,yy,-9.320316e+07,-9.315991e+07,339.43805
455,10636283.0,yz,-188289.78,-9.315991e+07,339.43805
456,10636283.0,zx,-180757.39,-9.315991e+07,339.43805
457,10636283.0,zy,-188289.78,-9.315991e+07,339.43805
458,10636283.0,zz,-9.472882e+07,-9.315991e+07,339.43805
459,11136283.0,xx,-9.278147e+07,-9.2746824e+07,338.99704
460,11136283.0,xy,-2.7866706e-10,-9.2746824e+07,338.99704
461,11136283.0,xz,-175249.61,-9.2746824e+07,338.99704
462,11136283.0,yx,-2.7866706e-10,-9.2746824e+07,338.99704
463,11136283.0,yy,-9.2779544e+07,-9.2746824e+07,338.99704
464,11136283.0,yz,-183101.06,-9.2746824e+07,338.99704
465,11136283.0,zx,-175249.61,-9.2746824e+07,338.99704
466,11136283.0,zy,-183101.06,-9.2746824e+07,338.99704
467,11136283.0,zz,-9.4658104e+07,-9.2746824e+07,338.99704
468,11636283.0,xx,-9.278471e+07,-9.2750184e+07,338.99704
469,11636283.0,xy,-2.7874414e-10,-9.2750184e+07,338.99704
470,11636283.0,xz,-174501.66,-9.2750184e+07,338.99704
471,11636283.0,yx,-2.7874414e-10,-9.2750184e+07,338.99704
472,11636283.0,yy,-9.278263e+07,-9.2750184e+07,338.99704
473,11636283.0,yz,-182864.38,-9.2750184e+07,338.99704
474,11636283.0,zx,-174501.66,-9.2750184e+07,338.99704
475,11636283.0,zy,-182864.38,-9.2750184e+07,338.99704
476,11636283.0,zz,-9.466303e+07,-9.2750184e+07,338.99704
477,12136283.0,xx,-9.2379496e+07,-9.2351864e+07,338.57568
478,12136283.0,xy,-2.8112285e-10,-9.2351864e+07,338.57568
479,12136283.0,xz,-169108.3,-9.2351864e+07,338.57568
480,12136283.0,yx,-2.8112285e-10,-9.2351864e+07,338.57568
481,12136283.0,yy,-9.237799e+07,-9.2351864e+07,338.57568
482,12136283.0,yz,-177940.08,-9.2351864e+07,338.57568
483,12136283.0,zx,-169108.3,-9.2351864e+07,338.57568
484,12136283.0,zy,-177940.08,-9.2351864e+07,338.57568
485,12136283.0,zz,-9.459857e+07,-9.2351864e+07,338.57568
486,12636283.0,xx,-9.238326e+07,-9.235575e+07,338.57568
487,12636283.0,xy,-2.8124372e-10,-9.235575e+07,338.57568
488,12636283.0,xz,-168241.44,-9.235575e+07,338.57568
489,12636283.0,yx,-2.8124372e-10,-9.235575e+07,338.57568
490,12636283.0,yy,-9.238165e+07,-9.235575e+07,338.57568
491,12636283.0,yz,-177654.31,-9.235575e+07,338.57568
492,12636283.0,zx,-168241.44,-9.235575e+07,338.57568
493,12636283.0,zy,-177654.31,-9.235575e+07,338.57568
494,12636283.0,zz,-9.460374e+07,-9.235575e+07,338.57568
495,13136283.0,xx,-9.19957e+07,-9.197236e+07,338.1724
496,13136283.0,xy,-2.8328873e-10,-9.197236e+07,338.1724
497,13136283.0,xz,-162969.27,-9.197236e+07,338.1724
498,13136283.0,yx,-2.8328873e-10,-9.197236e+07,338.1724
499,13136283.0,yy,-9.19932e+07,-9.197236e+07,338.1724
500,13136283.0,yz,-172855.97,-9.197236e+07,338.1724
501,13136283.0,zx,-162969.27,-9.197236e+07,338.1724
502,13136283.0,zy,-172855.97,-9.197236e+07,338.1724
503,13136283.0,zz,-9.454424e+07,-9.197236e+07,338.1724
504,13636283.0,xx,-9.1999976e+07,-9.1976776e+07,338.1724
505,13636283.0,xy,-2.834488e-10,-9.1976776e+07,338.1724
506,13636283.0,xz,-162002.2,-9.1976776e+07,338.1724
507,13636283.0,yx,-2.834488e-10,-9.1976776e+07,338.1724
508,13636283.0,yy,-9.199742e+07,-9.1976776e+07,338.1724
509,13636283.0,yz,-172517.42,-9.1976776e+07,338.1724
510,13636283.0,zx,-162002.2,-9.1976776e+07,338.1724
511,13636283.0,zy,-172517.42,-9.1976776e+07,338.1724
512,13636283.0,zz,-9.454977e+07,-9.1976776e+07,338.1724
513,14136283.0,xx,-9.162783e+07,-9.160794e+07,337.78564
514,14136283.0,xy,-2.8539787e-10,-9.160794e+07,337.78564
515,14136283.0,xz,-156872.2,-9.160794e+07,337.78564
516,14136283.0,yx,-2.8539787e-10,-9.160794e+07,337.78564
517,14136283.0,yy,-9.162503e+07,-9.160794e+07,337.78564
518,14136283.0,yz,-167918.53,-9.160794e+07,337.78564
519,14136283.0,zx,-156872.2,-9.160794e+07,337.78564
520,14136283.0,zy,-167918.53,-9.160794e+07,337.78564
521,14136283.0,zz,-9.449375e+07,-9.160794e+07,337.78564
522,14636283.0,xx,-9.163264e+07,-9.16129e+07,337.78564
523,14636283.0,xy,-2.8559802e-10,-9.16129e+07,337.78564
524,14636283.0,xz,-155840.36,-9.16129e+07,337.78564
525,14636283.0,yx,-2.8559802e-10,-9.16129e+07,337.78564
526,14636283.0,yy,-9.162985e+07,-9.16129e+07,337.78564
527,14636283.0,yz,-167533.84,-9.16129e+07,337.78564
528,14636283.0,zx,-155840.36,-9.16129e+07,337.78564
529,14636283.0,zy,-167533.84,-9.16129e+07,337.78564
530,14636283.0,zz,-9.44997e+07,-9.16129e+07,337.78564
531,15136283.0,xx,-9.127473e+07,-9.125791e+07,337.41434
532,15136283.0,xy,-2.8743538e-10,-9.125791e+07,337.41434
533,15136283.0,xz,-150864.92,-9.125791e+07,337.41434
534,15136283.0,yx,-2.8743538e-10,-9.125791e+07,337.41434
535,15136283.0,yy,-9.12724e+07,-9.125791e+07,337.41434
536,15136283.0,yz,-163118.83,-9.125791e+07,337.41434
537,15136283.0,zx,-150864.92,-9.125791e+07,337.41434
538,15136283.0,zy,-163118.83,-9.125791e+07,337.41434
539,15136283.0,zz,-9.444747e+07,-9.125791e+07,337.41434
540,15636283.0,xx,-9.128003e+07,-9.126341e+07,337.41434
541,15636283.0,xy,-2.87674e-10,-9.126341e+07,337.41434
542,15636283.0,xz,-149816.25,-9.126341e+07,337.41434
543,15636283.0,yx,-2.87674e-10,-9.126341e+07,337.41434
544,15636283.0,yy,-9.127779e+07,-9.126341e+07,337.41434
545,15636283.0,yz,-162704.28,-9.126341e+07,337.41434
546,15636283.0,zx,-149816.25,-9.126341e+07,337.41434
547,15636283.0,zy,-162704.28,-9.126341e+07,337.41434
548,15636283.0,zz,-9.445386e+07,-9.126341e+07,337.41434
549,16136283.0,xx,-9.093471e+07,-9.091966e+07,337.05716
550,16136283.0,xy,-2.8897865e-10,-9.091966e+07,337.05716
551,16136283.0,xz,-145064.88,-9.091966e+07,337.05716
552,16136283.0,yx,-2.8897865e-10,-9.091966e+07,337.05716
553,16136283.0,yy,-9.093167e+07,-9.091966e+07,337.05716
554,16136283.0,yz,-158455.2,-9.091966e+07,337.05716
555,16136283.0,zx,-145064.88,-9.091966e+07,337.05716
556,16136283.0,zy,-158455.2,-9.091966e+07,337.05716
557,16136283.0,zz,-9.440829e+07,-9.091966e+07,337.05716
558,16636283.0,xx,-9.094045e+07,-9.092561e+07,337.05716
559,16636283.0,xy,-2.892455e-10,-9.092561e+07,337.05716
560,16636283.0,xz,-144052.78,-9.092561e+07,337.05716
561,16636283.0,yx,-2.892455e-10,-9.092561e+07,337.05716
562,16636283.0,yy,-9.093756e+07,-9.092561e+07,337.05716
563,16636283.0,yz,-158035.38,-9.092561e+07,337.05716
564,16636283.0,zx,-144052.78,-9.092561e+07,337.05716
565,16636283.0,zy,-158035.38,-9.092561e+07,337.05716
566,16636283.0,zz,-9.44151e+07,-9.092561e+07,337.05716
567,17136282.0,xx,-9.060704e+07,-9.059402e+07,336.71338
568,17136282.0,xy,-2.904041e-10,-9.059402e+07,336.71338
569,17136282.0,xz,-139557.14,-9.059402e+07,336.71338
570,17136282.0,yx,-2.904041e-10,-9.059402e+07,336.71338
571,17136282.0,yy,-9.060439e+07,-9.059402e+07,336.71338
572,17136282.0,yz,-153971.22,-9.059402e+07,336.71338
573,17136282.0,zx,-139557.14,-9.059402e+07,336.71338
574,17136282.0,zy,-153971.22,-9.059402e+07,336.71338
575,17136282.0,zz,-9.437423e+07,-9.059402e+07,336.71338
576,17636282.0,xx,-9.061317e+07,-9.06004e+07,336.71338
577,17636282.0,xy,-2.9069575e-10,-9.06004e+07,336.71338
578,17636282.0,xz,-138639.97,-9.06004e+07,336.71338
579,17636282.0,yx,-2.9069575e-10,-9.06004e+07,336.71338
580,17636282.0,yy,-9.061076e+07,-9.06004e+07,336.71338
581,17636282.0,yz,-153578.9,-9.06004e+07,336.71338
582,17636282.0,zx,-138639.97,-9.06004e+07,336.71338
583,17636282.0,zy,-153578.9,-9.06004e+07,336.71338
584,17636282.0,zz,-9.438147e+07,-9.06004e+07,336.71338
585,18136282.0,xx,-9.029185e+07,-9.028e+07,336.38187
586,18136282.0,xy,-2.915168e-10,-9.028e+07,336.38187
587,18136282.0,xz,-134449.39,-9.028e+07,336.38187
588,18136282.0,yx,-2.915168e-10,-9.028e+07,336.38187
589,18136282.0,yy,-9.028883e+07,-9.028e+07,336.38187
590,18136282.0,yz,-149736.9,-9.028e+07,336.38187
591,18136282.0,zx,-134449.39,-9.028e+07,336.38187
592,18136282.0,zy,-149736.9,-9.028e+07,336.38187
593,18136282.0,zz,-9.434612e+07,-9.028e+07,336.38187
594,18636282.0,xx,-9.0298376e+07,-9.0286824e+07,336.38187
595,18636282.0,xy,-2.9182773e-10,-9.0286824e+07,336.38187
596,18636282.0,xz,-133683.88,-9.0286824e+07,336.38187
597,18636282.0,yx,-2.9182773e-10,-9.0286824e+07,336.38187
598,18636282.0,yy,-9.029568e+07,-9.0286824e+07,336.38187
599,18636282.0,yz,-149409.02,-9.0286824e+07,336.38187
600,18636282.0,zx,-133683.88,-9.0286824e+07,336.38187
601,18636282.0,zy,-149409.02,-9.0286824e+07,336.38187
602,18636282.0,zz,-9.435379e+07,-9.0286824e+07,336.38187
603,19136282.0,xx,-8.998905e+07,-8.9978536e+07,336.06226
604,19136282.0,xy,-2.9254196e-10,-8.9978536e+07,336.06226
605,19136282.0,xz,-129838.04,-8.9978536e+07,336.06226
606,19136282.0,yx,-2.9254196e-10,-8.9978536e+07,336.06226
607,19136282.0,yy,-8.9986296e+07,-8.9978536e+07,336.06226
608,19136282.0,yz,-145837.45,-8.9978536e+07,336.06226
609,19136282.0,zx,-129838.04,-8.9978536e+07,336.06226
610,19136282.0,zy,-145837.45,-8.9978536e+07,336.06226
611,19136282.0,zz,-9.432309e+07,-8.9978536e+07,336.06226
612,19636282.0,xx,-8.9996024e+07,-8.998584e+07,336.06226
613,19636282.0,xy,-2.928689e-10,-8.998584e+07,336.06226
614,19636282.0,xz,-129275.836,-8.998584e+07,336.06226
615,19636282.0,yx,-2.928689e-10,-8.998584e+07,336.06226
616,19636282.0,yy,-8.999369e+07,-8.998584e+07,336.06226
617,19636282.0,yz,-145612.23,-8.998584e+07,336.06226
618,19636282.0,zx,-129275.836,-8.998584e+07,336.06226
619,19636282.0,zy,-145612.23,-8.998584e+07,336.06226
620,19636282.0,zz,-9.433115e+07,-8.998584e+07,336.06226
621,20136282.0,xx,-8.969757e+07,-8.968849e+07,335.75336
622,20136282.0,xy,-2.935633e-10,-8.968849e+07,335.75336
623,20136282.0,xz,-125826.63,-8.968849e+07,335.75336
624,20136282.0,yx,-2.935633e-10,-8.968849e+07,335.75336
625,20136282.0,yy,-8.9695544e+07,-8.968849e+07,335.75336
626,20136282.0,yz,-142321.53,-8.968849e+07,335.75336
627,20136282.0,zx,-125826.63,-8.968849e+07,335.75336
628,20136282.0,zy,-142321.53,-8.968849e+07,335.75336
629,20136282.0,zz,-9.4302824e+07,-8.968849e+07,335.75336
630,20636282.0,xx,-8.970505e+07,-8.969633e+07,335.75336
631,20636282.0,xy,-2.9390265e-10,-8.969633e+07,335.75336
632,20636282.0,xz,-125510.62,-8.969633e+07,335.75336
633,20636282.0,yx,-2.9390265e-10,-8.969633e+07,335.75336
634,20636282.0,yy,-8.970353e+07,-8.969633e+07,335.75336
635,20636282.0,yz,-142234.58,-8.969633e+07,335.75336
636,20636282.0,zx,-125510.62,-8.969633e+07,335.75336
637,20636282.0,zy,-142234.58,-8.969633e+07,335.75336
638,20636282.0,zz,-9.4311224e+07,-8.969633e+07,335.75336
639,21136282.0,xx,-8.941773e+07,-8.940996e+07,335.455
640,21136282.0,xy,-2.9459685e-10,-8.940996e+07,335.455
641,21136282.0,xz,-122481.08,-8.940996e+07,335.455
642,21136282.0,yx,-2.9459685e-10,-8.940996e+07,335.455
643,21136282.0,yy,-8.941654e+07,-8.940996e+07,335.455
644,21136282.0,yz,-139267.58,-8.940996e+07,335.455
645,21136282.0,zx,-122481.08,-8.940996e+07,335.455
646,21136282.0,zy,-139267.58,-8.940996e+07,335.455
647,21136282.0,zz,-9.428413e+07,-8.940996e+07,335.455
648,21636282.0,xx,-8.942578e+07,-8.941838e+07,335.455
649,21636282.0,xy,-2.9494066e-10,-8.941838e+07,335.455
650,21636282.0,xz,-122441.33,-8.941838e+07,335.455
651,21636282.0,yx,-2.9494066e-10,-8.941838e+07,335.455
652,21636282.0,yy,-8.942521e+07,-8.941838e+07,335.455
653,21636282.0,yz,-139347.9,-8.941838e+07,335.455
654,21636282.0,zx,-122441.33,-8.941838e+07,335.455
655,21636282.0,zy,-139347.9,-8.941838e+07,335.455
656,21636282.0,zz,-9.429277e+07,-8.941838e+07,335.455
657,22136282.0,xx,-8.9147976e+07,-8.914161e+07,335.16617
658,22136282.0,xy,-2.9550354e-10,-8.914161e+07,335.16617
659,22136282.0,xz,-119856.75,-8.914161e+07,335.16617
660,22136282.0,yx,-2.9550354e-10,-8.914161e+07,335.16617
661,22136282.0,yy,-8.914812e+07,-8.914161e+07,335.16617
662,22136282.0,yz,-136699.66,-8.914161e+07,335.16617
663,22136282.0,zx,-119856.75,-8.914161e+07,335.16617
664,22136282.0,zy,-136699.66,-8.914161e+07,335.16617
665,22136282.0,zz,-9.4269224e+07,-8.914161e+07,335.16617
666,22636282.0,xx,-8.915669e+07,-8.915067e+07,335.16617
667,22636282.0,xy,-2.9584069e-10,-8.915067e+07,335.16617
668,22636282.0,xz,-120111.4,-8.915067e+07,335.16617
669,22636282.0,yx,-2.9584069e-10,-8.915067e+07,335.16617
670,22636282.0,yy,-8.915755e+07,-8.915067e+07,335.16617
671,22636282.0,yz,-136968.92,-8.915067e+07,335.16617
672,22636282.0,zx,-120111.4,-8.915067e+07,335.16617
673,22636282.0,zy,-136968.92,-8.915067e+07,335.16617
674,22636282.0,zz,-9.427802e+07,-8.915067e+07,335.16617
675,23136282.0,xx,-8.888922e+07,-8.888422e+07,334.88678
676,23136282.0,xy,-2.964296e-10,-8.888422e+07,334.88678
677,23136282.0,xz,-117964.94,-8.888422e+07,334.88678
678,23136282.0,yx,-2.964296e-10,-8.888422e+07,334.88678
679,23136282.0,yy,-8.889125e+07,-8.888422e+07,334.88678
680,23136282.0,yz,-134663.05,-8.888422e+07,334.88678
681,23136282.0,zx,-117964.94,-8.888422e+07,334.88678
682,23136282.0,zy,-134663.05,-8.888422e+07,334.88678
683,23136282.0,zz,-9.425579e+07,-8.888422e+07,334.88678
684,23636282.0,xx,-8.889872e+07,-8.889398e+07,334.88678
685,23636282.0,xy,-2.9674682e-10,-8.889398e+07,334.88678
686,23636282.0,xz,-118516.984,-8.889398e+07,334.88678
687,23636282.0,yx,-2.9674682e-10,-8.889398e+07,334.88678
688,23636282.0,yy,-8.890157e+07,-8.889398e+07,334.88678
689,23636282.0,yz,-135132.3,-8.889398e+07,334.88678
690,23636282.0,zx,-118516.984,-8.889398e+07,334.88678
691,23636282.0,zy,-135132.3,-8.889398e+07,334.88678
692,23636282.0,zz,-9.426459e+07,-8.889398e+07,334.88678
693,24136282.0,xx,-8.864063e+07,-8.863639e+07,334.61597
694,24136282.0,xy,-2.970881e-10,-8.863639e+07,334.61597
695,24136282.0,xz,-116800.125,-8.863639e+07,334.61597
696,24136282.0,yx,-2.970881e-10,-8.863639e+07,334.61597
697,24136282.0,yy,-8.864382e+07,-8.863639e+07,334.61597
698,24136282.0,yz,-133157.19,-8.863639e+07,334.61597
699,24136282.0,zx,-116800.125,-8.863639e+07,334.61597
700,24136282.0,zy,-133157.19,-8.863639e+07,334.61597
701,24136282.0,zz,-9.424477e+07,-8.863639e+07,334.61597
702,24636282.0,xx,-8.865109e+07,-8.864702e+07,334.61597
703,24636282.0,xy,-2.9736588e-10,-8.864702e+07,334.61597
704,24636282.0,xz,-117641.07,-8.864702e+07,334.61597
705,24636282.0,yx,-2.9736588e-10,-8.864702e+07,334.61597
706,24636282.0,yy,-8.8655176e+07,-8.864702e+07,334.61597
707,24636282.0,yz,-133828.4,-8.864702e+07,334.61597
708,24636282.0,zx,-117641.07,-8.864702e+07,334.61597
709,24636282.0,zy,-133828.4,-8.864702e+07,334.61597
710,24636282.0,zz,-9.425344e+07,-8.864702e+07,334.61597
711,25136282.0,xx,-8.8402056e+07,-8.839861e+07,334.3535
712,25136282.0,xy,-2.978065e-10,-8.839861e+07,334.3535
713,25136282.0,xz,-116324.08,-8.839861e+07,334.3535
714,25136282.0,yx,-2.978065e-10,-8.839861e+07,334.3535
715,25136282.0,yy,-8.8407784e+07,-8.839861e+07,334.3535
716,25136282.0,yz,-132176.9,-8.839861e+07,334.3535
717,25136282.0,zx,-116324.08,-8.839861e+07,334.3535
718,25136282.0,zy,-132176.9,-8.839861e+07,334.3535
719,25136282.0,zz,-9.423362e+07,-8.839861e+07,334.3535
720,25636282.0,xx,-8.841364e+07,-8.841026e+07,334.3535
721,25636282.0,xy,-2.9802816e-10,-8.841026e+07,334.3535
722,25636282.0,xz,-117429.18,-8.841026e+07,334.3535
723,25636282.0,yx,-2.9802816e-10,-8.841026e+07,334.3535
724,25636282.0,yy,-8.842035e+07,-8.841026e+07,334.3535
725,25636282.0,yz,-133039.1,-8.841026e+07,334.3535
726,25636282.0,zx,-117429.18,-8.841026e+07,334.3535
727,25636282.0,zy,-133039.1,-8.841026e+07,334.3535
728,25636282.0,zz,-9.424201e+07,-8.841026e+07,334.3535
729,26136282.0,xx,-8.817381e+07,-8.817075e+07,334.0987
730,26136282.0,xy,-2.9823408e-10,-8.817075e+07,334.0987
731,26136282.0,xz,-116472.28,-8.817075e+07,334.0987
732,26136282.0,yx,-2.9823408e-10,-8.817075e+07,334.0987
733,26136282.0,yy,-8.818148e+07,-8.817075e+07,334.0987
734,26136282.0,yz,-131675.81,-8.817075e+07,334.0987
735,26136282.0,zx,-116472.28,-8.817075e+07,334.0987
736,26136282.0,zy,-131675.81,-8.817075e+07,334.0987
737,26136282.0,zz,-9.422414e+07,-8.817075e+07,334.0987
738,26636282.0,xx,-8.818675e+07,-8.8183704e+07,334.0987
739,26636282.0,xy,-2.983769e-10,-8.8183704e+07,334.0987
740,26636282.0,xz,-117808.18,-8.8183704e+07,334.0987
741,26636282.0,yx,-2.983769e-10,-8.8183704e+07,334.0987
742,26636282.0,yy,-8.819546e+07,-8.8183704e+07,334.0987
743,26636282.0,yz,-132709.84,-8.8183704e+07,334.0987
744,26636282.0,zx,-117808.18,-8.8183704e+07,334.0987
745,26636282.0,zy,-132709.84,-8.8183704e+07,334.0987
746,26636282.0,zz,-9.423206e+07,-8.8183704e+07,334.0987
747,27136282.0,xx,-8.795625e+07,-8.79534e+07,333.8515
748,27136282.0,xy,-2.9839406e-10,-8.79534e+07,333.8515
749,27136282.0,xz,-117162.26,-8.79534e+07,333.8515
750,27136282.0,yx,-2.9839406e-10,-8.79534e+07,333.8515
751,27136282.0,yy,-8.796542e+07,-8.79534e+07,333.8515
752,27136282.0,yz,-131610.38,-8.79534e+07,333.8515
753,27136282.0,zx,-117162.26,-8.79534e+07,333.8515
754,27136282.0,zy,-131610.38,-8.79534e+07,333.8515
755,27136282.0,zz,-9.42149e+07,-8.79534e+07,333.8515
756,27636282.0,xx,-8.79708e+07,-8.796793e+07,333.8515
757,27636282.0,xy,-2.984352e-10,-8.796793e+07,333.8515
758,27636282.0,xz,-118683.79,-8.796793e+07,333.8515
759,27636282.0,yx,-2.984352e-10,-8.796793e+07,333.8515
760,27636282.0,yy,-8.798103e+07,-8.796793e+07,333.8515
761,27636282.0,yz,-132786.28,-8.796793e+07,333.8515
762,27636282.0,zx,-118683.79,-8.796793e+07,333.8515
763,27636282.0,zy,-132786.28,-8.796793e+07,333.8515
764,27636282.0,zz,-9.422215e+07,-8.796793e+07,333.8515
765,28136282.0,xx,-8.774918e+07,-8.7746504e+07,333.6113
766,28136282.0,xy,-2.9842356e-10,-8.7746504e+07,333.6113
767,28136282.0,xz,-118283.484,-8.7746504e+07,333.6113
768,28136282.0,yx,-2.9842356e-10,-8.7746504e+07,333.6113
769,28136282.0,yy,-8.77605e+07,-8.7746504e+07,333.6113
770,28136282.0,yz,-131903.27,-8.7746504e+07,333.6113
771,28136282.0,zx,-118283.484,-8.7746504e+07,333.6113
772,28136282.0,zy,-131903.27,-8.7746504e+07,333.6113
773,28136282.0,zz,-9.420458e+07,-8.7746504e+07,333.6113
774,28636282.0,xx,-8.776561e+07,-8.776288e+07,333.6113
775,28636282.0,xy,-2.9834527e-10,-8.776288e+07,333.6113
776,28636282.0,xz,-119936.08,-8.776288e+07,333.6113
777,28636282.0,yx,-2.9834527e-10,-8.776288e+07,333.6113
778,28636282.0,yy,-8.777798e+07,-8.776288e+07,333.6113
779,28636282.0,yz,-133182.03,-8.776288e+07,333.6113
780,28636282.0,zx,-119936.08,-8.776288e+07,333.6113
781,28636282.0,zy,-133182.03,-8.776288e+07,333.6113
782,28636282.0,zz,-9.4210984e+07,-8.776288e+07,333.6113
783,29136282.0,xx,-8.755308e+07,-8.755048e+07,333.37802
784,29136282.0,xy,-2.9813838e-10,-8.755048e+07,333.37802
785,29136282.0,xz,-119721.25,-8.755048e+07,333.37802
786,29136282.0,yx,-2.9813838e-10,-8.755048e+07,333.37802
787,29136282.0,yy,-8.756614e+07,-8.755048e+07,333.37802
788,29136282.0,yz,-132462.53,-8.755048e+07,333.37802
789,29136282.0,zx,-119721.25,-8.755048e+07,333.37802
790,29136282.0,zy,-132462.53,-8.755048e+07,333.37802
791,29136282.0,zz,-9.4193176e+07,-8.755048e+07,333.37802
792,29636282.0,xx,-8.757163e+07,-8.756898e+07,333.37802
793,29636282.0,xy,-2.9792158e-10,-8.756898e+07,333.37802
794,29636282.0,xz,-121446.72,-8.756898e+07,333.37802
795,29636282.0,yx,-2.9792158e-10,-8.756898e+07,333.37802
796,29636282.0,yy,-8.758573e+07,-8.756898e+07,333.37802
797,29636282.0,yz,-133800.11,-8.756898e+07,333.37802
798,29636282.0,zx,-121446.72,-8.756898e+07,333.37802
799,29636282.0,zy,-133800.11,-8.756898e+07,333.37802
800,29636282.0,zz,-9.419854e+07,-8.756898e+07,333.37802
801,30136282.0,xx,-8.736714e+07,-8.7364616e+07,333.15103
802,30136282.0,xy,-2.9755898e-10,-8.7364616e+07,333.15103
803,30136282.0,xz,-121341.375,-8.7364616e+07,333.15103
804,30136282.0,yx,-2.9755898e-10,-8.7364616e+07,333.15103
805,30136282.0,yy,-8.738275e+07,-8.7364616e+07,333.15103
806,30136282.0,yz,-133192.17,-8.7364616e+07,333.15103
807,30136282.0,zx,-121341.375,-8.7364616e+07,333.15103
808,30136282.0,zy,-133192.17,-8.7364616e+07,333.15103
809,30136282.0,zz,-9.418125e+07,-8.7364616e+07,333.15103
810,30636282.0,xx,-8.738807e+07,-8.738549e+07,333.15103
811,30636282.0,xy,-2.971892e-10,-8.738549e+07,333.15103
812,30636282.0,xz,-123082.055,-8.738549e+07,333.15103
813,30636282.0,yx,-2.971892e-10,-8.738549e+07,333.15103
814,30636282.0,yy,-8.740468e+07,-8.738549e+07,333.15103
815,30636282.0,yz,-134543.2,-8.738549e+07,333.15103
816,30636282.0,zx,-123082.055,-8.738549e+07,333.15103
817,30636282.0,zy,-134543.2,-8.738549e+07,333.15103
818,30636282.0,zz,-9.418544e+07,-8.738549e+07,333.15103
819,31136282.0,xx,-8.719314e+07,-8.719064e+07,332.93033
820,31136282.0,xy,-2.9664868e-10,-8.719064e+07,332.93033
821,31136282.0,xz,-123023.95,-8.719064e+07,332.93033
822,31136282.0,yx,-2.9664868e-10,-8.719064e+07,332.93033
823,31136282.0,yy,-8.721041e+07,-8.719064e+07,332.93033
824,31136282.0,yz,-133990.36,-8.719064e+07,332.93033
825,31136282.0,zx,-123023.95,-8.719064e+07,332.93033
826,31136282.0,zy,-133990.36,-8.719064e+07,332.93033
827,31136282.0,zz,-9.4166456e+07,-8.719064e+07,332.93033
828,31636282.0,xx,-8.721666e+07,-8.72141e+07,332.93033
829,31636282.0,xy,-2.9611677e-10,-8.72141e+07,332.93033
830,31636282.0,xz,-124720.46,-8.72141e+07,332.93033
831,31636282.0,yx,-2.9611677e-10,-8.72141e+07,332.93033
832,31636282.0,yy,-8.723484e+07,-8.72141e+07,332.93033
833,31636282.0,yz,-135306.34,-8.72141e+07,332.93033
834,31636282.0,zx,-124720.46,-8.72141e+07,332.93033
835,31636282.0,zy,-135306.34,-8.72141e+07,332.93033
836,31636282.0,zz,-9.416936e+07,-8.72141e+07,332.93033
837,32136282.0,xx,-8.702995e+07,-8.702748e+07,332.71545
838,32136282.0,xy,-2.9534372e-10,-8.702748e+07,332.71545
839,32136282.0,xz,-124648.125,-8.702748e+07,332.71545
840,32136282.0,yx,-2.9534372e-10,-8.702748e+07,332.71545
841,32136282.0,yy,-8.7049256e+07,-8.702748e+07,332.71545
842,32136282.0,yz,-134757.89,-8.702748e+07,332.71545
843,32136282.0,zx,-124648.125,-8.702748e+07,332.71545
844,32136282.0,zy,-134757.89,-8.702748e+07,332.71545
845,32136282.0,zz,-9.415156e+07,-8.702748e+07,332.71545
846,32636282.0,xx,-8.705627e+07,-8.7053736e+07,332.71545
847,32636282.0,xy,-2.9464325e-10,-8.7053736e+07,332.71545
848,32636282.0,xz,-126251.09,-8.7053736e+07,332.71545
849,32636282.0,yx,-2.9464325e-10,-8.7053736e+07,332.71545
850,32636282.0,yy,-8.707638e+07,-8.7053736e+07,332.71545
851,32636282.0,yz,-135997.0,-8.7053736e+07,332.71545
852,32636282.0,zx,-126251.09,-8.7053736e+07,332.71545
853,32636282.0,zy,-135997.0,-8.7053736e+07,332.71545
854,32636282.0,zz,-9.415315e+07,-8.7053736e+07,332.71545
855,33136282.0,xx,-8.687849e+07,-8.6876024e+07,332.50616
856,33136282.0,xy,-2.936997e-10,-8.6876024e+07,332.50616
857,33136282.0,xz,-126108.38,-8.6876024e+07,332.50616
858,33136282.0,yx,-2.936997e-10,-8.6876024e+07,332.50616
859,33136282.0,yy,-8.6899224e+07,-8.6876024e+07,332.50616
860,33136282.0,yz,-135407.08,-8.6876024e+07,332.50616
861,33136282.0,zx,-126108.38,-8.6876024e+07,332.50616
862,33136282.0,zy,-135407.08,-8.6876024e+07,332.50616
863,33136282.0,zz,-9.413373e+07,-8.6876024e+07,332.50616
864,33636284.0,xx,-8.690771e+07,-8.690518e+07,332.50616
865,33636284.0,xy,-2.928337e-10,-8.690518e+07,332.50616
866,33636284.0,xz,-127571.66,-8.690518e+07,332.50616
867,33636284.0,yx,-2.928337e-10,-8.690518e+07,332.50616
868,33636284.0,yy,-8.692914e+07,-8.690518e+07,332.50616
869,33636284.0,yz,-136529.31,-8.690518e+07,332.50616
870,33636284.0,zx,-127571.66,-8.690518e+07,332.50616
871,33636284.0,zy,-136529.31,-8.690518e+07,332.50616
872,33636284.0,zz,-9.413404e+07,-8.690518e+07,332.50616
873,34136284.0,xx,-8.673827e+07,-8.673582e+07,332.3023
874,34136284.0,xy,-2.9178268e-10,-8.673582e+07,332.3023
875,34136284.0,xz,-127312.664,-8.673582e+07,332.3023
876,34136284.0,yx,-2.9178268e-10,-8.673582e+07,332.3023
877,34136284.0,yy,-8.6760456e+07,-8.673582e+07,332.3023
878,34136284.0,yz,-135849.81,-8.673582e+07,332.3023
879,34136284.0,zx,-127312.664,-8.673582e+07,332.3023
880,34136284.0,zy,-135849.81,-8.673582e+07,332.3023
881,34136284.0,zz,-9.411306e+07,-8.673582e+07,332.3023
882,34636284.0,xx,-8.677042e+07,-8.676791e+07,332.3023
883,34636284.0,xy,-2.9075825e-10,-8.676791e+07,332.3023
884,34636284.0,xz,-128600.234,-8.676791e+07,332.3023
885,34636284.0,yx,-2.9075825e-10,-8.676791e+07,332.3023
886,34636284.0,yy,-8.679316e+07,-8.676791e+07,332.3023
887,34636284.0,yz,-136822.75,-8.676791e+07,332.3023
888,34636284.0,zx,-128600.234,-8.676791e+07,332.3023
889,34636284.0,zy,-136822.75,-8.676791e+07,332.3023
890,34636284.0,zz,-9.4112184e+07,-8.676791e+07,332.3023
891,35136284.0,xx,-8.660948e+07,-8.660705e+07,332.1036
892,35136284.0,xy,-2.8941488e-10,-8.660705e+07,332.1036
893,35136284.0,xz,-128195.08,-8.660705e+07,332.1036
894,35136284.0,yx,-2.8941488e-10,-8.660705e+07,332.1036
895,35136284.0,yy,-8.663196e+07,-8.660705e+07,332.1036
896,35136284.0,yz,-136026.19,-8.660705e+07,332.1036
897,35136284.0,zx,-128195.08,-8.660705e+07,332.1036
898,35136284.0,zy,-136026.19,-8.660705e+07,332.1036
899,35136284.0,zz,-9.409127e+07,-8.660705e+07,332.1036
900,35636284.0,xx,-8.664454e+07,-8.6642056e+07,332.1036
901,35636284.0,xy,-2.8823935e-10,-8.6642056e+07,332.1036
902,35636284.0,xz,-129282.31,-8.6642056e+07,332.1036
903,35636284.0,yx,-2.8823935e-10,-8.6642056e+07,332.1036
904,35636284.0,yy,-8.666742e+07,-8.6642056e+07,332.1036
905,35636284.0,yz,-136826.73,-8.6642056e+07,332.1036
906,35636284.0,zx,-129282.31,-8.6642056e+07,332.1036
907,35636284.0,zy,-136826.73,-8.6642056e+07,332.1036
908,35636284.0,zz,-9.408938e+07,-8.6642056e+07,332.1036
909,36136284.0,xx,-8.649159e+07,-8.648917e+07,331.90982
910,36136284.0,xy,-2.867969e-10,-8.648917e+07,331.90982
911,36136284.0,xz,-128702.05,-8.648917e+07,331.90982
912,36136284.0,yx,-2.867969e-10,-8.648917e+07,331.90982
913,36136284.0,yy,-8.651419e+07,-8.648917e+07,331.90982
914,36136284.0,yz,-135891.58,-8.648917e+07,331.90982
915,36136284.0,zx,-128702.05,-8.648917e+07,331.90982
916,36136284.0,zy,-135891.58,-8.648917e+07,331.90982
917,36136284.0,zz,-9.40674e+07,-8.648917e+07,331.90982
918,36636284.0,xx,-8.652947e+07,-8.6527e+07,331.90982
919,36636284.0,xy,-2.8548736e-10,-8.6527e+07,331.90982
920,36636284.0,xz,-129573.32,-8.6527e+07,331.90982
921,36636284.0,yx,-2.8548736e-10,-8.6527e+07,331.90982
922,36636284.0,yy,-8.655234e+07,-8.6527e+07,331.90982
923,36636284.0,yz,-136504.56,-8.6527e+07,331.90982
924,36636284.0,zx,-129573.32,-8.6527e+07,331.90982
925,36636284.0,zy,-136504.56,-8.6527e+07,331.90982
926,36636284.0,zz,-9.406468e+07,-8.6527e+07,331.90982
927,37136284.0,xx,-8.638349e+07,-8.6381096e+07,331.72076
928,37136284.0,xy,-2.8393632e-10,-8.6381096e+07,331.72076
929,37136284.0,xz,-128806.375,-8.6381096e+07,331.72076
930,37136284.0,yx,-2.8393632e-10,-8.6381096e+07,331.72076
931,37136284.0,yy,-8.640683e+07,-8.6381096e+07,331.72076
932,37136284.0,yz,-135420.05,-8.6381096e+07,331.72076
933,37136284.0,zx,-128806.375,-8.6381096e+07,331.72076
934,37136284.0,zy,-135420.05,-8.6381096e+07,331.72076
935,37136284.0,zz,-9.404332e+07,-8.6381096e+07,331.72076
936,37636284.0,xx,-8.642406e+07,-8.642164e+07,331.72076
937,37636284.0,xy,-2.8250843e-10,-8.642164e+07,331.72076
938,37636284.0,xz,-129455.734,-8.642164e+07,331.72076
939,37636284.0,yx,-2.8250843e-10,-8.642164e+07,331.72076
940,37636284.0,yy,-8.644757e+07,-8.642164e+07,331.72076
941,37636284.0,yz,-135838.72,-8.642164e+07,331.72076
942,37636284.0,zx,-129455.734,-8.642164e+07,331.72076
943,37636284.0,zy,-135838.72,-8.642164e+07,331.72076
944,37636284.0,zz,-9.403999e+07,-8.642164e+07,331.72076
945,38136284.0,xx,-8.628531e+07,-8.628297e+07,331.53616
946,38136284.0,xy,-2.807804e-10,-8.628297e+07,331.53616
947,38136284.0,xz,-128501.17,-8.628297e+07,331.53616
948,38136284.0,yx,-2.807804e-10,-8.628297e+07,331.53616
949,38136284.0,yy,-8.630888e+07,-8.628297e+07,331.53616
950,38136284.0,yz,-134595.78,-8.628297e+07,331.53616
951,38136284.0,zx,-128501.17,-8.628297e+07,331.53616
952,38136284.0,zy,-134595.78,-8.628297e+07,331.53616
953,38136284.0,zz,-9.401915e+07,-8.628297e+07,331.53616
954,38636284.0,xx,-8.632845e+07,-8.632607e+07,331.53616
955,38636284.0,xy,-2.792479e-10,-8.632607e+07,331.53616
956,38636284.0,xz,-128929.65,-8.632607e+07,331.53616
957,38636284.0,yx,-2.792479e-10,-8.632607e+07,331.53616
958,38636284.0,yy,-8.635205e+07,-8.632607e+07,331.53616
959,38636284.0,yz,-134820.19,-8.632607e+07,331.53616
960,38636284.0,zx,-128929.65,-8.632607e+07,331.53616
961,38636284.0,zy,-134820.19,-8.632607e+07,331.53616
962,38636284.0,zz,-9.401544e+07,-8.632607e+07,331.53616
963,39136284.0,xx,-8.619622e+07,-8.619394e+07,331.3561
964,39136284.0,xy,-2.7750752e-10,-8.619394e+07,331.3561
965,39136284.0,xz,-127790.945,-8.619394e+07,331.3561
966,39136284.0,yx,-2.7750752e-10,-8.619394e+07,331.3561
967,39136284.0,yy,-8.622041e+07,-8.619394e+07,331.3561
968,39136284.0,yz,-133420.42,-8.619394e+07,331.3561
969,39136284.0,zx,-127790.945,-8.619394e+07,331.3561
970,39136284.0,zy,-133420.42,-8.619394e+07,331.3561
971,39136284.0,zz,-9.399389e+07,-8.619394e+07,331.3561
972,39636284.0,xx,-8.6241656e+07,-8.6239336e+07,331.3561
973,39636284.0,xy,-2.7588914e-10,-8.6239336e+07,331.3561
974,39636284.0,xz,-128005.9,-8.6239336e+07,331.3561
975,39636284.0,yx,-2.7588914e-10,-8.6239336e+07,331.3561
976,39636284.0,yy,-8.626578e+07,-8.6239336e+07,331.3561
977,39636284.0,yz,-133456.72,-8.6239336e+07,331.3561
978,39636284.0,zx,-128005.9,-8.6239336e+07,331.3561
979,39636284.0,zy,-133456.72,-8.6239336e+07,331.3561
980,39636284.0,zz,-9.398999e+07,-8.6239336e+07,331.3561
981,40136284.0,xx,-8.611612e+07,-8.611388e+07,331.1801
982,40136284.0,xy,-2.73841e-10,-8.611388e+07,331.1801
983,40136284.0,xz,-126692.05,-8.611388e+07,331.1801
984,40136284.0,yx,-2.73841e-10,-8.611388e+07,331.1801
985,40136284.0,yy,-8.6139384e+07,-8.611388e+07,331.1801
986,40136284.0,yz,-131909.33,-8.611388e+07,331.1801
987,40136284.0,zx,-126692.05,-8.611388e+07,331.1801
988,40136284.0,zy,-131909.33,-8.611388e+07,331.1801
989,40136284.0,zz,-9.397034e+07,-8.611388e+07,331.1801
990,40636284.0,xx,-8.616369e+07,-8.616143e+07,331.1801
991,40636284.0,xy,-2.7214686e-10,-8.616143e+07,331.1801
992,40636284.0,xz,-126705.07,-8.616143e+07,331.1801
993,40636284.0,yx,-2.7214686e-10,-8.616143e+07,331.1801
994,40636284.0,yy,-8.61868e+07,-8.616143e+07,331.1801
995,40636284.0,yz,-131768.23,-8.616143e+07,331.1801
996,40636284.0,zx,-126705.07,-8.616143e+07,331.1801
997,40636284.0,zy,-131768.23,-8.616143e+07,331.1801
998,40636284.0,zz,-9.396643e+07,-8.616143e+07,331.1801
999,41136284.0,xx,-8.604442e+07,-8.604224e+07,331.00836
1000,41136284.0,xy,-2.7015148e-10,-8.604224e+07,331.00836
1001,41136284.0,xz,-125228.98,-8.604224e+07,331.00836
1002,41136284.0,yx,-2.7015148e-10,-8.604224e+07,331.00836
1003,41136284.0,yy,-8.606718e+07,-8.604224e+07,331.00836
1004,41136284.0,yz,-130089.7,-8.604224e+07,331.00836
1005,41136284.0,zx,-125228.98,-8.604224e+07,331.00836
1006,41136284.0,zy,-130089.7,-8.604224e+07,331.00836
1007,41136284.0,zz,-9.394651e+07,-8.604224e+07,331.00836
1008,41636284.0,xx,-8.609385e+07,-8.609166e+07,331.00836
1009,41636284.0,xy,-2.684029e-10,-8.609166e+07,331.00836
1010,41636284.0,xz,-125056.44,-8.609166e+07,331.00836
1011,41636284.0,yx,-2.684029e-10,-8.609166e+07,331.00836
1012,41636284.0,yy,-8.61164e+07,-8.609166e+07,331.00836
1013,41636284.0,yz,-129786.75,-8.609166e+07,331.00836
1014,41636284.0,zx,-125056.44,-8.609166e+07,331.00836
1015,41636284.0,zy,-129786.75,-8.609166e+07,331.00836
1016,41636284.0,zz,-9.3942776e+07,-8.609166e+07,331.00836
1017,42136284.0,xx,-8.5979704e+07,-8.597762e+07,330.84048
1018,42136284.0,xy,-2.6637817e-10,-8.597762e+07,330.84048
1019,42136284.0,xz,-123438.484,-8.597762e+07,330.84048
1020,42136284.0,yx,-2.6637817e-10,-8.597762e+07,330.84048
1021,42136284.0,yy,-8.60026e+07,-8.597762e+07,330.84048
1022,42136284.0,yz,-127989.836,-8.597762e+07,330.84048
1023,42136284.0,zx,-123438.484,-8.597762e+07,330.84048
1024,42136284.0,zy,-127989.836,-8.597762e+07,330.84048
1025,42136284.0,zz,-9.3924296e+07,-8.597762e+07,330.84048
1026,42636284.0,xx,-8.603079e+07,-8.6028696e+07,330.84048
1027,42636284.0,xy,-2.6458713e-10,-8.6028696e+07,330.84048
1028,42636284.0,xz,-123097.36,-8.6028696e+07,330.84048
1029,42636284.0,yx,-2.6458713e-10,-8.6028696e+07,330.84048
1030,42636284.0,yy,-8.605342e+07,-8.6028696e+07,330.84048
1031,42636284.0,yz,-127541.5,-8.6028696e+07,330.84048
1032,42636284.0,zx,-123097.36,-8.6028696e+07,330.84048
1033,42636284.0,zy,-127541.5,-8.6028696e+07,330.84048
1034,42636284.0,zz,-9.392083e+07,-8.6028696e+07,330.84048
1035,43136284.0,xx,-8.592263e+07,-8.5920616e+07,330.6769
1036,43136284.0,xy,-2.623304e-10,-8.5920616e+07,330.6769
1037,43136284.0,xz,-121354.7,-8.5920616e+07,330.6769
1038,43136284.0,yx,-2.623304e-10,-8.5920616e+07,330.6769
1039,43136284.0,yy,-8.594469e+07,-8.5920616e+07,330.6769
1040,43136284.0,yz,-125647.805,-8.5920616e+07,330.6769
1041,43136284.0,zx,-121354.7,-8.5920616e+07,330.6769
1042,43136284.0,zy,-125647.805,-8.5920616e+07,330.6769
1043,43136284.0,zz,-9.390484e+07,-8.5920616e+07,330.6769
1044,43636284.0,xx,-8.597522e+07,-8.597321e+07,330.6769
1045,43636284.0,xy,-2.6050695e-10,-8.597321e+07,330.6769
1046,43636284.0,xz,-120863.33,-8.597321e+07,330.6769
1047,43636284.0,yx,-2.6050695e-10,-8.597321e+07,330.6769
1048,43636284.0,yy,-8.599698e+07,-8.597321e+07,330.6769
1049,43636284.0,yz,-125071.95,-8.597321e+07,330.6769
1050,43636284.0,zx,-120863.33,-8.597321e+07,330.6769
1051,43636284.0,zy,-125071.95,-8.597321e+07,330.6769
1052,43636284.0,zz,-9.390173e+07,-8.597321e+07,330.6769
1053,44136284.0,xx,-8.587207e+07,-8.587014e+07,330.51694
1054,44136284.0,xy,-2.5833927e-10,-8.587014e+07,330.51694
1055,44136284.0,xz,-119014.266,-8.587014e+07,330.51694
1056,44136284.0,yx,-2.5833927e-10,-8.587014e+07,330.51694
1057,44136284.0,yy,-8.58933e+07,-8.587014e+07,330.51694
1058,44136284.0,yz,-123095.375,-8.587014e+07,330.51694
1059,44136284.0,zx,-119014.266,-8.587014e+07,330.51694
1060,44136284.0,zy,-123095.375,-8.587014e+07,330.51694
1061,44136284.0,zz,-9.3884696e+07,-8.587014e+07,330.51694
1062,44636284.0,xx,-8.5925816e+07,-8.5923896e+07,330.51694
1063,44636284.0,xy,-2.564965e-10,-8.5923896e+07,330.51694
1064,44636284.0,xz,-118393.12,-8.5923896e+07,330.51694
1065,44636284.0,yx,-2.564965e-10,-8.5923896e+07,330.51694
1066,44636284.0,yy,-8.594671e+07,-8.5923896e+07,330.51694
1067,44636284.0,yz,-122412.17,-8.5923896e+07,330.51694
1068,44636284.0,zx,-118393.12,-8.5923896e+07,330.51694
1069,44636284.0,zy,-122412.17,-8.5923896e+07,330.51694
1070,44636284.0,zz,-9.3882e+07,-8.5923896e+07,330.51694
1071,45136284.0,xx,-8.582727e+07,-8.582544e+07,330.36038
1072,45136284.0,xy,-2.5425198e-10,-8.582544e+07,330.36038
1073,45136284.0,xz,-116452.06,-8.582544e+07,330.36038
1074,45136284.0,yx,-2.5425198e-10,-8.582544e+07,330.36038
1075,45136284.0,yy,-8.584752e+07,-8.582544e+07,330.36038
1076,45136284.0,yz,-120371.42,-8.582544e+07,330.36038
1077,45136284.0,zx,-116452.06,-8.582544e+07,330.36038
1078,45136284.0,zy,-120371.42,-8.582544e+07,330.36038
1079,45136284.0,zz,-9.386707e+07,-8.582544e+07,330.36038
1080,45636284.0,xx,-8.588203e+07,-8.588021e+07,330.36038
1081,45636284.0,xy,-2.5239938e-10,-8.588021e+07,330.36038
1082,45636284.0,xz,-115719.4,-8.588021e+07,330.36038
1083,45636284.0,yx,-2.5239938e-10,-8.588021e+07,330.36038
1084,45636284.0,yy,-8.5901944e+07,-8.588021e+07,330.36038
1085,45636284.0,yz,-119598.52,-8.588021e+07,330.36038
1086,45636284.0,zx,-115719.4,-8.588021e+07,330.36038
1087,45636284.0,zy,-119598.52,-8.588021e+07,330.36038
1088,45636284.0,zz,-9.3864824e+07,-8.588021e+07,330.36038
1089,46136284.0,xx,-8.5787464e+07,-8.578572e+07,330.20703
1090,46136284.0,xy,-2.502615e-10,-8.578572e+07,330.20703
1091,46136284.0,xz,-113707.984,-8.578572e+07,330.20703
1092,46136284.0,yx,-2.502615e-10,-8.578572e+07,330.20703
1093,46136284.0,yy,-8.5807176e+07,-8.578572e+07,330.20703
1094,46136284.0,yz,-117510.9,-8.578572e+07,330.20703
1095,46136284.0,zx,-113707.984,-8.578572e+07,330.20703
1096,46136284.0,zy,-117510.9,-8.578572e+07,330.20703
1097,46136284.0,zz,-9.384967e+07,-8.578572e+07,330.20703
1098,46636284.0,xx,-8.5842984e+07,-8.584125e+07,330.20703
1099,46636284.0,xy,-2.4840915e-10,-8.584125e+07,330.20703
1100,46636284.0,xz,-112883.055,-8.584125e+07,330.20703
1101,46636284.0,yx,-2.4840915e-10,-8.584125e+07,330.20703
1102,46636284.0,yy,-8.586236e+07,-8.584125e+07,330.20703
1103,46636284.0,yz,-116666.77,-8.584125e+07,330.20703
1104,46636284.0,zx,-112883.055,-8.584125e+07,330.20703
1105,46636284.0,zy,-116666.77,-8.584125e+07,330.20703
1106,46636284.0,zz,-9.384786e+07,-8.584125e+07,330.20703
1107,47136284.0,xx,-8.5752424e+07,-8.575077e+07,330.05695
1108,47136284.0,xy,-2.461748e-10,-8.575077e+07,330.05695
1109,47136284.0,xz,-110818.44,-8.575077e+07,330.05695
1110,47136284.0,yx,-2.461748e-10,-8.575077e+07,330.05695
1111,47136284.0,yy,-8.577125e+07,-8.575077e+07,330.05695
1112,47136284.0,yz,-114548.87,-8.575077e+07,330.05695
1113,47136284.0,zx,-110818.44,-8.575077e+07,330.05695
1114,47136284.0,zy,-114548.87,-8.575077e+07,330.05695
1115,47136284.0,zz,-9.38347e+07,-8.575077e+07,330.05695
1116,47636284.0,xx,-8.5808584e+07,-8.580694e+07,330.05695
1117,47636284.0,xy,-2.443277e-10,-8.580694e+07,330.05695
1118,47636284.0,xz,-109917.37,-8.580694e+07,330.05695
1119,47636284.0,yx,-2.443277e-10,-8.580694e+07,330.05695
1120,47636284.0,yy,-8.582707e+07,-8.580694e+07,330.05695
1121,47636284.0,yz,-113648.516,-8.580694e+07,330.05695
1122,47636284.0,zx,-109917.37,-8.580694e+07,330.05695
1123,47636284.0,zy,-113648.516,-8.580694e+07,330.05695
1124,47636284.0,zz,-9.383333e+07,-8.580694e+07,330.05695
1125,48136284.0,xx,-8.572163e+07,-8.572007e+07,329.90988
1126,48136284.0,xy,-2.4209565e-10,-8.572007e+07,329.90988
1127,48136284.0,xz,-107813.47,-8.572007e+07,329.90988
1128,48136284.0,yx,-2.4209565e-10,-8.572007e+07,329.90988
1129,48136284.0,yy,-8.573935e+07,-8.572007e+07,329.90988
1130,48136284.0,yz,-111510.734,-8.572007e+07,329.90988
1131,48136284.0,zx,-107813.47,-8.572007e+07,329.90988
1132,48136284.0,zy,-111510.734,-8.572007e+07,329.90988
1133,48136284.0,zz,-9.382077e+07,-8.572007e+07,329.90988
1134,48636284.0,xx,-8.577826e+07,-8.577671e+07,329.90988
1135,48636284.0,xy,-2.402594e-10,-8.577671e+07,329.90988
1136,48636284.0,xz,-106852.266,-8.577671e+07,329.90988
1137,48636284.0,yx,-2.402594e-10,-8.577671e+07,329.90988
1138,48636284.0,yy,-8.5795656e+07,-8.577671e+07,329.90988
1139,48636284.0,yz,-110568.734,-8.577671e+07,329.90988
1140,48636284.0,zx,-106852.266,-8.577671e+07,329.90988
1141,48636284.0,zy,-110568.734,-8.577671e+07,329.90988
1142,48636284.0,zz,-9.3819784e+07,-8.577671e+07,329.90988
1143,49136284.0,xx,-8.569423e+07,-8.569277e+07,329.76584
1144,49136284.0,xy,-2.3813357e-10,-8.569277e+07,329.76584
1145,49136284.0,xz,-104727.164,-8.569277e+07,329.76584
1146,49136284.0,yx,-2.3813357e-10,-8.569277e+07,329.76584
1147,49136284.0,yy,-8.57118e+07,-8.569277e+07,329.76584
1148,49136284.0,yz,-108431.59,-8.569277e+07,329.76584
1149,49136284.0,zx,-104727.164,-8.569277e+07,329.76584
1150,49136284.0,zy,-108431.59,-8.569277e+07,329.76584
1151,49136284.0,zz,-9.380802e+07,-8.569277e+07,329.76584
1152,49636284.0,xx,-8.575117e+07,-8.574972e+07,329.76584
1153,49636284.0,xy,-2.3631455e-10,-8.574972e+07,329.76584
1154,49636284.0,xz,-103720.61,-8.574972e+07,329.76584
1155,49636284.0,yx,-2.3631455e-10,-8.574972e+07,329.76584
1156,49636284.0,yy,-8.576842e+07,-8.574972e+07,329.76584
1157,49636284.0,yz,-107460.81,-8.574972e+07,329.76584
1158,49636284.0,zx,-103720.61,-8.574972e+07,329.76584
1159,49636284.0,zy,-107460.81,-8.574972e+07,329.76584
1160,49636284.0,zz,-9.38074e+07,-8.574972e+07,329.76584
1161,50136284.0,xx,-8.567007e+07,-8.56687e+07,329.62457
1162,50136284.0,xy,-2.3420785e-10,-8.56687e+07,329.62457
1163,50136284.0,xz,-101584.484,-8.56687e+07,329.62457
1164,50136284.0,yx,-2.3420785e-10,-8.56687e+07,329.62457
1165,50136284.0,yy,-8.568751e+07,-8.56687e+07,329.62457
1166,50136284.0,yz,-105330.12,-8.56687e+07,329.62457
1167,50136284.0,zx,-101584.484,-8.56687e+07,329.62457
1168,50136284.0,zy,-105330.12,-8.56687e+07,329.62457
1169,50136284.0,zz,-9.37963e+07,-8.56687e+07,329.62457
1170,50636284.0,xx,-8.5727176e+07,-8.572582e+07,329.62457
1171,50636284.0,xy,-2.3241033e-10,-8.572582e+07,329.62457
1172,50636284.0,xz,-100545.68,-8.572582e+07,329.62457
1173,50636284.0,yx,-2.3241033e-10,-8.572582e+07,329.62457
1174,50636284.0,yy,-8.574431e+07,-8.572582e+07,329.62457
1175,50636284.0,yz,-104341.586,-8.572582e+07,329.62457
1176,50636284.0,zx,-100545.68,-8.572582e+07,329.62457
1177,50636284.0,zy,-104341.586,-8.572582e+07,329.62457
1178,50636284.0,zz,-9.3796024e+07,-8.572582e+07,329.62457
1179,51136284.0,xx,-8.56491e+07,-8.564782e+07,329.4861
1180,51136284.0,xy,-2.3026164e-10,-8.564782e+07,329.4861
1181,51136284.0,xz,-98411.85,-8.564782e+07,329.4861
1182,51136284.0,yx,-2.3026164e-10,-8.564782e+07,329.4861
1183,51136284.0,yy,-8.566613e+07,-8.564782e+07,329.4861
1184,51136284.0,yz,-102229.55,-8.564782e+07,329.4861
1185,51136284.0,zx,-98411.85,-8.564782e+07,329.4861
1186,51136284.0,zy,-102229.55,-8.564782e+07,329.4861
1187,51136284.0,zz,-9.378636e+07,-8.564782e+07,329.4861
1188,51636284.0,xx,-8.5706296e+07,-8.570503e+07,329.4861
1189,51636284.0,xy,-2.2848781e-10,-8.570503e+07,329.4861
1190,51636284.0,xz,-97351.84,-8.570503e+07,329.4861
1191,51636284.0,yx,-2.2848781e-10,-8.570503e+07,329.4861
1192,51636284.0,yy,-8.572304e+07,-8.570503e+07,329.4861
1193,51636284.0,yz,-101232.1,-8.570503e+07,329.4861
1194,51636284.0,zx,-97351.84,-8.570503e+07,329.4861
1195,51636284.0,zy,-101232.1,-8.570503e+07,329.4861
1196,51636284.0,zz,-9.3786376e+07,-8.570503e+07,329.4861
1197,52136284.0,xx,-8.563119e+07,-8.562999e+07,329.35034
1198,52136284.0,xy,-2.263064e-10,-8.562999e+07,329.35034
1199,52136284.0,xz,-95230.82,-8.562999e+07,329.35034
1200,52136284.0,yx,-2.263064e-10,-8.562999e+07,329.35034
1201,52136284.0,yy,-8.564707e+07,-8.562999e+07,329.35034
1202,52136284.0,yz,-99143.055,-8.562999e+07,329.35034
1203,52136284.0,zx,-95230.82,-8.562999e+07,329.35034
1204,52136284.0,zy,-99143.055,-8.562999e+07,329.35034
1205,52136284.0,zz,-9.377698e+07,-8.562999e+07,329.35034
1206,52636284.0,xx,-8.568834e+07,-8.568716e+07,329.35034
1207,52636284.0,xy,-2.2455823e-10,-8.568716e+07,329.35034
1208,52636284.0,xz,-94160.44,-8.568716e+07,329.35034
1209,52636284.0,yx,-2.2455823e-10,-8.568716e+07,329.35034
1210,52636284.0,yy,-8.570395e+07,-8.568716e+07,329.35034
1211,52636284.0,yz,-98145.03,-8.568716e+07,329.35034
1212,52636284.0,zx,-94160.44,-8.568716e+07,329.35034
1213,52636284.0,zy,-98145.03,-8.568716e+07,329.35034
1214,52636284.0,zz,-9.377725e+07,-8.568716e+07,329.35034
1215,53136284.0,xx,-8.561583e+07,-8.561471e+07,329.2172
1216,53136284.0,xy,-2.224007e-10,-8.561471e+07,329.2172
1217,53136284.0,xz,-92061.81,-8.561471e+07,329.2172
1218,53136284.0,yx,-2.224007e-10,-8.561471e+07,329.2172
1219,53136284.0,yy,-8.563038e+07,-8.561471e+07,329.2172
1220,53136284.0,yz,-96088.85,-8.561471e+07,329.2172
1221,53136284.0,zx,-92061.81,-8.561471e+07,329.2172
1222,53136284.0,zy,-96088.85,-8.561471e+07,329.2172
1223,53136284.0,zz,-9.376826e+07,-8.561471e+07,329.2172
1224,53636284.0,xx,-8.567283e+07,-8.567173e+07,329.2172
1225,53636284.0,xy,-2.2068075e-10,-8.567173e+07,329.2172
1226,53636284.0,xz,-90990.516,-8.567173e+07,329.2172
1227,53636284.0,yx,-2.2068075e-10,-8.567173e+07,329.2172
1228,53636284.0,yy,-8.568712e+07,-8.567173e+07,329.2172
1229,53636284.0,yz,-95097.32,-8.567173e+07,329.2172
1230,53636284.0,zx,-90990.516,-8.567173e+07,329.2172
1231,53636284.0,zy,-95097.32,-8.567173e+07,329.2172
1232,53636284.0,zz,-9.3768744e+07,-8.567173e+07,329.2172
1233,54136284.0,xx,-8.560221e+07,-8.560116e+07,329.08652
1234,54136284.0,xy,-2.1858709e-10,-8.560116e+07,329.08652
1235,54136284.0,xz,-88921.28,-8.560116e+07,329.08652
1236,54136284.0,yx,-2.1858709e-10,-8.560116e+07,329.08652
1237,54136284.0,yy,-8.5615976e+07,-8.560116e+07,329.08652
1238,54136284.0,yz,-93077.734,-8.560116e+07,329.08652
1239,54136284.0,zx,-88921.28,-8.560116e+07,329.08652
1240,54136284.0,zy,-93077.734,-8.560116e+07,329.08652
1241,54136284.0,zz,-9.376042e+07,-8.560116e+07,329.08652
1242,54636284.0,xx,-8.5658984e+07,-8.565796e+07,329.08652
1243,54636284.0,xy,-2.1689679e-10,-8.565796e+07,329.08652
1244,54636284.0,xz,-87856.74,-8.565796e+07,329.08652
1245,54636284.0,yx,-2.1689679e-10,-8.565796e+07,329.08652
1246,54636284.0,yy,-8.567251e+07,-8.565796e+07,329.08652
1247,54636284.0,yz,-92097.97,-8.565796e+07,329.08652
1248,54636284.0,zx,-87856.74,-8.565796e+07,329.08652
1249,54636284.0,zy,-92097.97,-8.565796e+07,329.08652
1250,54636284.0,zz,-9.3761096e+07,-8.565796e+07,329.08652
1251,55136284.0,xx,-8.559046e+07,-8.5589496e+07,328.95837
1252,55136284.0,xy,-2.1489731e-10,-8.5589496e+07,328.95837
1253,55136284.0,xz,-85826.234,-8.5589496e+07,328.95837
1254,55136284.0,yx,-2.1489731e-10,-8.5589496e+07,328.95837
1255,55136284.0,yy,-8.560375e+07,-8.5589496e+07,328.95837
1256,55136284.0,yz,-90122.48,-8.5589496e+07,328.95837
1257,55136284.0,zx,-85826.234,-8.5589496e+07,328.95837
1258,55136284.0,zy,-90122.48,-8.5589496e+07,328.95837
1259,55136284.0,zz,-9.3752664e+07,-8.5589496e+07,328.95837
1260,55636284.0,xx,-8.564692e+07,-8.564597e+07,328.95837
1261,55636284.0,xy,-2.1323945e-10,-8.564597e+07,328.95837
1262,55636284.0,xz,-84776.086,-8.564597e+07,328.95837
1263,55636284.0,yx,-2.1323945e-10,-8.564597e+07,328.95837
1264,55636284.0,yy,-8.5659976e+07,-8.564597e+07,328.95837
1265,55636284.0,yz,-89159.71,-8.564597e+07,328.95837
1266,55636284.0,zx,-84776.086,-8.564597e+07,328.95837
1267,55636284.0,zy,-89159.71,-8.564597e+07,328.95837
1268,55636284.0,zz,-9.375351e+07,-8.564597e+07,328.95837
1269,56136284.0,xx,-8.55803e+07,-8.55794e+07,328.83252
1270,56136284.0,xy,-2.1128668e-10,-8.55794e+07,328.83252
1271,56136284.0,xz,-82788.016,-8.55794e+07,328.83252
1272,56136284.0,yx,-2.1128668e-10,-8.55794e+07,328.83252
1273,56136284.0,yy,-8.559304e+07,-8.55794e+07,328.83252
1274,56136284.0,yz,-87228.266,-8.55794e+07,328.83252
1275,56136284.0,zx,-82788.016,-8.55794e+07,328.83252
1276,56136284.0,zy,-87228.266,-8.55794e+07,328.83252
1277,56136284.0,zz,-9.374513e+07,-8.55794e+07,328.83252
1278,56636284.0,xx,-8.563636e+07,-8.563547e+07,328.83252
1279,56636284.0,xy,-2.0966189e-10,-8.563547e+07,328.83252
1280,56636284.0,xz,-81758.09,-8.563547e+07,328.83252
1281,56636284.0,yx,-2.0966189e-10,-8.563547e+07,328.83252
1282,56636284.0,yy,-8.564887e+07,-8.563547e+07,328.83252
1283,56636284.0,yz,-86286.29,-8.563547e+07,328.83252
1284,56636284.0,zx,-81758.09,-8.563547e+07,328.83252
1285,56636284.0,zy,-86286.29,-8.563547e+07,328.83252
1286,56636284.0,zz,-9.374612e+07,-8.563547e+07,328.83252
1287,57136284.0,xx,-8.557138e+07,-8.557054e+07,328.70895
1288,57136284.0,xy,-2.0774467e-10,-8.557054e+07,328.70895
1289,57136284.0,xz,-79816.59,-8.557054e+07,328.70895
1290,57136284.0,yx,-2.0774467e-10,-8.557054e+07,328.70895
1291,57136284.0,yy,-8.558388e+07,-8.557054e+07,328.70895
1292,57136284.0,yz,-84402.41,-8.557054e+07,328.70895
1293,57136284.0,zx,-79816.59,-8.557054e+07,328.70895
1294,57136284.0,zy,-84402.41,-8.557054e+07,328.70895
1295,57136284.0,zz,-9.373862e+07,-8.557054e+07,328.70895
1296,57636284.0,xx,-8.562701e+07,-8.562619e+07,328.70895
1297,57636284.0,xy,-2.0615418e-10,-8.562619e+07,328.70895
1298,57636284.0,xz,-78811.016,-8.562619e+07,328.70895
1299,57636284.0,yx,-2.0615418e-10,-8.562619e+07,328.70895
1300,57636284.0,yy,-8.563931e+07,-8.562619e+07,328.70895
1301,57636284.0,yz,-83483.45,-8.562619e+07,328.70895
1302,57636284.0,zx,-78811.016,-8.562619e+07,328.70895
1303,57636284.0,zy,-83483.45,-8.562619e+07,328.70895
1304,57636284.0,zz,-9.3739736e+07,-8.562619e+07,328.70895
1305,58136284.0,xx,-8.556387e+07,-8.5563096e+07,328.58762
1306,58136284.0,xy,-2.0428334e-10,-8.5563096e+07,328.58762
1307,58136284.0,xz,-76921.766,-8.5563096e+07,328.58762
1308,58136284.0,yx,-2.0428334e-10,-8.5563096e+07,328.58762
1309,58136284.0,yy,-8.5576056e+07,-8.5563096e+07,328.58762
1310,58136284.0,yz,-81649.42,-8.5563096e+07,328.58762
1311,58136284.0,zx,-76921.766,-8.5563096e+07,328.58762
1312,58136284.0,zy,-81649.42,-8.5563096e+07,328.58762
1313,58136284.0,zz,-9.373241e+07,-8.5563096e+07,328.58762
1314,58636284.0,xx,-8.561904e+07,-8.561828e+07,328.58762
1315,58636284.0,xy,-2.0272663e-10,-8.561828e+07,328.58762
1316,58636284.0,xz,-75944.44,-8.561828e+07,328.58762
1317,58636284.0,yx,-2.0272663e-10,-8.561828e+07,328.58762
1318,58636284.0,yy,-8.563102e+07,-8.561828e+07,328.58762
1319,58636284.0,yz,-80755.94,-8.561828e+07,328.58762
1320,58636284.0,zx,-75944.44,-8.561828e+07,328.58762
1321,58636284.0,zy,-80755.94,-8.561828e+07,328.58762
1322,58636284.0,zz,-9.3733624e+07,-8.561828e+07,328.58762
1323,59136284.0,xx,-8.555744e+07,-8.555672e+07,328.46835
1324,59136284.0,xy,-2.0089745e-10,-8.555672e+07,328.46835
1325,59136284.0,xz,-74105.81,-8.555672e+07,328.46835
1326,59136284.0,yx,-2.0089745e-10,-8.555672e+07,328.46835
1327,59136284.0,yy,-8.5569416e+07,-8.555672e+07,328.46835
1328,59136284.0,yz,-78969.86,-8.555672e+07,328.46835
1329,59136284.0,zx,-74105.81,-8.555672e+07,328.46835
1330,59136284.0,zy,-78969.86,-8.555672e+07,328.46835
1331,59136284.0,zz,-9.372679e+07,-8.555672e+07,328.46835
1332,59636284.0,xx,-8.561211e+07,-8.5611416e+07,328.46835
1333,59636284.0,xy,-1.9937549e-10,-8.5611416e+07,328.46835
1334,59636284.0,xz,-73159.4,-8.5611416e+07,328.46835
1335,59636284.0,yx,-1.9937549e-10,-8.5611416e+07,328.46835
1336,59636284.0,yy,-8.562391e+07,-8.5611416e+07,328.46835
1337,59636284.0,yz,-78103.086,-8.5611416e+07,328.46835
1338,59636284.0,zx,-73159.4,-8.5611416e+07,328.46835
1339,59636284.0,zy,-78103.086,-8.5611416e+07,328.46835
1340,59636284.0,zz,-9.3728104e+07,-8.5611416e+07,328.46835
1341,60136284.0,xx,-8.555205e+07,-8.555139e+07,328.3512
1342,60136284.0,xy,-1.9753472e-10,-8.555139e+07,328.3512
1343,60136284.0,xz,-71376.3,-8.555139e+07,328.3512
1344,60136284.0,yx,-1.9753472e-10,-8.555139e+07,328.3512
1345,60136284.0,yy,-8.556369e+07,-8.555139e+07,328.3512
1346,60136284.0,yz,-76368.19,-8.555139e+07,328.3512
1347,60136284.0,zx,-71376.3,-8.555139e+07,328.3512
1348,60136284.0,zy,-76368.19,-8.555139e+07,328.3512
1349,60136284.0,zz,-9.372215e+07,-8.555139e+07,328.3512
1350,60636284.0,xx,-8.560624e+07,-8.560559e+07,328.3512
1351,60636284.0,xy,-1.9604565e-10,-8.560559e+07,328.3512
1352,60636284.0,xz,-70462.234,-8.560559e+07,328.3512
1353,60636284.0,yx,-1.9604565e-10,-8.560559e+07,328.3512
1354,60636284.0,yy,-8.56177e+07,-8.560559e+07,328.3512
1355,60636284.0,yz,-75528.71,-8.560559e+07,328.3512
1356,60636284.0,zx,-70462.234,-8.560559e+07,328.3512
1357,60636284.0,zy,-75528.71,-8.560559e+07,328.3512
1358,60636284.0,zz,-9.3723544e+07,-8.560559e+07,328.3512
1359,61136284.0,xx,-8.5548e+07,-8.5547384e+07,328.23615
1360,61136284.0,xy,-1.9422149e-10,-8.5547384e+07,328.23615
1361,61136284.0,xz,-68734.43,-8.5547384e+07,328.23615
1362,61136284.0,yx,-1.9422149e-10,-8.5547384e+07,328.23615
1363,61136284.0,yy,-8.5558696e+07,-8.5547384e+07,328.23615
1364,61136284.0,yz,-73843.57,-8.5547384e+07,328.23615
1365,61136284.0,zx,-68734.43,-8.5547384e+07,328.23615
1366,61136284.0,zy,-73843.57,-8.5547384e+07,328.23615
1367,61136284.0,zz,-9.371713e+07,-8.5547384e+07,328.23615
1368,61636284.0,xx,-8.560164e+07,-8.560104e+07,328.23615
1369,61636284.0,xy,-1.9276576e-10,-8.560104e+07,328.23615
1370,61636284.0,xz,-67854.94,-8.560104e+07,328.23615
1371,61636284.0,yx,-1.9276576e-10,-8.560104e+07,328.23615
1372,61636284.0,yy,-8.561216e+07,-8.560104e+07,328.23615
1373,61636284.0,yz,-73032.64,-8.560104e+07,328.23615
1374,61636284.0,zx,-67854.94,-8.560104e+07,328.23615
1375,61636284.0,zy,-73032.64,-8.560104e+07,328.23615
1376,61636284.0,zz,-9.371858e+07,-8.560104e+07,328.23615
1377,62136284.0,xx,-8.55443e+07,-8.5543736e+07,328.12302
1378,62136284.0,xy,-1.9108543e-10,-8.5543736e+07,328.12302
1379,62136284.0,xz,-66183.8,-8.5543736e+07,328.12302
1380,62136284.0,yx,-1.9108543e-10,-8.5543736e+07,328.12302
1381,62136284.0,yy,-8.555497e+07,-8.5543736e+07,328.12302
1382,62136284.0,yz,-71400.07,-8.5543736e+07,328.12302
1383,62136284.0,zx,-66183.8,-8.5543736e+07,328.12302
1384,62136284.0,zy,-71400.07,-8.5543736e+07,328.12302
1385,62136284.0,zz,-9.371209e+07,-8.5543736e+07,328.12302
1386,62636284.0,xx,-8.559736e+07,-8.55968e+07,328.12302
1387,62636284.0,xy,-1.89665e-10,-8.55968e+07,328.12302
1388,62636284.0,xz,-65339.95,-8.55968e+07,328.12302
1389,62636284.0,yx,-1.89665e-10,-8.55968e+07,328.12302
1390,62636284.0,yy,-8.5607864e+07,-8.55968e+07,328.12302
1391,62636284.0,yz,-70618.18,-8.55968e+07,328.12302
1392,62636284.0,zx,-65339.95,-8.55968e+07,328.12302
1393,62636284.0,zy,-70618.18,-8.55968e+07,328.12302
1394,62636284.0,zz,-9.371359e+07,-8.55968e+07,328.12302
1395,63136284.0,xx,-8.5541416e+07,-8.55409e+07,328.01187
1396,63136284.0,xy,-1.8797644e-10,-8.55409e+07,328.01187
1397,63136284.0,xz,-63725.05,-8.55409e+07,328.01187
1398,63136284.0,yx,-1.8797644e-10,-8.55409e+07,328.01187
1399,63136284.0,yy,-8.5551896e+07,-8.55409e+07,328.01187
1400,63136284.0,yz,-69034.05,-8.55409e+07,328.01187
1401,63136284.0,zx,-63725.05,-8.55409e+07,328.01187
1402,63136284.0,zy,-69034.05,-8.55409e+07,328.01187
1403,63136284.0,zz,-9.370789e+07,-8.55409e+07,328.01187
1404,63636284.0,xx,-8.55939e+07,-8.5593384e+07,328.01187
1405,63636284.0,xy,-1.8658942e-10,-8.5593384e+07,328.01187
1406,63636284.0,xz,-62916.668,-8.5593384e+07,328.01187
1407,63636284.0,yx,-1.8658942e-10,-8.5593384e+07,328.01187
1408,63636284.0,yy,-8.560423e+07,-8.5593384e+07,328.01187
1409,63636284.0,yz,-68280.64,-8.5593384e+07,328.01187
1410,63636284.0,zx,-62916.668,-8.5593384e+07,328.01187
1411,63636284.0,zy,-68280.64,-8.5593384e+07,328.01187
1412,63636284.0,zz,-9.370943e+07,-8.5593384e+07,328.01187
1413,64136284.0,xx,-8.5539e+07,-8.553851e+07,327.9024
1414,64136284.0,xy,-1.8490214e-10,-8.553851e+07,327.9024
1415,64136284.0,xz,-61355.336,-8.553851e+07,327.9024
1416,64136284.0,yx,-1.8490214e-10,-8.553851e+07,327.9024
1417,64136284.0,yy,-8.554917e+07,-8.553851e+07,327.9024
1418,64136284.0,yz,-66743.27,-8.553851e+07,327.9024
1419,64136284.0,zx,-61355.336,-8.553851e+07,327.9024
1420,64136284.0,zy,-66743.27,-8.553851e+07,327.9024
1421,64136284.0,zz,-9.370421e+07,-8.553851e+07,327.9024
1422,64636284.0,xx,-8.559091e+07,-8.559044e+07,327.9024
1423,64636284.0,xy,-1.8354601e-10,-8.559044e+07,327.9024
1424,64636284.0,xz,-60581.824,-8.559044e+07,327.9024
1425,64636284.0,yx,-1.8354601e-10,-8.559044e+07,327.9024
1426,64636284.0,yy,-8.560094e+07,-8.559044e+07,327.9024
1427,64636284.0,yz,-66017.69,-8.559044e+07,327.9024
1428,64636284.0,zx,-60581.824,-8.559044e+07,327.9024
1429,64636284.0,zy,-66017.69,-8.559044e+07,327.9024
1430,64636284.0,zz,-9.370579e+07,-8.559044e+07,327.9024
1431,65136284.0,xx,-8.5537016e+07,-8.553657e+07,327.79495
1432,65136284.0,xy,-1.8195385e-10,-8.553657e+07,327.79495
1433,65136284.0,xz,-59075.734,-8.553657e+07,327.79495
1434,65136284.0,yx,-1.8195385e-10,-8.553657e+07,327.79495
1435,65136284.0,yy,-8.554753e+07,-8.553657e+07,327.79495
1436,65136284.0,yz,-64528.848,-8.553657e+07,327.79495
1437,65136284.0,zx,-59075.734,-8.553657e+07,327.79495
1438,65136284.0,zy,-64528.848,-8.553657e+07,327.79495
1439,65136284.0,zz,-9.370069e+07,-8.553657e+07,327.79495
1440,65636284.0,xx,-8.5588344e+07,-8.55879e+07,327.79495
1441,65636284.0,xy,-1.8062826e-10,-8.55879e+07,327.79495
1442,65636284.0,xz,-58336.926,-8.55879e+07,327.79495
1443,65636284.0,yx,-1.8062826e-10,-8.55879e+07,327.79495
1444,65636284.0,yy,-8.559872e+07,-8.55879e+07,327.79495
1445,65636284.0,yz,-63830.758,-8.55879e+07,327.79495
1446,65636284.0,zx,-58336.926,-8.55879e+07,327.79495
1447,65636284.0,zy,-63830.758,-8.55879e+07,327.79495
1448,65636284.0,zz,-9.3702296e+07,-8.55879e+07,327.79495
1449,66136284.0,xx,-8.5535976e+07,-8.553556e+07,327.68912
1450,66136284.0,xy,-1.7903833e-10,-8.553556e+07,327.68912
1451,66136284.0,xz,-56883.31,-8.553556e+07,327.68912
1452,66136284.0,yx,-1.7903833e-10,-8.553556e+07,327.68912
1453,66136284.0,yy,-8.554599e+07,-8.553556e+07,327.68912
1454,66136284.0,yz,-62386.734,-8.553556e+07,327.68912
1455,66136284.0,zx,-56883.31,-8.553556e+07,327.68912
1456,66136284.0,zy,-62386.734,-8.553556e+07,327.68912
1457,66136284.0,zz,-9.369675e+07,-8.553556e+07,327.68912
1458,66636284.0,xx,-8.558669e+07,-8.558628e+07,327.68912
1459,66636284.0,xy,-1.7774372e-10,-8.558628e+07,327.68912
1460,66636284.0,xz,-56178.902,-8.558628e+07,327.68912
1461,66636284.0,yx,-1.7774372e-10,-8.558628e+07,327.68912
1462,66636284.0,yy,-8.559658e+07,-8.558628e+07,327.68912
1463,66636284.0,yz,-61715.94,-8.558628e+07,327.68912
1464,66636284.0,zx,-56178.902,-8.558628e+07,327.68912
1465,66636284.0,zy,-61715.94,-8.558628e+07,327.68912
1466,66636284.0,zz,-9.369839e+07,-8.558628e+07,327.68912
1467,67136280.0,xx,-8.5535096e+07,-8.553471e+07,327.58508
1468,67136280.0,xy,-1.762239e-10,-8.553471e+07,327.58508
1469,67136280.0,xz,-54778.13,-8.553471e+07,327.58508
1470,67136280.0,yx,-1.762239e-10,-8.553471e+07,327.58508
1471,67136280.0,yy,-8.554507e+07,-8.553471e+07,327.58508
1472,67136280.0,yz,-60318.496,-8.553471e+07,327.58508
1473,67136280.0,zx,-54778.13,-8.553471e+07,327.58508
1474,67136280.0,zy,-60318.496,-8.553471e+07,327.58508
1475,67136280.0,zz,-9.369289e+07,-8.553471e+07,327.58508
1476,67636280.0,xx,-8.558518e+07,-8.558481e+07,327.58508
1477,67636280.0,xy,-1.7495963e-10,-8.558481e+07,327.58508
1478,67636280.0,xz,-54107.18,-8.558481e+07,327.58508
1479,67636280.0,yx,-1.7495963e-10,-8.558481e+07,327.58508
1480,67636280.0,yy,-8.559505e+07,-8.558481e+07,327.58508
1481,67636280.0,yz,-59674.223,-8.558481e+07,327.58508
1482,67636280.0,zx,-54107.18,-8.558481e+07,327.58508
1483,67636280.0,zy,-59674.223,-8.558481e+07,327.58508
1484,67636280.0,zz,-9.3694536e+07,-8.558481e+07,327.58508
1485,68136280.0,xx,-8.5534584e+07,-8.553423e+07,327.48264
1486,68136280.0,xy,-1.734569e-10,-8.553423e+07,327.48264
1487,68136280.0,xz,-52755.082,-8.553423e+07,327.48264
1488,68136280.0,yx,-1.734569e-10,-8.553423e+07,327.48264
1489,68136280.0,yy,-8.554461e+07,-8.553423e+07,327.48264
1490,68136280.0,yz,-58318.51,-8.553423e+07,327.48264
1491,68136280.0,zx,-52755.082,-8.553423e+07,327.48264
1492,68136280.0,zy,-58318.51,-8.553423e+07,327.48264
1493,68136280.0,zz,-9.368987e+07,-8.553423e+07,327.48264
1494,68636280.0,xx,-8.558409e+07,-8.5583736e+07,327.48264
1495,68636280.0,xy,-1.7222142e-10,-8.5583736e+07,327.48264
1496,68636280.0,xz,-52116.035,-8.5583736e+07,327.48264
1497,68636280.0,yx,-1.7222142e-10,-8.5583736e+07,327.48264
1498,68636280.0,yy,-8.559399e+07,-8.5583736e+07,327.48264
1499,68636280.0,yz,-57699.457,-8.5583736e+07,327.48264
1500,68636280.0,zx,-52116.035,-8.5583736e+07,327.48264
1501,68636280.0,zy,-57699.457,-8.5583736e+07,327.48264
1502,68636280.0,zz,-9.369154e+07,-8.5583736e+07,327.48264
1503,69136280.0,xx,-8.553477e+07,-8.553443e+07,327.38187
1504,69136280.0,xy,-1.7071304e-10,-8.553443e+07,327.38187
1505,69136280.0,xz,-50812.2,-8.553443e+07,327.38187
1506,69136280.0,yx,-1.7071304e-10,-8.553443e+07,327.38187
1507,69136280.0,yy,-8.554422e+07,-8.553443e+07,327.38187
1508,69136280.0,yz,-56385.625,-8.553443e+07,327.38187
1509,69136280.0,zx,-50812.2,-8.553443e+07,327.38187
1510,69136280.0,zy,-56385.625,-8.553443e+07,327.38187
1511,69136280.0,zz,-9.368649e+07,-8.553443e+07,327.38187
1512,69636280.0,xx,-8.5583656e+07,-8.558333e+07,327.38187
1513,69636280.0,xy,-1.695056e-10,-8.558333e+07,327.38187
1514,69636280.0,xz,-50204.14,-8.558333e+07,327.38187
1515,69636280.0,yx,-1.695056e-10,-8.558333e+07,327.38187
1516,69636280.0,yy,-8.559299e+07,-8.558333e+07,327.38187
1517,69636280.0,yz,-55791.21,-8.558333e+07,327.38187
1518,69636280.0,zx,-50204.14,-8.558333e+07,327.38187
1519,69636280.0,zy,-55791.21,-8.558333e+07,327.38187
1520,69636280.0,zz,-9.368815e+07,-8.558333e+07,327.38187
1521,70136280.0,xx,-8.553524e+07,-8.553493e+07,327.28262
1522,70136280.0,xy,-1.6799553e-10,-8.553493e+07,327.28262
1523,70136280.0,xz,-48946.36,-8.553493e+07,327.28262
1524,70136280.0,yx,-1.6799553e-10,-8.553493e+07,327.28262
1525,70136280.0,yy,-8.554381e+07,-8.553493e+07,327.28262
1526,70136280.0,yz,-54516.875,-8.553493e+07,327.28262
1527,70136280.0,zx,-48946.36,-8.553493e+07,327.28262
1528,70136280.0,zy,-54516.875,-8.553493e+07,327.28262
1529,70136280.0,zz,-9.368313e+07,-8.553493e+07,327.28262
1530,70636280.0,xx,-8.558351e+07,-8.558322e+07,327.28262
1531,70636280.0,xy,-1.6681428e-10,-8.558322e+07,327.28262
1532,70636280.0,xz,-48367.92,-8.558322e+07,327.28262
1533,70636280.0,yx,-1.6681428e-10,-8.558322e+07,327.28262
1534,70636280.0,yy,-8.559197e+07,-8.558322e+07,327.28262
1535,70636280.0,yz,-53946.06,-8.558322e+07,327.28262
1536,70636280.0,zx,-48367.92,-8.558322e+07,327.28262
1537,70636280.0,zy,-53946.06,-8.558322e+07,327.28262
1538,70636280.0,zz,-9.368479e+07,-8.558322e+07,327.28262
1539,71136280.0,xx,-8.5535416e+07,-8.553514e+07,327.1849
1540,71136280.0,xy,-1.6542948e-10,-8.553514e+07,327.1849
1541,71136280.0,xz,-47153.72,-8.553514e+07,327.1849
1542,71136280.0,yx,-1.6542948e-10,-8.553514e+07,327.1849
1543,71136280.0,yy,-8.554421e+07,-8.553514e+07,327.1849
1544,71136280.0,yz,-52710.316,-8.553514e+07,327.1849
1545,71136280.0,zx,-47153.72,-8.553514e+07,327.1849
1546,71136280.0,zy,-52710.316,-8.553514e+07,327.1849
1547,71136280.0,zz,-9.3680136e+07,-8.553514e+07,327.1849
1548,71636280.0,xx,-8.5583096e+07,-8.5582824e+07,327.1849
1549,71636280.0,xy,-1.642748e-10,-8.5582824e+07,327.1849
1550,71636280.0,xz,-46603.44,-8.5582824e+07,327.1849
1551,71636280.0,yx,-1.642748e-10,-8.5582824e+07,327.1849
1552,71636280.0,yy,-8.559178e+07,-8.5582824e+07,327.1849
1553,71636280.0,yz,-52162.01,-8.5582824e+07,327.1849
1554,71636280.0,zx,-46603.44,-8.5582824e+07,327.1849
1555,71636280.0,zy,-52162.01,-8.5582824e+07,327.1849
1556,71636280.0,zz,-9.36818e+07,-8.5582824e+07,327.1849
1557,72136280.0,xx,-8.55363e+07,-8.553604e+07,327.08875
1558,72136280.0,xy,-1.6279685e-10,-8.553604e+07,327.08875
1559,72136280.0,xz,-45432.29,-8.553604e+07,327.08875
1560,72136280.0,yx,-1.6279685e-10,-8.553604e+07,327.08875
1561,72136280.0,yy,-8.554433e+07,-8.553604e+07,327.08875
1562,72136280.0,yz,-50963.39,-8.553604e+07,327.08875
1563,72136280.0,zx,-45432.29,-8.553604e+07,327.08875
1564,72136280.0,zy,-50963.39,-8.553604e+07,327.08875
1565,72136280.0,zz,-9.3677576e+07,-8.553604e+07,327.08875
1566,72636280.0,xx,-8.558341e+07,-8.5583144e+07,327.08875
1567,72636280.0,xy,-1.6166611e-10,-8.5583144e+07,327.08875
1568,72636280.0,xz,-44908.65,-8.5583144e+07,327.08875
1569,72636280.0,yx,-1.6166611e-10,-8.5583144e+07,327.08875
1570,72636280.0,yy,-8.559131e+07,-8.5583144e+07,327.08875
1571,72636280.0,yz,-50436.453,-8.5583144e+07,327.08875
1572,72636280.0,zx,-44908.65,-8.5583144e+07,327.08875
1573,72636280.0,zy,-50436.453,-8.5583144e+07,327.08875
1574,72636280.0,zz,-9.3679224e+07,-8.5583144e+07,327.08875
1575,73136280.0,xx,-8.5537e+07,-8.553675e+07,326.99402
1576,73136280.0,xy,-1.6035286e-10,-8.553675e+07,326.99402
1577,73136280.0,xz,-43776.58,-8.553675e+07,326.99402
1578,73136280.0,yx,-1.6035286e-10,-8.553675e+07,326.99402
1579,73136280.0,yy,-8.554532e+07,-8.553675e+07,326.99402
1580,73136280.0,yz,-49273.555,-8.553675e+07,326.99402
1581,73136280.0,zx,-43776.58,-8.553675e+07,326.99402
1582,73136280.0,zy,-49273.555,-8.553675e+07,326.99402
1583,73136280.0,zz,-9.367462e+07,-8.553675e+07,326.99402
1584,73636280.0,xx,-8.55835e+07,-8.558326e+07,326.99402
1585,73636280.0,xy,-1.592481e-10,-8.558326e+07,326.99402
1586,73636280.0,xz,-43278.56,-8.558326e+07,326.99402
1587,73636280.0,yx,-1.592481e-10,-8.558326e+07,326.99402
1588,73636280.0,yy,-8.559172e+07,-8.558326e+07,326.99402
1589,73636280.0,yz,-48767.383,-8.558326e+07,326.99402
1590,73636280.0,zx,-43278.56,-8.558326e+07,326.99402
1591,73636280.0,zy,-48767.383,-8.558326e+07,326.99402
1592,73636280.0,zz,-9.367627e+07,-8.558326e+07,326.99402
1593,74136280.0,xx,-8.553806e+07,-8.553784e+07,326.90076
1594,74136280.0,xy,-1.5786503e-10,-8.553784e+07,326.90076
1595,74136280.0,xz,-42185.07,-8.553784e+07,326.90076
1596,74136280.0,yx,-1.5786503e-10,-8.553784e+07,326.90076
1597,74136280.0,yy,-8.554612e+07,-8.553784e+07,326.90076
1598,74136280.0,yz,-47637.44,-8.553784e+07,326.90076
1599,74136280.0,zx,-42185.07,-8.553784e+07,326.90076
1600,74136280.0,zy,-47637.44,-8.553784e+07,326.90076
1601,74136280.0,zz,-9.367232e+07,-8.553784e+07,326.90076
1602,74636280.0,xx,-8.558401e+07,-8.5583784e+07,326.90076
1603,74636280.0,xy,-1.5678331e-10,-8.5583784e+07,326.90076
1604,74636280.0,xz,-41711.062,-8.5583784e+07,326.90076
1605,74636280.0,yx,-1.5678331e-10,-8.5583784e+07,326.90076
1606,74636280.0,yy,-8.559195e+07,-8.5583784e+07,326.90076
1607,74636280.0,yz,-47150.758,-8.5583784e+07,326.90076
1608,74636280.0,zx,-41711.062,-8.5583784e+07,326.90076
1609,74636280.0,zy,-47150.758,-8.5583784e+07,326.90076
1610,74636280.0,zz,-9.367395e+07,-8.5583784e+07,326.90076
1611,75136280.0,xx,-8.553929e+07,-8.553908e+07,326.80884
1612,75136280.0,xy,-1.5542055e-10,-8.553908e+07,326.80884
1613,75136280.0,xz,-40654.836,-8.553908e+07,326.80884
1614,75136280.0,yx,-1.5542055e-10,-8.553908e+07,326.80884
1615,75136280.0,yy,-8.5547144e+07,-8.553908e+07,326.80884
1616,75136280.0,yz,-46054.492,-8.553908e+07,326.80884
1617,75136280.0,zx,-40654.836,-8.553908e+07,326.80884
1618,75136280.0,zy,-46054.492,-8.553908e+07,326.80884
1619,75136280.0,zz,-9.36705e+07,-8.553908e+07,326.80884
1620,75636280.0,xx,-8.5584696e+07,-8.558449e+07,326.80884
1621,75636280.0,xy,-1.5436125e-10,-8.558449e+07,326.80884
1622,75636280.0,xz,-40203.44,-8.558449e+07,326.80884
1623,75636280.0,yx,-1.5436125e-10,-8.558449e+07,326.80884
1624,75636280.0,yy,-8.559244e+07,-8.558449e+07,326.80884
1625,75636280.0,yz,-45586.367,-8.558449e+07,326.80884
1626,75636280.0,zx,-40203.44,-8.558449e+07,326.80884
1627,75636280.0,zy,-45586.367,-8.558449e+07,326.80884
1628,75636280.0,zz,-9.367211e+07,-8.558449e+07,326.80884
1629,76136280.0,xx,-8.554092e+07,-8.554073e+07,326.71817
1630,76136280.0,xy,-1.5303811e-10,-8.554073e+07,326.71817
1631,76136280.0,xz,-39181.574,-8.554073e+07,326.71817
1632,76136280.0,yx,-1.5303811e-10,-8.554073e+07,326.71817
1633,76136280.0,yy,-8.554834e+07,-8.554073e+07,326.71817
1634,76136280.0,yz,-44521.562,-8.554073e+07,326.71817
1635,76136280.0,zx,-39181.574,-8.554073e+07,326.71817
1636,76136280.0,zy,-44521.562,-8.554073e+07,326.71817
1637,76136280.0,zz,-9.366823e+07,-8.554073e+07,326.71817
1638,76636280.0,xx,-8.558578e+07,-8.558558e+07,326.71817
1639,76636280.0,xy,-1.520013e-10,-8.558558e+07,326.71817
1640,76636280.0,xz,-38751.875,-8.558558e+07,326.71817
1641,76636280.0,yx,-1.520013e-10,-8.558558e+07,326.71817
1642,76636280.0,yy,-8.559308e+07,-8.558558e+07,326.71817
1643,76636280.0,yz,-44071.477,-8.558558e+07,326.71817
1644,76636280.0,zx,-38751.875,-8.558558e+07,326.71817
1645,76636280.0,zy,-44071.477,-8.558558e+07,326.71817
1646,76636280.0,zz,-9.366984e+07,-8.558558e+07,326.71817
1647,77136280.0,xx,-8.554284e+07,-8.5542664e+07,326.62894
1648,77136280.0,xy,-1.5068845e-10,-8.5542664e+07,326.62894
1649,77136280.0,xz,-37763.86,-8.5542664e+07,326.62894
1650,77136280.0,yx,-1.5068845e-10,-8.5542664e+07,326.62894
1651,77136280.0,yy,-8.554954e+07,-8.5542664e+07,326.62894
1652,77136280.0,yz,-43037.06,-8.5542664e+07,326.62894
1653,77136280.0,zx,-37763.86,-8.5542664e+07,326.62894
1654,77136280.0,zy,-43037.06,-8.5542664e+07,326.62894
1655,77136280.0,zz,-9.366558e+07,-8.5542664e+07,326.62894
1656,77636280.0,xx,-8.558714e+07,-8.558695e+07,326.62894
1657,77636280.0,xy,-1.496734e-10,-8.558695e+07,326.62894
1658,77636280.0,xz,-37354.848,-8.558695e+07,326.62894
1659,77636280.0,yx,-1.496734e-10,-8.558695e+07,326.62894
1660,77636280.0,yy,-8.559371e+07,-8.558695e+07,326.62894
1661,77636280.0,yz,-42604.375,-8.558695e+07,326.62894
1662,77636280.0,zx,-37354.848,-8.558695e+07,326.62894
1663,77636280.0,zy,-42604.375,-8.558695e+07,326.62894
1664,77636280.0,zz,-9.3667176e+07,-8.558695e+07,326.62894
1665,78136280.0,xx,-8.5544456e+07,-8.554429e+07,326.54102
1666,78136280.0,xy,-1.4847852e-10,-8.554429e+07,326.54102
1667,78136280.0,xz,-36398.125,-8.554429e+07,326.54102
1668,78136280.0,yx,-1.4847852e-10,-8.554429e+07,326.54102
1669,78136280.0,yy,-8.555146e+07,-8.554429e+07,326.54102
1670,78136280.0,yz,-41598.99,-8.554429e+07,326.54102
1671,78136280.0,zx,-36398.125,-8.554429e+07,326.54102
1672,78136280.0,zy,-41598.99,-8.554429e+07,326.54102
1673,78136280.0,zz,-9.36632e+07,-8.554429e+07,326.54102
1674,78636280.0,xx,-8.55882e+07,-8.558803e+07,326.54102
1675,78636280.0,xy,-1.4748643e-10,-8.558803e+07,326.54102
1676,78636280.0,xz,-36008.66,-8.558803e+07,326.54102
1677,78636280.0,yx,-1.4748643e-10,-8.558803e+07,326.54102
1678,78636280.0,yy,-8.559509e+07,-8.558803e+07,326.54102
1679,78636280.0,yz,-41182.875,-8.558803e+07,326.54102
1680,78636280.0,zx,-36008.66,-8.558803e+07,326.54102
1681,78636280.0,zy,-41182.875,-8.558803e+07,326.54102
1682,78636280.0,zz,-9.3664776e+07,-8.558803e+07,326.54102
1683,79136280.0,xx,-8.554653e+07,-8.554637e+07,326.45425
1684,79136280.0,xy,-1.4621152e-10,-8.554637e+07,326.45425
1685,79136280.0,xz,-35082.84,-8.554637e+07,326.45425
1686,79136280.0,yx,-1.4621152e-10,-8.554637e+07,326.45425
1687,79136280.0,yy,-8.555289e+07,-8.554637e+07,326.45425
1688,79136280.0,yz,-40205.83,-8.554637e+07,326.45425
1689,79136280.0,zx,-35082.84,-8.554637e+07,326.45425
1690,79136280.0,zy,-40205.83,-8.554637e+07,326.45425
1691,79136280.0,zz,-9.366108e+07,-8.554637e+07,326.45425
1692,79636280.0,xx,-8.5589736e+07,-8.558958e+07,326.45425
1693,79636280.0,xy,-1.4523995e-10,-8.558958e+07,326.45425
1694,79636280.0,xz,-34711.703,-8.558958e+07,326.45425
1695,79636280.0,yx,-1.4523995e-10,-8.558958e+07,326.45425
1696,79636280.0,yy,-8.559598e+07,-8.558958e+07,326.45425
1697,79636280.0,yz,-39805.47,-8.558958e+07,326.45425
1698,79636280.0,zx,-34711.703,-8.558958e+07,326.45425
1699,79636280.0,zy,-39805.47,-8.558958e+07,326.45425
1700,79636280.0,zz,-9.366263e+07,-8.558958e+07,326.45425
1701,80136280.0,xx,-8.55485e+07,-8.5548344e+07,326.36884
1702,80136280.0,xy,-1.4407997e-10,-8.5548344e+07,326.36884
1703,80136280.0,xz,-33814.707,-8.5548344e+07,326.36884
1704,80136280.0,yx,-1.4407997e-10,-8.5548344e+07,326.36884
1705,80136280.0,yy,-8.5555016e+07,-8.5548344e+07,326.36884
1706,80136280.0,yz,-38855.293,-8.5548344e+07,326.36884
1707,80136280.0,zx,-33814.707,-8.5548344e+07,326.36884
1708,80136280.0,zy,-38855.293,-8.5548344e+07,326.36884
1709,80136280.0,zz,-9.365885e+07,-8.5548344e+07,326.36884
1710,80636280.0,xx,-8.559117e+07,-8.559102e+07,326.36884
1711,80636280.0,xy,-1.4313012e-10,-8.559102e+07,326.36884
1712,80636280.0,xz,-33461.055,-8.559102e+07,326.36884
1713,80636280.0,yx,-1.4313012e-10,-8.559102e+07,326.36884
1714,80636280.0,yy,-8.55976e+07,-8.559102e+07,326.36884
1715,80636280.0,yz,-38470.1,-8.559102e+07,326.36884
1716,80636280.0,zx,-33461.055,-8.559102e+07,326.36884
1717,80636280.0,zy,-38470.1,-8.559102e+07,326.36884
1718,80636280.0,zz,-9.366038e+07,-8.559102e+07,326.36884
1719,81136280.0,xx,-8.55505e+07,-8.555036e+07,326.2845
1720,81136280.0,xy,-1.4194547e-10,-8.555036e+07,326.2845
1721,81136280.0,xz,-32592.309,-8.555036e+07,326.2845
1722,81136280.0,yx,-1.4194547e-10,-8.555036e+07,326.2845
1723,81136280.0,yy,-8.5557016e+07,-8.555036e+07,326.2845
1724,81136280.0,yz,-37545.363,-8.555036e+07,326.2845
1725,81136280.0,zx,-32592.309,-8.555036e+07,326.2845
1726,81136280.0,zy,-37545.363,-8.555036e+07,326.2845
1727,81136280.0,zz,-9.365725e+07,-8.555036e+07,326.2845
1728,81636280.0,xx,-8.559267e+07,-8.559254e+07,326.2845
1729,81636280.0,xy,-1.4101484e-10,-8.559254e+07,326.2845
1730,81636280.0,xz,-32254.951,-8.559254e+07,326.2845
1731,81636280.0,yx,-1.4101484e-10,-8.559254e+07,326.2845
1732,81636280.0,yy,-8.5599096e+07,-8.559254e+07,326.2845
1733,81636280.0,yz,-37174.47,-8.559254e+07,326.2845
1734,81636280.0,zx,-32254.951,-8.559254e+07,326.2845
1735,81636280.0,zy,-37174.47,-8.559254e+07,326.2845
1736,81636280.0,zz,-9.365876e+07,-8.559254e+07,326.2845
1737,82136280.0,xx,-8.555276e+07,-8.555263e+07,326.20135
1738,82136280.0,xy,-1.3983029e-10,-8.555263e+07,326.20135
1739,82136280.0,xz,-31412.078,-8.555263e+07,326.20135
1740,82136280.0,yx,-1.3983029e-10,-8.555263e+07,326.20135
1741,82136280.0,yy,-8.5559e+07,-8.555263e+07,326.20135
1742,82136280.0,yz,-36274.297,-8.555263e+07,326.20135
1743,82136280.0,zx,-31412.078,-8.555263e+07,326.20135
1744,82136280.0,zy,-36274.297,-8.555263e+07,326.20135
1745,82136280.0,zz,-9.365553e+07,-8.555263e+07,326.20135
1746,82636280.0,xx,-8.559443e+07,-8.55943e+07,326.20135
1747,82636280.0,xy,-1.3891818e-10,-8.55943e+07,326.20135
1748,82636280.0,xz,-31090.207,-8.55943e+07,326.20135
1749,82636280.0,yx,-1.3891818e-10,-8.55943e+07,326.20135
1750,82636280.0,yy,-8.560058e+07,-8.55943e+07,326.20135
1751,82636280.0,yz,-35917.152,-8.55943e+07,326.20135
1752,82636280.0,zx,-31090.207,-8.55943e+07,326.20135
1753,82636280.0,zy,-35917.152,-8.55943e+07,326.20135
1754,82636280.0,zz,-9.365702e+07,-8.55943e+07,326.20135
1755,83136280.0,xx,-8.555521e+07,-8.555509e+07,326.11932
1756,83136280.0,xy,-1.3775116e-10,-8.555509e+07,326.11932
1757,83136280.0,xz,-30272.027,-8.555509e+07,326.11932
1758,83136280.0,yx,-1.3775116e-10,-8.555509e+07,326.11932
1759,83136280.0,yy,-8.556099e+07,-8.555509e+07,326.11932
1760,83136280.0,yz,-35040.54,-8.555509e+07,326.11932
1761,83136280.0,zx,-30272.027,-8.555509e+07,326.11932
1762,83136280.0,zy,-35040.54,-8.555509e+07,326.11932
1763,83136280.0,zz,-9.365365e+07,-8.555509e+07,326.11932
1764,83636280.0,xx,-8.559638e+07,-8.5596264e+07,326.11932
1765,83636280.0,xy,-1.368579e-10,-8.5596264e+07,326.11932
1766,83636280.0,xz,-29964.875,-8.5596264e+07,326.11932
1767,83636280.0,yx,-1.368579e-10,-8.5596264e+07,326.11932
1768,83636280.0,yy,-8.560207e+07,-8.5596264e+07,326.11932
1769,83636280.0,yz,-34696.68,-8.5596264e+07,326.11932
1770,83636280.0,zx,-29964.875,-8.5596264e+07,326.11932
1771,83636280.0,zy,-34696.68,-8.5596264e+07,326.11932
1772,83636280.0,zz,-9.365512e+07,-8.5596264e+07,326.11932
1773,84136280.0,xx,-8.555789e+07,-8.5557784e+07,326.03848
1774,84136280.0,xy,-1.356497e-10,-8.5557784e+07,326.03848
1775,84136280.0,xz,-29171.248,-8.5557784e+07,326.03848
1776,84136280.0,yx,-1.356497e-10,-8.5557784e+07,326.03848
1777,84136280.0,yy,-8.556297e+07,-8.5557784e+07,326.03848
1778,84136280.0,yz,-33843.508,-8.5557784e+07,326.03848
1779,84136280.0,zx,-29171.248,-8.5557784e+07,326.03848
1780,84136280.0,zy,-33843.508,-8.5557784e+07,326.03848
1781,84136280.0,zz,-9.365248e+07,-8.5557784e+07,326.03848
1782,84636280.0,xx,-8.55986e+07,-8.55985e+07,326.03848
1783,84636280.0,xy,-1.3477326e-10,-8.55985e+07,326.03848
1784,84636280.0,xz,-28877.863,-8.55985e+07,326.03848
1785,84636280.0,yx,-1.3477326e-10,-8.55985e+07,326.03848
1786,84636280.0,yy,-8.5603576e+07,-8.55985e+07,326.03848
1787,84636280.0,yz,-33512.176,-8.55985e+07,326.03848
1788,84636280.0,zx,-28877.863,-8.55985e+07,326.03848
1789,84636280.0,zy,-33512.176,-8.55985e+07,326.03848
1790,84636280.0,zz,-9.365393e+07,-8.55985e+07,326.03848
1791,85136280.0,xx,-8.5560744e+07,-8.556064e+07,325.95865
1792,85136280.0,xy,-1.3359341e-10,-8.556064e+07,325.95865
1793,85136280.0,xz,-28107.537,-8.556064e+07,325.95865
1794,85136280.0,yx,-1.3359341e-10,-8.556064e+07,325.95865
1795,85136280.0,yy,-8.556503e+07,-8.556064e+07,325.95865
1796,85136280.0,yz,-32681.092,-8.556064e+07,325.95865
1797,85136280.0,zx,-28107.537,-8.556064e+07,325.95865
1798,85136280.0,zy,-32681.092,-8.556064e+07,325.95865
1799,85136280.0,zz,-9.365123e+07,-8.556064e+07,325.95865
1800,85636280.0,xx,-8.560099e+07,-8.560089e+07,325.95865
1801,85636280.0,xy,-1.3273427e-10,-8.560089e+07,325.95865
1802,85636280.0,xz,-27827.268,-8.560089e+07,325.95865
1803,85636280.0,yx,-1.3273427e-10,-8.560089e+07,325.95865
1804,85636280.0,yy,-8.5605176e+07,-8.560089e+07,325.95865
1805,85636280.0,yz,-32361.871,-8.560089e+07,325.95865
1806,85636280.0,zx,-27827.268,-8.560089e+07,325.95865
1807,85636280.0,zy,-32361.871,-8.560089e+07,325.95865
1808,85636280.0,zz,-9.365266e+07,-8.560089e+07,325.95865
1809,86136280.0,xx,-8.556357e+07,-8.556347e+07,325.8799
1810,86136280.0,xy,-1.3160195e-10,-8.556347e+07,325.8799
1811,86136280.0,xz,-27078.217,-8.556347e+07,325.8799
1812,86136280.0,yx,-1.3160195e-10,-8.556347e+07,325.8799
1813,86136280.0,yy,-8.556736e+07,-8.556347e+07,325.8799
1814,86136280.0,yz,-31552.248,-8.556347e+07,325.8799
1815,86136280.0,zx,-27078.217,-8.556347e+07,325.8799
1816,86136280.0,zy,-31552.248,-8.556347e+07,325.8799
1817,86136280.0,zz,-9.364994e+07,-8.556347e+07,325.8799
1818,86636280.0,xx,-8.560335e+07,-8.560326e+07,325.8799
1819,86636280.0,xy,-1.3075999e-10,-8.560326e+07,325.8799
1820,86636280.0,xz,-26810.41,-8.560326e+07,325.8799
1821,86636280.0,yx,-1.3075999e-10,-8.560326e+07,325.8799
1822,86636280.0,yy,-8.560705e+07,-8.560326e+07,325.8799
1823,86636280.0,yz,-31244.686,-8.560326e+07,325.8799
1824,86636280.0,zx,-26810.41,-8.560326e+07,325.8799
1825,86636280.0,zy,-31244.686,-8.560326e+07,325.8799
1826,86636280.0,zz,-9.365134e+07,-8.560326e+07,325.8799
1827,87136280.0,xx,-8.556628e+07,-8.556619e+07,325.80228
1828,87136280.0,xy,-1.2966771e-10,-8.556619e+07,325.80228
1829,87136280.0,xz,-26082.47,-8.556619e+07,325.80228
1830,87136280.0,yx,-1.2966771e-10,-8.556619e+07,325.80228
1831,87136280.0,yy,-8.557003e+07,-8.556619e+07,325.80228
1832,87136280.0,yz,-30456.062,-8.556619e+07,325.80228
1833,87136280.0,zx,-26082.47,-8.556619e+07,325.80228
1834,87136280.0,zy,-30456.062,-8.556619e+07,325.80228
1835,87136280.0,zz,-9.364906e+07,-8.556619e+07,325.80228
1836,87636280.0,xx,-8.560563e+07,-8.5605544e+07,325.80228
1837,87636280.0,xy,-1.2884267e-10,-8.5605544e+07,325.80228
1838,87636280.0,xz,-25826.432,-8.5605544e+07,325.80228
1839,87636280.0,yx,-1.2884267e-10,-8.5605544e+07,325.80228
1840,87636280.0,yy,-8.560928e+07,-8.5605544e+07,325.80228
1841,87636280.0,yz,-30159.604,-8.5605544e+07,325.80228
1842,87636280.0,zx,-25826.432,-8.5605544e+07,325.80228
1843,87636280.0,zy,-30159.604,-8.5605544e+07,325.80228
1844,87636280.0,zz,-9.365044e+07,-8.5605544e+07,325.80228
1845,88136280.0,xx,-8.55691e+07,-8.556902e+07,325.72552
1846,88136280.0,xy,-1.2779582e-10,-8.556902e+07,325.72552
1847,88136280.0,xz,-25118.299,-8.556902e+07,325.72552
1848,88136280.0,yx,-1.2779582e-10,-8.556902e+07,325.72552
1849,88136280.0,yy,-8.557282e+07,-8.556902e+07,325.72552
1850,88136280.0,yz,-29389.78,-8.556902e+07,325.72552
1851,88136280.0,zx,-25118.299,-8.556902e+07,325.72552
1852,88136280.0,zy,-29389.78,-8.556902e+07,325.72552
1853,88136280.0,zz,-9.3647896e+07,-8.556902e+07,325.72552
1854,88636280.0,xx,-8.560801e+07,-8.560793e+07,325.72552
1855,88636280.0,xy,-1.2698766e-10,-8.560793e+07,325.72552
1856,88636280.0,xz,-24873.496,-8.560793e+07,325.72552
1857,88636280.0,yx,-1.2698766e-10,-8.560793e+07,325.72552
1858,88636280.0,yy,-8.5611624e+07,-8.560793e+07,325.72552
1859,88636280.0,yz,-29104.107,-8.560793e+07,325.72552
1860,88636280.0,zx,-24873.496,-8.560793e+07,325.72552
1861,88636280.0,zy,-29104.107,-8.560793e+07,325.72552
1862,88636280.0,zz,-9.3649256e+07,-8.560793e+07,325.72552
1863,89136280.0,xx,-8.557194e+07,-8.557186e+07,325.6499
1864,89136280.0,xy,-1.2591943e-10,-8.557186e+07,325.6499
1865,89136280.0,xz,-24185.021,-8.557186e+07,325.6499
1866,89136280.0,yx,-1.2591943e-10,-8.557186e+07,325.6499
1867,89136280.0,yy,-8.557557e+07,-8.557186e+07,325.6499
1868,89136280.0,yz,-28354.482,-8.557186e+07,325.6499
1869,89136280.0,zx,-24185.021,-8.557186e+07,325.6499
1870,89136280.0,zy,-28354.482,-8.557186e+07,325.6499
1871,89136280.0,zz,-9.36471e+07,-8.557186e+07,325.6499
1872,89636280.0,xx,-8.56104e+07,-8.561033e+07,325.6499
1873,89636280.0,xy,-1.2512721e-10,-8.561033e+07,325.6499
1874,89636280.0,xz,-23950.826,-8.561033e+07,325.6499
1875,89636280.0,yx,-1.2512721e-10,-8.561033e+07,325.6499
1876,89636280.0,yy,-8.561395e+07,-8.561033e+07,325.6499
1877,89636280.0,yz,-28079.043,-8.561033e+07,325.6499
1878,89636280.0,zx,-23950.826,-8.561033e+07,325.6499
1879,89636280.0,zy,-28079.043,-8.561033e+07,325.6499
1880,89636280.0,zz,-9.364843e+07,-8.561033e+07,325.6499
1881,90136280.0,xx,-8.557511e+07,-8.557505e+07,325.57516
1882,90136280.0,xy,-1.2403835e-10,-8.557505e+07,325.57516
1883,90136280.0,xz,-23279.938,-8.557505e+07,325.57516
1884,90136280.0,yx,-1.2403835e-10,-8.557505e+07,325.57516
1885,90136280.0,yy,-8.5578136e+07,-8.557505e+07,325.57516
1886,90136280.0,yz,-27347.02,-8.557505e+07,325.57516
1887,90136280.0,zx,-23279.938,-8.557505e+07,325.57516
1888,90136280.0,zy,-27347.02,-8.557505e+07,325.57516
1889,90136280.0,zz,-9.364619e+07,-8.557505e+07,325.57516
1890,90636280.0,xx,-8.561316e+07,-8.5613096e+07,325.57516
1891,90636280.0,xy,-1.232609e-10,-8.5613096e+07,325.57516
1892,90636280.0,xz,-23055.828,-8.5613096e+07,325.57516
1893,90636280.0,yx,-1.232609e-10,-8.5613096e+07,325.57516
1894,90636280.0,yy,-8.561609e+07,-8.5613096e+07,325.57516
1895,90636280.0,yz,-27081.479,-8.5613096e+07,325.57516
1896,90636280.0,zx,-23055.828,-8.5613096e+07,325.57516
1897,90636280.0,zy,-27081.479,-8.5613096e+07,325.57516
1898,90636280.0,zz,-9.36475e+07,-8.5613096e+07,325.57516
1899,91136280.0,xx,-8.557819e+07,-8.557813e+07,325.50143
1900,91136280.0,xy,-1.222242e-10,-8.557813e+07,325.50143
1901,91136280.0,xz,-22403.338,-8.557813e+07,325.50143
1902,91136280.0,yx,-1.222242e-10,-8.557813e+07,325.50143
1903,91136280.0,yy,-8.558112e+07,-8.557813e+07,325.50143
1904,91136280.0,yz,-26368.229,-8.557813e+07,325.50143
1905,91136280.0,zx,-22403.338,-8.557813e+07,325.50143
1906,91136280.0,zy,-26368.229,-8.557813e+07,325.50143
1907,91136280.0,zz,-9.364572e+07,-8.557813e+07,325.50143
1908,91636280.0,xx,-8.561584e+07,-8.561578e+07,325.50143
1909,91636280.0,xy,-1.2146179e-10,-8.561578e+07,325.50143
1910,91636280.0,xz,-22188.764,-8.561578e+07,325.50143
1911,91636280.0,yx,-1.2146179e-10,-8.561578e+07,325.50143
1912,91636280.0,yy,-8.561867e+07,-8.561578e+07,325.50143
1913,91636280.0,yz,-26112.158,-8.561578e+07,325.50143
1914,91636280.0,zx,-22188.764,-8.561578e+07,325.50143
1915,91636280.0,zy,-26112.158,-8.561578e+07,325.50143
1916,91636280.0,zz,-9.364701e+07,-8.561578e+07,325.50143
1917,92136280.0,xx,-8.558098e+07,-8.558092e+07,325.4286
1918,92136280.0,xy,-1.20502e-10,-8.558092e+07,325.4286
1919,92136280.0,xz,-21552.334,-8.558092e+07,325.4286
1920,92136280.0,yx,-1.20502e-10,-8.558092e+07,325.4286
1921,92136280.0,yy,-8.558451e+07,-8.558092e+07,325.4286
1922,92136280.0,yz,-25415.195,-8.558092e+07,325.4286
1923,92136280.0,zx,-21552.334,-8.558092e+07,325.4286
1924,92136280.0,zy,-25415.195,-8.558092e+07,325.4286
1925,92136280.0,zz,-9.364533e+07,-8.558092e+07,325.4286
1926,92636280.0,xx,-8.5618216e+07,-8.561816e+07,325.4286
1927,92636280.0,xy,-1.197546e-10,-8.561816e+07,325.4286
1928,92636280.0,xz,-21346.83,-8.561816e+07,325.4286
1929,92636280.0,yx,-1.197546e-10,-8.561816e+07,325.4286
1930,92636280.0,yy,-8.562167e+07,-8.561816e+07,325.4286
1931,92636280.0,yz,-25168.186,-8.561816e+07,325.4286
1932,92636280.0,zx,-21346.83,-8.561816e+07,325.4286
1933,92636280.0,zy,-25168.186,-8.561816e+07,325.4286
1934,92636280.0,zz,-9.36466e+07,-8.561816e+07,325.4286
1935,93136280.0,xx,-8.558435e+07,-8.5584296e+07,325.35666
1936,93136280.0,xy,-1.1880717e-10,-8.5584296e+07,325.35666
1937,93136280.0,xz,-20727.465,-8.5584296e+07,325.35666
1938,93136280.0,yx,-1.1880717e-10,-8.5584296e+07,325.35666
1939,93136280.0,yy,-8.5587544e+07,-8.5584296e+07,325.35666
1940,93136280.0,yz,-24487.832,-8.5584296e+07,325.35666
1941,93136280.0,zx,-20727.465,-8.5584296e+07,325.35666
1942,93136280.0,zy,-24487.832,-8.5584296e+07,325.35666
1943,93136280.0,zz,-9.364324e+07,-8.5584296e+07,325.35666
1944,93636280.0,xx,-8.562114e+07,-8.562108e+07,325.35666
1945,93636280.0,xy,-1.1807506e-10,-8.562108e+07,325.35666
1946,93636280.0,xz,-20530.938,-8.562108e+07,325.35666
1947,93636280.0,yx,-1.1807506e-10,-8.562108e+07,325.35666
1948,93636280.0,yy,-8.562425e+07,-8.562108e+07,325.35666
1949,93636280.0,yz,-24249.953,-8.562108e+07,325.35666
1950,93636280.0,zx,-20530.938,-8.562108e+07,325.35666
1951,93636280.0,zy,-24249.953,-8.562108e+07,325.35666
1952,93636280.0,zz,-9.364449e+07,-8.562108e+07,325.35666
1953,94136280.0,xx,-8.558762e+07,-8.558757e+07,325.28564
1954,94136280.0,xy,-1.1710527e-10,-8.558757e+07,325.28564
1955,94136280.0,xz,-19928.184,-8.558757e+07,325.28564
1956,94136280.0,yx,-1.1710527e-10,-8.558757e+07,325.28564
1957,94136280.0,yy,-8.559065e+07,-8.558757e+07,325.28564
1958,94136280.0,yz,-23587.094,-8.558757e+07,325.28564
1959,94136280.0,zx,-19928.184,-8.558757e+07,325.28564
1960,94136280.0,zy,-23587.094,-8.558757e+07,325.28564
1961,94136280.0,zz,-9.364239e+07,-8.558757e+07,325.28564
1962,94636280.0,xx,-8.5624e+07,-8.562395e+07,325.28564
1963,94636280.0,xy,-1.163877e-10,-8.562395e+07,325.28564
1964,94636280.0,xz,-19739.951,-8.562395e+07,325.28564
1965,94636280.0,yx,-1.163877e-10,-8.562395e+07,325.28564
1966,94636280.0,yy,-8.562696e+07,-8.562395e+07,325.28564
1967,94636280.0,yz,-23357.71,-8.562395e+07,325.28564
1968,94636280.0,zx,-19739.951,-8.562395e+07,325.28564
1969,94636280.0,zy,-23357.71,-8.562395e+07,325.28564
1970,94636280.0,zz,-9.3643624e+07,-8.562395e+07,325.28564
1971,95136280.0,xx,-8.559116e+07,-8.559111e+07,325.2155
1972,95136280.0,xy,-1.1542117e-10,-8.559111e+07,325.2155
1973,95136280.0,xz,-19151.98,-8.559111e+07,325.2155
1974,95136280.0,yx,-1.1542117e-10,-8.559111e+07,325.2155
1975,95136280.0,yy,-8.559368e+07,-8.559111e+07,325.2155
1976,95136280.0,yz,-22710.729,-8.559111e+07,325.2155
1977,95136280.0,zx,-19151.98,-8.559111e+07,325.2155
1978,95136280.0,zy,-22710.729,-8.559111e+07,325.2155
1979,95136280.0,zz,-9.364119e+07,-8.559111e+07,325.2155
1980,95636280.0,xx,-8.5627144e+07,-8.5627096e+07,325.2155
1981,95636280.0,xy,-1.147176e-10,-8.5627096e+07,325.2155
1982,95636280.0,xz,-18971.703,-8.5627096e+07,325.2155
1983,95636280.0,yx,-1.147176e-10,-8.5627096e+07,325.2155
1984,95636280.0,yy,-8.562958e+07,-8.5627096e+07,325.2155
1985,95636280.0,yz,-22489.61,-8.5627096e+07,325.2155
1986,95636280.0,zx,-18971.703,-8.5627096e+07,325.2155
1987,95636280.0,zy,-22489.61,-8.5627096e+07,325.2155
1988,95636280.0,zz,-9.36424e+07,-8.5627096e+07,325.2155
1989,96136280.0,xx,-8.5594504e+07,-8.5594456e+07,325.14618
1990,96136280.0,xy,-1.13790755e-10,-8.5594456e+07,325.14618
1991,96136280.0,xz,-18398.504,-8.5594456e+07,325.14618
1992,96136280.0,yx,-1.13790755e-10,-8.5594456e+07,325.14618
1993,96136280.0,yy,-8.559691e+07,-8.5594456e+07,325.14618
1994,96136280.0,yz,-21857.627,-8.5594456e+07,325.14618
1995,96136280.0,zx,-18398.504,-8.5594456e+07,325.14618
1996,96136280.0,zy,-21857.627,-8.5594456e+07,325.14618
1997,96136280.0,zz,-9.364037e+07,-8.5594456e+07,325.14618
1998,96636280.0,xx,-8.56301e+07,-8.5630056e+07,325.14618
1999,96636280.0,xy,-1.1310082e-10,-8.5630056e+07,325.14618
2000,96636280.0,xz,-18225.734,-8.5630056e+07,325.14618
2001,96636280.0,yx,-1.1310082e-10,-8.5630056e+07,325.14618
2002,96636280.0,yy,-8.5632424e+07,-8.5630056e+07,325.14618
2003,96636280.0,yz,-21644.37,-8.5630056e+07,325.14618
2004,96636280.0,zx,-18225.734,-8.5630056e+07,325.14618
2005,96636280.0,zy,-21644.37,-8.5630056e+07,325.14618
2006,96636280.0,zz,-9.364155e+07,-8.5630056e+07,325.14618
2007,97136280.0,xx,-8.559766e+07,-8.5597624e+07,325.07773
2008,97136280.0,xy,-1.12254164e-10,-8.5597624e+07,325.07773
2009,97136280.0,xz,-17665.74,-8.5597624e+07,325.07773
2010,97136280.0,yx,-1.12254164e-10,-8.5597624e+07,325.07773
2011,97136280.0,yy,-8.560049e+07,-8.5597624e+07,325.07773
2012,97136280.0,yz,-21026.518,-8.5597624e+07,325.07773
2013,97136280.0,zx,-17665.74,-8.5597624e+07,325.07773
2014,97136280.0,zy,-21026.518,-8.5597624e+07,325.07773
2015,97136280.0,zz,-9.3639176e+07,-8.5597624e+07,325.07773
2016,97636280.0,xx,-8.5632856e+07,-8.563282e+07,325.07773
2017,97636280.0,xy,-1.1157885e-10,-8.563282e+07,325.07773
2018,97636280.0,xz,-17500.203,-8.563282e+07,325.07773
2019,97636280.0,yx,-1.1157885e-10,-8.563282e+07,325.07773
2020,97636280.0,yy,-8.563562e+07,-8.563282e+07,325.07773
2021,97636280.0,yz,-20820.863,-8.563282e+07,325.07773
2022,97636280.0,zx,-17500.203,-8.563282e+07,325.07773
2023,97636280.0,zy,-20820.863,-8.563282e+07,325.07773
2024,97636280.0,zz,-9.3640344e+07,-8.563282e+07,325.07773
2025,98136280.0,xx,-8.560109e+07,-8.560105e+07,325.0101
2026,98136280.0,xy,-1.1074237e-10,-8.560105e+07,325.0101
2027,98136280.0,xz,-16955.332,-8.560105e+07,325.0101
2028,98136280.0,yx,-1.1074237e-10,-8.560105e+07,325.0101
2029,98136280.0,yy,-8.56039e+07,-8.560105e+07,325.0101
2030,98136280.0,yz,-20218.64,-8.560105e+07,325.0101
2031,98136280.0,zx,-16955.332,-8.560105e+07,325.0101
2032,98136280.0,zy,-20218.64,-8.560105e+07,325.0101
2033,98136280.0,zz,-9.36374e+07,-8.560105e+07,325.0101
2034,98636280.0,xx,-8.563588e+07,-8.563584e+07,325.0101
2035,98636280.0,xy,-1.1008129e-10,-8.563584e+07,325.0101
2036,98636280.0,xz,-16796.775,-8.563584e+07,325.0101
2037,98636280.0,yx,-1.1008129e-10,-8.563584e+07,325.0101
2038,98636280.0,yy,-8.563863e+07,-8.563584e+07,325.0101
2039,98636280.0,yz,-20020.447,-8.563584e+07,325.0101
2040,98636280.0,zx,-16796.775,-8.563584e+07,325.0101
2041,98636280.0,zy,-20020.447,-8.563584e+07,325.0101
2042,98636280.0,zz,-9.363854e+07,-8.563584e+07,325.0101
2043,99136280.0,xx,-8.560461e+07,-8.560458e+07,324.94327
2044,99136280.0,xy,-1.0915535e-10,-8.560458e+07,324.94327
2045,99136280.0,xz,-16263.329,-8.560458e+07,324.94327
2046,99136280.0,yx,-1.0915535e-10,-8.560458e+07,324.94327
2047,99136280.0,yy,-8.5607016e+07,-8.560458e+07,324.94327
2048,99136280.0,yz,-19430.234,-8.560458e+07,324.94327
2049,99136280.0,zx,-16263.329,-8.560458e+07,324.94327
2050,99136280.0,zy,-19430.234,-8.560458e+07,324.94327
2051,99136280.0,zz,-9.363688e+07,-8.560458e+07,324.94327
2052,99636280.0,xx,-8.563904e+07,-8.563901e+07,324.94327
2053,99636280.0,xy,-1.0850654e-10,-8.563901e+07,324.94327
2054,99636280.0,xz,-16111.202,-8.563901e+07,324.94327
2055,99636280.0,yx,-1.0850654e-10,-8.563901e+07,324.94327
2056,99636280.0,yy,-8.564139e+07,-8.563901e+07,324.94327
2057,99636280.0,yz,-19238.908,-8.563901e+07,324.94327
2058,99636280.0,zx,-16111.202,-8.563901e+07,324.94327
2059,99636280.0,zy,-19238.908,-8.563901e+07,324.94327
2060,99636280.0,zz,-9.363801e+07,-8.563901e+07,324.94327
