,time,ten9_comp,Total Stress,S3 Magnitude,Pressure,Temperature
0,-1.0,xx,-7.837356e+07,-7.837356e+07,6.003866e+07,345.83
1,-1.0,xy,4.2403533e-10,-7.837356e+07,6.003866e+07,345.83
2,-1.0,xz,0.0125584435,-7.837356e+07,6.003866e+07,345.83
3,-1.0,yx,4.2403533e-10,-7.837356e+07,6.003866e+07,345.83
4,-1.0,yy,-7.837361e+07,-7.837356e+07,6.003866e+07,345.83
5,-1.0,yz,-0.0068729636,-7.837356e+07,6.003866e+07,345.83
6,-1.0,zx,0.0125584435,-7.837356e+07,6.003866e+07,345.83
7,-1.0,zy,-0.0068729636,-7.837356e+07,6.003866e+07,345.83
8,-1.0,zz,-9.765239e+07,-7.837356e+07,6.003866e+07,345.83
9,10.0,xx,-7.837356e+07,-7.837356e+07,6.003866e+07,345.83
10,10.0,xy,4.2403533e-10,-7.837356e+07,6.003866e+07,345.83
11,10.0,xz,0.01255844,-7.837356e+07,6.003866e+07,345.83
12,10.0,yx,4.2403533e-10,-7.837356e+07,6.003866e+07,345.83
13,10.0,yy,-7.837361e+07,-7.837356e+07,6.003866e+07,345.83
14,10.0,yz,-0.0068729687,-7.837356e+07,6.003866e+07,345.83
15,10.0,zx,0.01255844,-7.837356e+07,6.003866e+07,345.83
16,10.0,zy,-0.0068729687,-7.837356e+07,6.003866e+07,345.83
17,10.0,zz,-9.765239e+07,-7.837356e+07,6.003866e+07,345.83
18,25.0,xx,-7.837356e+07,-7.837356e+07,6.003866e+07,345.83
19,25.0,xy,4.2403533e-10,-7.837356e+07,6.003866e+07,345.83
20,25.0,xz,0.012558435,-7.837356e+07,6.003866e+07,345.83
21,25.0,yx,4.2403533e-10,-7.837356e+07,6.003866e+07,345.83
22,25.0,yy,-7.837361e+07,-7.837356e+07,6.003866e+07,345.83
23,25.0,yz,-0.0068729674,-7.837356e+07,6.003866e+07,345.83
24,25.0,zx,0.012558435,-7.837356e+07,6.003866e+07,345.83
25,25.0,zy,-0.0068729674,-7.837356e+07,6.003866e+07,345.83
26,25.0,zz,-9.765239e+07,-7.837356e+07,6.003866e+07,345.83
27,47.5,xx,-7.837356e+07,-7.837356e+07,6.003866e+07,345.83
28,47.5,xy,4.2403533e-10,-7.837356e+07,6.003866e+07,345.83
29,47.5,xz,0.012558438,-7.837356e+07,6.003866e+07,345.83
30,47.5,yx,4.2403533e-10,-7.837356e+07,6.003866e+07,345.83
31,47.5,yy,-7.837361e+07,-7.837356e+07,6.003866e+07,345.83
32,47.5,yz,-0.0068729646,-7.837356e+07,6.003866e+07,345.83
33,47.5,zx,0.012558438,-7.837356e+07,6.003866e+07,345.83
34,47.5,zy,-0.0068729646,-7.837356e+07,6.003866e+07,345.83
35,47.5,zz,-9.765239e+07,-7.837356e+07,6.003866e+07,345.83
36,81.25,xx,-7.885291e+07,-7.884743e+07,6.278456e+07,345.90668
37,81.25,xy,4.919059e-10,-7.884743e+07,6.278456e+07,345.90668
38,81.25,xz,-694.201,-7.884743e+07,6.278456e+07,345.90668
39,81.25,yx,4.919059e-10,-7.884743e+07,6.278456e+07,345.90668
40,81.25,yy,-7.884743e+07,-7.884743e+07,6.278456e+07,345.90668
41,81.25,yz,1526.5144,-7.884743e+07,6.278456e+07,345.90668
42,81.25,zx,-694.201,-7.884743e+07,6.278456e+07,345.90668
43,81.25,zy,1526.5144,-7.884743e+07,6.278456e+07,345.90668
44,81.25,zz,-9.837035e+07,-7.884743e+07,6.278456e+07,345.90668
45,131.875,xx,-7.899528e+07,-7.899524e+07,6.3609876e+07,345.92773
46,131.875,xy,5.116808e-10,-7.899524e+07,6.3609876e+07,345.92773
47,131.875,xz,3796.0813,-7.899524e+07,6.3609876e+07,345.92773
48,131.875,yx,5.116808e-10,-7.899524e+07,6.3609876e+07,345.92773
49,131.875,yy,-7.899525e+07,-7.899524e+07,6.3609876e+07,345.92773
50,131.875,yz,4001.2383,-7.899524e+07,6.3609876e+07,345.92773
51,131.875,zx,3796.0813,-7.899524e+07,6.3609876e+07,345.92773
52,131.875,zy,4001.2383,-7.899524e+07,6.3609876e+07,345.92773
53,131.875,zz,-9.858329e+07,-7.899524e+07,6.3609876e+07,345.92773
54,207.8125,xx,-7.899528e+07,-7.899524e+07,6.3609876e+07,345.92773
55,207.8125,xy,5.116808e-10,-7.899524e+07,6.3609876e+07,345.92773
56,207.8125,xz,3796.0813,-7.899524e+07,6.3609876e+07,345.92773
57,207.8125,yx,5.116808e-10,-7.899524e+07,6.3609876e+07,345.92773
58,207.8125,yy,-7.899525e+07,-7.899524e+07,6.3609876e+07,345.92773
59,207.8125,yz,4001.2383,-7.899524e+07,6.3609876e+07,345.92773
60,207.8125,zx,3796.0813,-7.899524e+07,6.3609876e+07,345.92773
61,207.8125,zy,4001.2383,-7.899524e+07,6.3609876e+07,345.92773
62,207.8125,zz,-9.858329e+07,-7.899524e+07,6.3609876e+07,345.92773
63,321.71875,xx,-7.906971e+07,-7.906971e+07,6.430403e+07,345.94043
64,321.71875,xy,5.301307e-10,-7.906971e+07,6.430403e+07,345.94043
65,321.71875,xz,5439.6504,-7.906971e+07,6.430403e+07,345.94043
66,321.71875,yx,5.301307e-10,-7.906971e+07,6.430403e+07,345.94043
67,321.71875,yy,-7.907086e+07,-7.906971e+07,6.430403e+07,345.94043
68,321.71875,yz,6204.8315,-7.906971e+07,6.430403e+07,345.94043
69,321.71875,zx,5439.6504,-7.906971e+07,6.430403e+07,345.94043
70,321.71875,zy,6204.8315,-7.906971e+07,6.430403e+07,345.94043
71,321.71875,zz,-9.874693e+07,-7.906971e+07,6.430403e+07,345.94043
72,492.578125,xx,-7.9158616e+07,-7.914482e+07,6.5157244e+07,345.9573
73,492.578125,xy,5.531754e-10,-7.914482e+07,6.5157244e+07,345.9573
74,492.578125,xz,-2957.688,-7.914482e+07,6.5157244e+07,345.9573
75,492.578125,yx,5.531754e-10,-7.914482e+07,6.5157244e+07,345.9573
76,492.578125,yy,-7.914482e+07,-7.914482e+07,6.5157244e+07,345.9573
77,492.578125,yz,2906.478,-7.914482e+07,6.5157244e+07,345.9573
78,492.578125,zx,-2957.688,-7.914482e+07,6.5157244e+07,345.9573
79,492.578125,zy,2906.478,-7.914482e+07,6.5157244e+07,345.9573
80,492.578125,zz,-9.891432e+07,-7.914482e+07,6.5157244e+07,345.9573
81,748.8671875,xx,-7.9259784e+07,-7.9239096e+07,6.5446412e+07,345.9635
82,748.8671875,xy,5.585281e-10,-7.9239096e+07,6.5446412e+07,345.9635
83,748.8671875,xz,-4404.297,-7.9239096e+07,6.5446412e+07,345.9635
84,748.8671875,yx,5.585281e-10,-7.9239096e+07,6.5446412e+07,345.9635
85,748.8671875,yy,-7.9239096e+07,-7.9239096e+07,6.5446412e+07,345.9635
86,748.8671875,yz,795.4809,-7.9239096e+07,6.5446412e+07,345.9635
87,748.8671875,zx,-4404.297,-7.9239096e+07,6.5446412e+07,345.9635
88,748.8671875,zy,795.4809,-7.9239096e+07,6.5446412e+07,345.9635
89,748.8671875,zz,-9.900157e+07,-7.9239096e+07,6.5446412e+07,345.9635
90,1133.30078125,xx,-7.938262e+07,-7.936341e+07,6.5763628e+07,345.98837
91,1133.30078125,xy,5.6341887e-10,-7.936341e+07,6.5763628e+07,345.98837
92,1133.30078125,xz,-4479.987,-7.936341e+07,6.5763628e+07,345.98837
93,1133.30078125,yx,5.6341887e-10,-7.936341e+07,6.5763628e+07,345.98837
94,1133.30078125,yy,-7.936341e+07,-7.936341e+07,6.5763628e+07,345.98837
95,1133.30078125,yz,211.1737,-7.936341e+07,6.5763628e+07,345.98837
96,1133.30078125,zx,-4479.987,-7.936341e+07,6.5763628e+07,345.98837
97,1133.30078125,zy,211.1737,-7.936341e+07,6.5763628e+07,345.98837
98,1133.30078125,zz,-9.907515e+07,-7.936341e+07,6.5763628e+07,345.98837
99,1709.951171875,xx,-7.948284e+07,-7.946925e+07,6.602247e+07,346.0132
100,1709.951171875,xy,5.6729893e-10,-7.946925e+07,6.602247e+07,346.0132
101,1709.951171875,xz,-3799.4543,-7.946925e+07,6.602247e+07,346.0132
102,1709.951171875,yx,5.6729893e-10,-7.946925e+07,6.602247e+07,346.0132
103,1709.951171875,yy,-7.946925e+07,-7.946925e+07,6.602247e+07,346.0132
104,1709.951171875,yz,804.96643,-7.946925e+07,6.602247e+07,346.0132
105,1709.951171875,zx,-3799.4543,-7.946925e+07,6.602247e+07,346.0132
106,1709.951171875,zy,804.96643,-7.946925e+07,6.602247e+07,346.0132
107,1709.951171875,zz,-9.912828e+07,-7.946925e+07,6.602247e+07,346.0132
108,2574.9267578125,xx,-7.9536776e+07,-7.952528e+07,6.6201984e+07,346.00537
109,2574.9267578125,xy,5.6914967e-10,-7.952528e+07,6.6201984e+07,346.00537
110,2574.9267578125,xz,-3189.8894,-7.952528e+07,6.6201984e+07,346.00537
111,2574.9267578125,yx,5.6914967e-10,-7.952528e+07,6.6201984e+07,346.00537
112,2574.9267578125,yy,-7.952528e+07,-7.952528e+07,6.6201984e+07,346.00537
113,2574.9267578125,yz,1464.9568,-7.952528e+07,6.6201984e+07,346.00537
114,2574.9267578125,zx,-3189.8894,-7.952528e+07,6.6201984e+07,346.00537
115,2574.9267578125,zy,1464.9568,-7.952528e+07,6.6201984e+07,346.00537
116,2574.9267578125,zz,-9.912842e+07,-7.952528e+07,6.6201984e+07,346.00537
117,3872.39013671875,xx,-7.9534984e+07,-7.952438e+07,6.6391348e+07,345.86926
118,3872.39013671875,xy,5.7130745e-10,-7.952438e+07,6.6391348e+07,345.86926
119,3872.39013671875,xz,-2996.1604,-7.952438e+07,6.6391348e+07,345.86926
120,3872.39013671875,yx,5.7130745e-10,-7.952438e+07,6.6391348e+07,345.86926
121,3872.39013671875,yy,-7.952438e+07,-7.952438e+07,6.6391348e+07,345.86926
122,3872.39013671875,yz,1734.2362,-7.952438e+07,6.6391348e+07,345.86926
123,3872.39013671875,zx,-2996.1604,-7.952438e+07,6.6391348e+07,345.86926
124,3872.39013671875,zy,1734.2362,-7.952438e+07,6.6391348e+07,345.86926
125,3872.39013671875,zz,-9.907319e+07,-7.952438e+07,6.6391348e+07,345.86926
126,5818.5849609375,xx,-7.9335896e+07,-7.932685e+07,6.6544812e+07,345.27612
127,5818.5849609375,xy,5.7230964e-10,-7.932685e+07,6.6544812e+07,345.27612
128,5818.5849609375,xz,-2671.3223,-7.932685e+07,6.6544812e+07,345.27612
129,5818.5849609375,yx,5.7230964e-10,-7.932685e+07,6.6544812e+07,345.27612
130,5818.5849609375,yy,-7.932685e+07,-7.932685e+07,6.6544812e+07,345.27612
131,5818.5849609375,yz,1901.2094,-7.932685e+07,6.6544812e+07,345.27612
132,5818.5849609375,zx,-2671.3223,-7.932685e+07,6.6544812e+07,345.27612
133,5818.5849609375,zy,1901.2094,-7.932685e+07,6.6544812e+07,345.27612
134,5818.5849609375,zz,-9.88128e+07,-7.932685e+07,6.6544812e+07,345.27612
135,8737.8779296875,xx,-7.925059e+07,-7.923991e+07,6.6672584e+07,343.4874
136,8737.8779296875,xy,5.4187727e-10,-7.923991e+07,6.6672584e+07,343.4874
137,8737.8779296875,xz,-3908.074,-7.923991e+07,6.6672584e+07,343.4874
138,8737.8779296875,yx,5.4187727e-10,-7.923991e+07,6.6672584e+07,343.4874
139,8737.8779296875,yy,-7.923991e+07,-7.923991e+07,6.6672584e+07,343.4874
140,8737.8779296875,yz,-3288.53,-7.923991e+07,6.6672584e+07,343.4874
141,8737.8779296875,zx,-3908.074,-7.923991e+07,6.6672584e+07,343.4874
142,8737.8779296875,zy,-3288.53,-7.923991e+07,6.6672584e+07,343.4874
143,8737.8779296875,zz,-9.8582056e+07,-7.923991e+07,6.6672584e+07,343.4874
144,13116.81640625,xx,-7.877336e+07,-7.874743e+07,6.681583e+07,339.49835
145,13116.81640625,xy,4.811058e-10,-7.874743e+07,6.681583e+07,339.49835
146,13116.81640625,xz,-10654.959,-7.874743e+07,6.681583e+07,339.49835
147,13116.81640625,yx,4.811058e-10,-7.874743e+07,6.681583e+07,339.49835
148,13116.81640625,yy,-7.874744e+07,-7.874743e+07,6.681583e+07,339.49835
149,13116.81640625,yz,-10417.721,-7.874743e+07,6.681583e+07,339.49835
150,13116.81640625,zx,-10654.959,-7.874743e+07,6.681583e+07,339.49835
151,13116.81640625,zy,-10417.721,-7.874743e+07,6.681583e+07,339.49835
152,13116.81640625,zz,-9.772354e+07,-7.874743e+07,6.681583e+07,339.49835
153,19685.224609375,xx,-7.742311e+07,-7.738905e+07,6.7022064e+07,328.53027
154,19685.224609375,xy,3.1592362e-10,-7.738905e+07,6.7022064e+07,328.53027
155,19685.224609375,xz,-26353.484,-7.738905e+07,6.7022064e+07,328.53027
156,19685.224609375,yx,3.1592362e-10,-7.738905e+07,6.7022064e+07,328.53027
157,19685.224609375,yy,-7.7389096e+07,-7.738905e+07,6.7022064e+07,328.53027
158,19685.224609375,yz,-28981.393,-7.738905e+07,6.7022064e+07,328.53027
159,19685.224609375,zx,-26353.484,-7.738905e+07,6.7022064e+07,328.53027
160,19685.224609375,zy,-28981.393,-7.738905e+07,6.7022064e+07,328.53027
161,19685.224609375,zz,-9.547391e+07,-7.738905e+07,6.7022064e+07,328.53027
162,29537.837890625,xx,-7.644353e+07,-7.640261e+07,6.719224e+07,320.0436
163,29537.837890625,xy,1.859882e-10,-7.640261e+07,6.719224e+07,320.0436
164,29537.837890625,xz,-37435.36,-7.640261e+07,6.719224e+07,320.0436
165,29537.837890625,yx,1.859882e-10,-7.640261e+07,6.719224e+07,320.0436
166,29537.837890625,yy,-7.640271e+07,-7.640261e+07,6.719224e+07,320.0436
167,29537.837890625,yz,-42241.074,-7.640261e+07,6.719224e+07,320.0436
168,29537.837890625,zx,-37435.36,-7.640261e+07,6.719224e+07,320.0436
169,29537.837890625,zy,-42241.074,-7.640261e+07,6.719224e+07,320.0436
170,29537.837890625,zz,-9.378059e+07,-7.640261e+07,6.719224e+07,320.0436
171,44316.7578125,xx,-7.572552e+07,-7.569092e+07,6.736018e+07,313.22525
172,44316.7578125,xy,8.0259084e-11,-7.569092e+07,6.736018e+07,313.22525
173,44316.7578125,xz,-45113.49,-7.569092e+07,6.736018e+07,313.22525
174,44316.7578125,yx,8.0259084e-11,-7.569092e+07,6.736018e+07,313.22525
175,44316.7578125,yy,-7.569108e+07,-7.569092e+07,6.736018e+07,313.22525
176,44316.7578125,yz,-51963.89,-7.569092e+07,6.736018e+07,313.22525
177,44316.7578125,zx,-45113.49,-7.569092e+07,6.736018e+07,313.22525
178,44316.7578125,zy,-51963.89,-7.569092e+07,6.736018e+07,313.22525
179,44316.7578125,zz,-9.248802e+07,-7.569092e+07,6.736018e+07,313.22525
180,66485.1328125,xx,-7.572553e+07,-7.569092e+07,6.736018e+07,313.22525
181,66485.1328125,xy,8.024934e-11,-7.569092e+07,6.736018e+07,313.22525
182,66485.1328125,xz,-45113.395,-7.569092e+07,6.736018e+07,313.22525
183,66485.1328125,yx,8.024934e-11,-7.569092e+07,6.736018e+07,313.22525
184,66485.1328125,yy,-7.569108e+07,-7.569092e+07,6.736018e+07,313.22525
185,66485.1328125,yz,-51951.895,-7.569092e+07,6.736018e+07,313.22525
186,66485.1328125,zx,-45113.395,-7.569092e+07,6.736018e+07,313.22525
187,66485.1328125,zy,-51951.895,-7.569092e+07,6.736018e+07,313.22525
188,66485.1328125,zz,-9.248771e+07,-7.569092e+07,6.736018e+07,313.22525
189,99737.703125,xx,-7.572554e+07,-7.569091e+07,6.736018e+07,313.22525
190,99737.703125,xy,8.023888e-11,-7.569091e+07,6.736018e+07,313.22525
191,99737.703125,xz,-45113.242,-7.569091e+07,6.736018e+07,313.22525
192,99737.703125,yx,8.023888e-11,-7.569091e+07,6.736018e+07,313.22525
193,99737.703125,yy,-7.569108e+07,-7.569091e+07,6.736018e+07,313.22525
194,99737.703125,yz,-51938.96,-7.569091e+07,6.736018e+07,313.22525
195,99737.703125,zx,-45113.242,-7.569091e+07,6.736018e+07,313.22525
196,99737.703125,zy,-51938.96,-7.569091e+07,6.736018e+07,313.22525
197,99737.703125,zz,-9.2487384e+07,-7.569091e+07,6.736018e+07,313.22525
198,149616.546875,xx,-7.547863e+07,-7.545899e+07,6.759409e+07,309.789
199,149616.546875,xy,2.7742706e-11,-7.545899e+07,6.759409e+07,309.789
200,149616.546875,xz,-46637.934,-7.545899e+07,6.759409e+07,309.789
201,149616.546875,yx,2.7742706e-11,-7.545899e+07,6.759409e+07,309.789
202,149616.546875,yy,-7.545918e+07,-7.545899e+07,6.759409e+07,309.789
203,149616.546875,yz,-56646.97,-7.545899e+07,6.759409e+07,309.789
204,149616.546875,zx,-46637.934,-7.545899e+07,6.759409e+07,309.789
205,149616.546875,zy,-56646.97,-7.545899e+07,6.759409e+07,309.789
206,149616.546875,zz,-9.197746e+07,-7.545899e+07,6.759409e+07,309.789
207,224434.828125,xx,-7.570275e+07,-7.570265e+07,6.82103e+07,308.13126
208,224434.828125,xy,2.0739124e-11,-7.570265e+07,6.82103e+07,308.13126
209,224434.828125,xz,-38524.18,-7.570265e+07,6.82103e+07,308.13126
210,224434.828125,yx,2.0739124e-11,-7.570265e+07,6.82103e+07,308.13126
211,224434.828125,yy,-7.570398e+07,-7.570265e+07,6.82103e+07,308.13126
212,224434.828125,yz,-54748.47,-7.570265e+07,6.82103e+07,308.13126
213,224434.828125,zx,-38524.18,-7.570265e+07,6.82103e+07,308.13126
214,224434.828125,zy,-54748.47,-7.570265e+07,6.82103e+07,308.13126
215,224434.828125,zz,-9.270703e+07,-7.570265e+07,6.82103e+07,308.13126
216,336662.25,xx,-7.5591944e+07,-7.55884e+07,6.80547e+07,308.151
217,336662.25,xy,1.3851061e-11,-7.55884e+07,6.80547e+07,308.151
218,336662.25,xz,-39541.973,-7.55884e+07,6.80547e+07,308.151
219,336662.25,yx,1.3851061e-11,-7.55884e+07,6.80547e+07,308.151
220,336662.25,yy,-7.558859e+07,-7.55884e+07,6.80547e+07,308.151
221,336662.25,yz,-56258.008,-7.55884e+07,6.80547e+07,308.151
222,336662.25,zx,-39541.973,-7.55884e+07,6.80547e+07,308.151
223,336662.25,zy,-56258.008,-7.55884e+07,6.80547e+07,308.151
224,336662.25,zz,-9.236074e+07,-7.55884e+07,6.80547e+07,308.151
225,505003.375,xx,-7.586302e+07,-7.5862936e+07,6.848844e+07,308.1255
226,505003.375,xy,3.809438e-11,-7.5862936e+07,6.848844e+07,308.1255
227,505003.375,xz,-38824.812,-7.5862936e+07,6.848844e+07,308.1255
228,505003.375,yx,3.809438e-11,-7.5862936e+07,6.848844e+07,308.1255
229,505003.375,yy,-7.586541e+07,-7.5862936e+07,6.848844e+07,308.1255
230,505003.375,yz,-52493.336,-7.5862936e+07,6.848844e+07,308.1255
231,505003.375,zx,-38824.812,-7.5862936e+07,6.848844e+07,308.1255
232,505003.375,zy,-52493.336,-7.5862936e+07,6.848844e+07,308.1255
233,505003.375,zz,-9.335249e+07,-7.5862936e+07,6.848844e+07,308.1255
234,757515.0625,xx,-7.589926e+07,-7.589915e+07,6.8604664e+07,308.1237
235,757515.0625,xy,4.8501748e-11,-7.589915e+07,6.8604664e+07,308.1237
236,757515.0625,xz,-39177.81,-7.589915e+07,6.8604664e+07,308.1237
237,757515.0625,yx,4.8501748e-11,-7.589915e+07,6.8604664e+07,308.1237
238,757515.0625,yy,-7.589996e+07,-7.589915e+07,6.8604664e+07,308.1237
239,757515.0625,yz,-51778.48,-7.589915e+07,6.8604664e+07,308.1237
240,757515.0625,zx,-39177.81,-7.589915e+07,6.8604664e+07,308.1237
241,757515.0625,zy,-51778.48,-7.589915e+07,6.8604664e+07,308.1237
242,757515.0625,zz,-9.364229e+07,-7.589915e+07,6.8604664e+07,308.1237
243,1136282.625,xx,-7.591998e+07,-7.591903e+07,6.874205e+07,308.12268
244,1136282.625,xy,5.9825776e-11,-7.591903e+07,6.874205e+07,308.12268
245,1136282.625,xz,-39471.2,-7.591903e+07,6.874205e+07,308.12268
246,1136282.625,yx,5.9825776e-11,-7.591903e+07,6.874205e+07,308.12268
247,1136282.625,yy,-7.591919e+07,-7.591903e+07,6.874205e+07,308.12268
248,1136282.625,yz,-51090.348,-7.591903e+07,6.874205e+07,308.12268
249,1136282.625,zx,-39471.2,-7.591903e+07,6.874205e+07,308.12268
250,1136282.625,zy,-51090.348,-7.591903e+07,6.874205e+07,308.12268
251,1136282.625,zz,-9.3902456e+07,-7.591903e+07,6.874205e+07,308.12268
252,1469615.875,xx,-7.59428e+07,-7.594049e+07,6.8869976e+07,308.12155
253,1469615.875,xy,6.954834e-11,-7.594049e+07,6.8869976e+07,308.12155
254,1469615.875,xz,-39719.348,-7.594049e+07,6.8869976e+07,308.12155
255,1469615.875,yx,6.954834e-11,-7.594049e+07,6.8869976e+07,308.12155
256,1469615.875,yy,-7.594064e+07,-7.594049e+07,6.8869976e+07,308.12155
257,1469615.875,yz,-50350.28,-7.594049e+07,6.8869976e+07,308.12155
258,1469615.875,zx,-39719.348,-7.594049e+07,6.8869976e+07,308.12155
259,1469615.875,zy,-50350.28,-7.594049e+07,6.8869976e+07,308.12155
260,1469615.875,zz,-9.412947e+07,-7.594049e+07,6.8869976e+07,308.12155
261,1802949.25,xx,-7.595352e+07,-7.595123e+07,6.893474e+07,308.12106
262,1802949.25,xy,7.3560436e-11,-7.595123e+07,6.893474e+07,308.12106
263,1802949.25,xz,-39941.01,-7.595123e+07,6.893474e+07,308.12106
264,1802949.25,yx,7.3560436e-11,-7.595123e+07,6.893474e+07,308.12106
265,1802949.25,yy,-7.595138e+07,-7.595123e+07,6.893474e+07,308.12106
266,1802949.25,yz,-49942.727,-7.595123e+07,6.893474e+07,308.12106
267,1802949.25,zx,-39941.01,-7.595123e+07,6.893474e+07,308.12106
268,1802949.25,zy,-49942.727,-7.595123e+07,6.893474e+07,308.12106
269,1802949.25,zz,-9.421454e+07,-7.595123e+07,6.893474e+07,308.12106
270,2136282.5,xx,-7.596982e+07,-7.596705e+07,6.900157e+07,308.12036
271,2136282.5,xy,7.666303e-11,-7.596705e+07,6.900157e+07,308.12036
272,2136282.5,xz,-40016.9,-7.596705e+07,6.900157e+07,308.12036
273,2136282.5,yx,7.666303e-11,-7.596705e+07,6.900157e+07,308.12036
274,2136282.5,yy,-7.596718e+07,-7.596705e+07,6.900157e+07,308.12036
275,2136282.5,yz,-49456.465,-7.596705e+07,6.900157e+07,308.12036
276,2136282.5,zx,-40016.9,-7.596705e+07,6.900157e+07,308.12036
277,2136282.5,zy,-49456.465,-7.596705e+07,6.900157e+07,308.12036
278,2136282.5,zz,-9.428468e+07,-7.596705e+07,6.900157e+07,308.12036
279,2469616.0,xx,-7.5989576e+07,-7.598717e+07,6.906609e+07,308.11984
280,2469616.0,xy,7.8792584e-11,-7.598717e+07,6.906609e+07,308.11984
281,2469616.0,xz,-39872.465,-7.598717e+07,6.906609e+07,308.11984
282,2469616.0,yx,7.8792584e-11,-7.598717e+07,6.906609e+07,308.11984
283,2469616.0,yy,-7.5987304e+07,-7.598717e+07,6.906609e+07,308.11984
284,2469616.0,yz,-48939.168,-7.598717e+07,6.906609e+07,308.11984
285,2469616.0,zx,-39872.465,-7.598717e+07,6.906609e+07,308.11984
286,2469616.0,zy,-48939.168,-7.598717e+07,6.906609e+07,308.11984
287,2469616.0,zz,-9.4335176e+07,-7.598717e+07,6.906609e+07,308.11984
288,2969616.0,xx,-7.599943e+07,-7.599621e+07,6.9124184e+07,308.11926
289,2969616.0,xy,8.133758e-11,-7.599621e+07,6.9124184e+07,308.11926
290,2969616.0,xz,-39683.152,-7.599621e+07,6.9124184e+07,308.11926
291,2969616.0,yx,8.133758e-11,-7.599621e+07,6.9124184e+07,308.11926
292,2969616.0,yy,-7.599634e+07,-7.599621e+07,6.9124184e+07,308.11926
293,2969616.0,yz,-48387.254,-7.599621e+07,6.9124184e+07,308.11926
294,2969616.0,zx,-39683.152,-7.599621e+07,6.9124184e+07,308.11926
295,2969616.0,zy,-48387.254,-7.599621e+07,6.9124184e+07,308.11926
296,2969616.0,zz,-9.438202e+07,-7.599621e+07,6.9124184e+07,308.11926
297,3469616.0,xx,-7.6005576e+07,-7.6001896e+07,6.919282e+07,308.11874
298,3469616.0,xy,8.456494e-11,-7.6001896e+07,6.919282e+07,308.11874
299,3469616.0,xz,-39432.992,-7.6001896e+07,6.919282e+07,308.11874
300,3469616.0,yx,8.456494e-11,-7.6001896e+07,6.919282e+07,308.11874
301,3469616.0,yy,-7.600202e+07,-7.6001896e+07,6.919282e+07,308.11874
302,3469616.0,yz,-47769.617,-7.6001896e+07,6.919282e+07,308.11874
303,3469616.0,zx,-39432.992,-7.6001896e+07,6.919282e+07,308.11874
304,3469616.0,zy,-47769.617,-7.6001896e+07,6.919282e+07,308.11874
305,3469616.0,zz,-9.443052e+07,-7.6001896e+07,6.919282e+07,308.11874
306,3969616.0,xx,-7.600781e+07,-7.600501e+07,6.926915e+07,308.11816
307,3969616.0,xy,8.851773e-11,-7.600501e+07,6.926915e+07,308.11816
308,3969616.0,xz,-39164.91,-7.600501e+07,6.926915e+07,308.11816
309,3969616.0,yx,8.851773e-11,-7.600501e+07,6.926915e+07,308.11816
310,3969616.0,yy,-7.600514e+07,-7.600501e+07,6.926915e+07,308.11816
311,3969616.0,yz,-47074.777,-7.600501e+07,6.926915e+07,308.11816
312,3969616.0,zx,-39164.91,-7.600501e+07,6.926915e+07,308.11816
313,3969616.0,zy,-47074.777,-7.600501e+07,6.926915e+07,308.11816
314,3969616.0,zz,-9.448331e+07,-7.600501e+07,6.926915e+07,308.11816
315,4302949.0,xx,-7.60026e+07,-7.5999816e+07,6.926915e+07,308.11816
316,4302949.0,xy,8.889045e-11,-7.5999816e+07,6.926915e+07,308.11816
317,4302949.0,xz,-39174.3,-7.5999816e+07,6.926915e+07,308.11816
318,4302949.0,yx,8.889045e-11,-7.5999816e+07,6.926915e+07,308.11816
319,4302949.0,yy,-7.599994e+07,-7.5999816e+07,6.926915e+07,308.11816
320,4302949.0,yz,-47067.293,-7.5999816e+07,6.926915e+07,308.11816
321,4302949.0,zx,-39174.3,-7.5999816e+07,6.926915e+07,308.11816
322,4302949.0,zy,-47067.293,-7.5999816e+07,6.926915e+07,308.11816
323,4302949.0,zz,-9.448253e+07,-7.5999816e+07,6.926915e+07,308.11816
324,4636282.5,xx,-7.599768e+07,-7.599492e+07,6.926915e+07,308.11816
325,4636282.5,xy,8.923662e-11,-7.599492e+07,6.926915e+07,308.11816
326,4636282.5,xz,-39182.758,-7.599492e+07,6.926915e+07,308.11816
327,4636282.5,yx,8.923662e-11,-7.599492e+07,6.926915e+07,308.11816
328,4636282.5,yy,-7.599505e+07,-7.599492e+07,6.926915e+07,308.11816
329,4636282.5,yz,-47060.055,-7.599492e+07,6.926915e+07,308.11816
330,4636282.5,zx,-39182.758,-7.599492e+07,6.926915e+07,308.11816
331,4636282.5,zy,-47060.055,-7.599492e+07,6.926915e+07,308.11816
332,4636282.5,zz,-9.448159e+07,-7.599492e+07,6.926915e+07,308.11816
333,4969616.0,xx,-7.599912e+07,-7.5996904e+07,6.9327944e+07,308.11755
334,4969616.0,xy,9.224716e-11,-7.5996904e+07,6.9327944e+07,308.11755
335,4969616.0,xz,-38824.5,-7.5996904e+07,6.9327944e+07,308.11755
336,4969616.0,yx,9.224716e-11,-7.5996904e+07,6.9327944e+07,308.11755
337,4969616.0,yy,-7.599702e+07,-7.5996904e+07,6.9327944e+07,308.11755
338,4969616.0,yz,-46295.633,-7.5996904e+07,6.9327944e+07,308.11755
339,4969616.0,zx,-38824.5,-7.5996904e+07,6.9327944e+07,308.11755
340,4969616.0,zy,-46295.633,-7.5996904e+07,6.9327944e+07,308.11755
341,4969616.0,zz,-9.452092e+07,-7.5996904e+07,6.9327944e+07,308.11755
342,5302949.0,xx,-7.599503e+07,-7.599287e+07,6.9327944e+07,308.11755
343,5302949.0,xy,9.253947e-11,-7.599287e+07,6.9327944e+07,308.11755
344,5302949.0,xz,-38831.13,-7.599287e+07,6.9327944e+07,308.11755
345,5302949.0,yx,9.253947e-11,-7.599287e+07,6.9327944e+07,308.11755
346,5302949.0,yy,-7.599299e+07,-7.599287e+07,6.9327944e+07,308.11755
347,5302949.0,yz,-46288.723,-7.599287e+07,6.9327944e+07,308.11755
348,5302949.0,zx,-38831.13,-7.599287e+07,6.9327944e+07,308.11755
349,5302949.0,zy,-46288.723,-7.599287e+07,6.9327944e+07,308.11755
350,5302949.0,zz,-9.4520296e+07,-7.599287e+07,6.9327944e+07,308.11755
351,5802949.0,xx,-7.598825e+07,-7.598603e+07,6.938589e+07,308.11694
352,5802949.0,xy,9.6240654e-11,-7.598603e+07,6.938589e+07,308.11694
353,5802949.0,xz,-38380.535,-7.598603e+07,6.938589e+07,308.11694
354,5802949.0,yx,9.6240654e-11,-7.598603e+07,6.938589e+07,308.11694
355,5802949.0,yy,-7.598614e+07,-7.598603e+07,6.938589e+07,308.11694
356,5802949.0,yz,-45441.617,-7.598603e+07,6.938589e+07,308.11694
357,5802949.0,zx,-38380.535,-7.598603e+07,6.938589e+07,308.11694
358,5802949.0,zy,-45441.617,-7.598603e+07,6.938589e+07,308.11694
359,5802949.0,zz,-9.456269e+07,-7.598603e+07,6.938589e+07,308.11694
360,6136282.5,xx,-7.598471e+07,-7.598255e+07,6.938589e+07,308.11694
361,6136282.5,xy,9.6494306e-11,-7.598255e+07,6.938589e+07,308.11694
362,6136282.5,xz,-38385.25,-7.598255e+07,6.938589e+07,308.11694
363,6136282.5,yx,9.6494306e-11,-7.598255e+07,6.938589e+07,308.11694
364,6136282.5,yy,-7.598267e+07,-7.598255e+07,6.938589e+07,308.11694
365,6136282.5,yz,-45434.953,-7.598255e+07,6.938589e+07,308.11694
366,6136282.5,zx,-38385.25,-7.598255e+07,6.938589e+07,308.11694
367,6136282.5,zy,-45434.953,-7.598255e+07,6.938589e+07,308.11694
368,6136282.5,zz,-9.456214e+07,-7.598255e+07,6.938589e+07,308.11694
369,6469616.0,xx,-7.5981256e+07,-7.597917e+07,6.938589e+07,308.11694
370,6469616.0,xy,9.673806e-11,-7.597917e+07,6.938589e+07,308.11694
371,6469616.0,xz,-38389.375,-7.597917e+07,6.938589e+07,308.11694
372,6469616.0,yx,9.673806e-11,-7.597917e+07,6.938589e+07,308.11694
373,6469616.0,yy,-7.597929e+07,-7.597917e+07,6.938589e+07,308.11694
374,6469616.0,yz,-45428.355,-7.597917e+07,6.938589e+07,308.11694
375,6469616.0,zx,-38389.375,-7.597917e+07,6.938589e+07,308.11694
376,6469616.0,zy,-45428.355,-7.597917e+07,6.938589e+07,308.11694
377,6469616.0,zz,-9.456147e+07,-7.597917e+07,6.938589e+07,308.11694
378,6802949.0,xx,-7.597895e+07,-7.597661e+07,6.94485e+07,308.11633
379,6802949.0,xy,9.992057e-11,-7.597661e+07,6.94485e+07,308.11633
380,6802949.0,xz,-37919.316,-7.597661e+07,6.94485e+07,308.11633
381,6802949.0,yx,9.992057e-11,-7.597661e+07,6.94485e+07,308.11633
382,6802949.0,yy,-7.597672e+07,-7.597661e+07,6.94485e+07,308.11633
383,6802949.0,yz,-44596.78,-7.597661e+07,6.94485e+07,308.11633
384,6802949.0,zx,-37919.316,-7.597661e+07,6.94485e+07,308.11633
385,6802949.0,zy,-44596.78,-7.597661e+07,6.94485e+07,308.11633
386,6802949.0,zz,-9.459451e+07,-7.597661e+07,6.94485e+07,308.11633
387,7136282.5,xx,-7.597588e+07,-7.5973624e+07,6.94485e+07,308.11633
388,7136282.5,xy,1.0014121e-10,-7.5973624e+07,6.94485e+07,308.11633
389,7136282.5,xz,-37921.965,-7.5973624e+07,6.94485e+07,308.11633
390,7136282.5,yx,1.0014121e-10,-7.5973624e+07,6.94485e+07,308.11633
391,7136282.5,yy,-7.5973736e+07,-7.5973624e+07,6.94485e+07,308.11633
392,7136282.5,yz,-44590.707,-7.5973624e+07,6.94485e+07,308.11633
393,7136282.5,zx,-37921.965,-7.5973624e+07,6.94485e+07,308.11633
394,7136282.5,zy,-44590.707,-7.5973624e+07,6.94485e+07,308.11633
395,7136282.5,zz,-9.459405e+07,-7.5973624e+07,6.94485e+07,308.11633
396,7636282.5,xx,-7.597141e+07,-7.596926e+07,6.94485e+07,308.11633
397,7636282.5,xy,1.0045639e-10,-7.596926e+07,6.94485e+07,308.11633
398,7636282.5,xz,-37925.113,-7.596926e+07,6.94485e+07,308.11633
399,7636282.5,yx,1.0045639e-10,-7.596926e+07,6.94485e+07,308.11633
400,7636282.5,yy,-7.596937e+07,-7.596926e+07,6.94485e+07,308.11633
401,7636282.5,yz,-44581.715,-7.596926e+07,6.94485e+07,308.11633
402,7636282.5,zx,-37925.113,-7.596926e+07,6.94485e+07,308.11633
403,7636282.5,zy,-44581.715,-7.596926e+07,6.94485e+07,308.11633
404,7636282.5,zz,-9.459313e+07,-7.596926e+07,6.94485e+07,308.11633
405,8136282.5,xx,-7.596496e+07,-7.596271e+07,6.9497816e+07,308.11584
406,8136282.5,xy,1.0328792e-10,-7.596271e+07,6.9497816e+07,308.11584
407,8136282.5,xz,-37453.223,-7.596271e+07,6.9497816e+07,308.11584
408,8136282.5,yx,1.0328792e-10,-7.596271e+07,6.9497816e+07,308.11584
409,8136282.5,yy,-7.5962824e+07,-7.596271e+07,6.9497816e+07,308.11584
410,8136282.5,yz,-43802.945,-7.596271e+07,6.9497816e+07,308.11584
411,8136282.5,zx,-37453.223,-7.596271e+07,6.9497816e+07,308.11584
412,8136282.5,zy,-43802.945,-7.596271e+07,6.9497816e+07,308.11584
413,8136282.5,zz,-9.461805e+07,-7.596271e+07,6.9497816e+07,308.11584
414,8636283.0,xx,-7.59609e+07,-7.595876e+07,6.9497816e+07,308.11584
415,8636283.0,xy,1.0357254e-10,-7.595876e+07,6.9497816e+07,308.11584
416,8636283.0,xz,-37454.535,-7.595876e+07,6.9497816e+07,308.11584
417,8636283.0,yx,1.0357254e-10,-7.595876e+07,6.9497816e+07,308.11584
418,8636283.0,yy,-7.595887e+07,-7.595876e+07,6.9497816e+07,308.11584
419,8636283.0,yz,-43794.566,-7.595876e+07,6.9497816e+07,308.11584
420,8636283.0,zx,-37454.535,-7.595876e+07,6.9497816e+07,308.11584
421,8636283.0,zy,-43794.566,-7.595876e+07,6.9497816e+07,308.11584
422,8636283.0,zz,-9.461715e+07,-7.595876e+07,6.9497816e+07,308.11584
423,9136283.0,xx,-7.595676e+07,-7.595416e+07,6.954993e+07,308.11533
424,9136283.0,xy,1.0614598e-10,-7.595416e+07,6.954993e+07,308.11533
425,9136283.0,xz,-36995.2,-7.595416e+07,6.954993e+07,308.11533
426,9136283.0,yx,1.0614598e-10,-7.595416e+07,6.954993e+07,308.11533
427,9136283.0,yy,-7.5954264e+07,-7.595416e+07,6.954993e+07,308.11533
428,9136283.0,yz,-43060.73,-7.595416e+07,6.954993e+07,308.11533
429,9136283.0,zx,-36995.2,-7.595416e+07,6.954993e+07,308.11533
430,9136283.0,zy,-43060.73,-7.595416e+07,6.954993e+07,308.11533
431,9136283.0,zz,-9.463751e+07,-7.595416e+07,6.954993e+07,308.11533
432,9636283.0,xx,-7.595299e+07,-7.59505e+07,6.954993e+07,308.11533
433,9636283.0,xy,1.0640866e-10,-7.59505e+07,6.954993e+07,308.11533
434,9636283.0,xz,-36995.234,-7.59505e+07,6.954993e+07,308.11533
435,9636283.0,yx,1.0640866e-10,-7.59505e+07,6.954993e+07,308.11533
436,9636283.0,yy,-7.595059e+07,-7.59505e+07,6.954993e+07,308.11533
437,9636283.0,yz,-43052.742,-7.59505e+07,6.954993e+07,308.11533
438,9636283.0,zx,-36995.234,-7.59505e+07,6.954993e+07,308.11533
439,9636283.0,zy,-43052.742,-7.59505e+07,6.954993e+07,308.11533
440,9636283.0,zz,-9.4636616e+07,-7.59505e+07,6.954993e+07,308.11533
441,10136283.0,xx,-7.5948696e+07,-7.5946984e+07,6.9596456e+07,308.11493
442,10136283.0,xy,1.0869926e-10,-7.5946984e+07,6.9596456e+07,308.11493
443,10136283.0,xz,-36544.195,-7.5946984e+07,6.9596456e+07,308.11493
444,10136283.0,yx,1.0869926e-10,-7.5946984e+07,6.9596456e+07,308.11493
445,10136283.0,yy,-7.594709e+07,-7.5946984e+07,6.9596456e+07,308.11493
446,10136283.0,yz,-42358.402,-7.5946984e+07,6.9596456e+07,308.11493
447,10136283.0,zx,-36544.195,-7.5946984e+07,6.9596456e+07,308.11493
448,10136283.0,zy,-42358.402,-7.5946984e+07,6.9596456e+07,308.11493
449,10136283.0,zz,-9.465185e+07,-7.5946984e+07,6.9596456e+07,308.11493
450,10636283.0,xx,-7.594507e+07,-7.594346e+07,6.9596456e+07,308.11493
451,10636283.0,xy,1.0895009e-10,-7.594346e+07,6.9596456e+07,308.11493
452,10636283.0,xz,-36543.184,-7.594346e+07,6.9596456e+07,308.11493
453,10636283.0,yx,1.0895009e-10,-7.594346e+07,6.9596456e+07,308.11493
454,10636283.0,yy,-7.594356e+07,-7.594346e+07,6.9596456e+07,308.11493
455,10636283.0,yz,-42351.055,-7.594346e+07,6.9596456e+07,308.11493
456,10636283.0,zx,-36543.184,-7.594346e+07,6.9596456e+07,308.11493
457,10636283.0,zy,-42351.055,-7.594346e+07,6.9596456e+07,308.11493
458,10636283.0,zz,-9.465092e+07,-7.594346e+07,6.9596456e+07,308.11493
459,11136283.0,xx,-7.594055e+07,-7.5938696e+07,6.963401e+07,308.11453
460,11136283.0,xy,1.10744115e-10,-7.5938696e+07,6.963401e+07,308.11453
461,11136283.0,xz,-36109.21,-7.5938696e+07,6.963401e+07,308.11453
462,11136283.0,yx,1.10744115e-10,-7.5938696e+07,6.963401e+07,308.11453
463,11136283.0,yy,-7.593879e+07,-7.5938696e+07,6.963401e+07,308.11453
464,11136283.0,yz,-41692.84,-7.5938696e+07,6.963401e+07,308.11453
465,11136283.0,zx,-36109.21,-7.5938696e+07,6.963401e+07,308.11453
466,11136283.0,zy,-41692.84,-7.5938696e+07,6.963401e+07,308.11453
467,11136283.0,zz,-9.4660056e+07,-7.5938696e+07,6.963401e+07,308.11453
468,11636283.0,xx,-7.593697e+07,-7.593519e+07,6.963401e+07,308.11453
469,11636283.0,xy,1.1099082e-10,-7.593519e+07,6.963401e+07,308.11453
470,11636283.0,xz,-36107.336,-7.593519e+07,6.963401e+07,308.11453
471,11636283.0,yx,1.1099082e-10,-7.593519e+07,6.963401e+07,308.11453
472,11636283.0,yy,-7.593529e+07,-7.593519e+07,6.963401e+07,308.11453
473,11636283.0,yz,-41686.414,-7.593519e+07,6.963401e+07,308.11453
474,11636283.0,zx,-36107.336,-7.593519e+07,6.963401e+07,308.11453
475,11636283.0,zy,-41686.414,-7.593519e+07,6.963401e+07,308.11453
476,11636283.0,zz,-9.465908e+07,-7.593519e+07,6.963401e+07,308.11453
477,12136283.0,xx,-7.593345e+07,-7.593176e+07,6.967113e+07,308.11414
478,12136283.0,xy,1.1258817e-10,-7.593176e+07,6.967113e+07,308.11414
479,12136283.0,xz,-35685.48,-7.593176e+07,6.967113e+07,308.11414
480,12136283.0,yx,1.1258817e-10,-7.593176e+07,6.967113e+07,308.11414
481,12136283.0,yy,-7.593186e+07,-7.593176e+07,6.967113e+07,308.11414
482,12136283.0,yz,-41058.703,-7.593176e+07,6.967113e+07,308.11414
483,12136283.0,zx,-35685.48,-7.593176e+07,6.967113e+07,308.11414
484,12136283.0,zy,-41058.703,-7.593176e+07,6.967113e+07,308.11414
485,12136283.0,zz,-9.466467e+07,-7.593176e+07,6.967113e+07,308.11414
486,12636283.0,xx,-7.592985e+07,-7.5928216e+07,6.967113e+07,308.11414
487,12636283.0,xy,1.1283399e-10,-7.5928216e+07,6.967113e+07,308.11414
488,12636283.0,xz,-35683.145,-7.5928216e+07,6.967113e+07,308.11414
489,12636283.0,yx,1.1283399e-10,-7.5928216e+07,6.967113e+07,308.11414
490,12636283.0,yy,-7.592831e+07,-7.5928216e+07,6.967113e+07,308.11414
491,12636283.0,yz,-41052.996,-7.5928216e+07,6.967113e+07,308.11414
492,12636283.0,zx,-35683.145,-7.5928216e+07,6.967113e+07,308.11414
493,12636283.0,zy,-41052.996,-7.5928216e+07,6.967113e+07,308.11414
494,12636283.0,zz,-9.466364e+07,-7.5928216e+07,6.967113e+07,308.11414
495,13136283.0,xx,-7.592639e+07,-7.5924744e+07,6.970471e+07,308.11383
496,13136283.0,xy,1.1422892e-10,-7.5924744e+07,6.970471e+07,308.11383
497,13136283.0,xz,-35270.93,-7.5924744e+07,6.970471e+07,308.11383
498,13136283.0,yx,1.1422892e-10,-7.5924744e+07,6.970471e+07,308.11383
499,13136283.0,yy,-7.592483e+07,-7.5924744e+07,6.970471e+07,308.11383
500,13136283.0,yz,-40454.95,-7.5924744e+07,6.970471e+07,308.11383
501,13136283.0,zx,-35270.93,-7.5924744e+07,6.970471e+07,308.11383
502,13136283.0,zy,-40454.95,-7.5924744e+07,6.970471e+07,308.11383
503,13136283.0,zz,-9.466658e+07,-7.5924744e+07,6.970471e+07,308.11383
504,13636283.0,xx,-7.5922744e+07,-7.592115e+07,6.970471e+07,308.11383
505,13636283.0,xy,1.1447593e-10,-7.592115e+07,6.970471e+07,308.11383
506,13636283.0,xz,-35268.41,-7.592115e+07,6.970471e+07,308.11383
507,13636283.0,yx,1.1447593e-10,-7.592115e+07,6.970471e+07,308.11383
508,13636283.0,yy,-7.592124e+07,-7.592115e+07,6.970471e+07,308.11383
509,13636283.0,yz,-40449.812,-7.592115e+07,6.970471e+07,308.11383
510,13636283.0,zx,-35268.41,-7.592115e+07,6.970471e+07,308.11383
511,13636283.0,zy,-40449.812,-7.592115e+07,6.970471e+07,308.11383
512,13636283.0,zz,-9.466547e+07,-7.592115e+07,6.970471e+07,308.11383
513,14136283.0,xx,-7.592101e+07,-7.591983e+07,6.974266e+07,308.11343
514,14136283.0,xy,1.15811465e-10,-7.591983e+07,6.974266e+07,308.11343
515,14136283.0,xz,-34870.246,-7.591983e+07,6.974266e+07,308.11343
516,14136283.0,yx,1.15811465e-10,-7.591983e+07,6.974266e+07,308.11343
517,14136283.0,yy,-7.591992e+07,-7.591983e+07,6.974266e+07,308.11343
518,14136283.0,yz,-39877.31,-7.591983e+07,6.974266e+07,308.11343
519,14136283.0,zx,-34870.246,-7.591983e+07,6.974266e+07,308.11343
520,14136283.0,zy,-39877.31,-7.591983e+07,6.974266e+07,308.11343
521,14136283.0,zz,-9.466619e+07,-7.591983e+07,6.974266e+07,308.11343
522,14636283.0,xx,-7.591734e+07,-7.591621e+07,6.974266e+07,308.11343
523,14636283.0,xy,1.1605785e-10,-7.591621e+07,6.974266e+07,308.11343
524,14636283.0,xz,-34867.773,-7.591621e+07,6.974266e+07,308.11343
525,14636283.0,yx,1.1605785e-10,-7.591621e+07,6.974266e+07,308.11343
526,14636283.0,yy,-7.5916296e+07,-7.591621e+07,6.974266e+07,308.11343
527,14636283.0,yz,-39872.504,-7.591621e+07,6.974266e+07,308.11343
528,14636283.0,zx,-34867.773,-7.591621e+07,6.974266e+07,308.11343
529,14636283.0,zy,-39872.504,-7.591621e+07,6.974266e+07,308.11343
530,14636283.0,zz,-9.466503e+07,-7.591621e+07,6.974266e+07,308.11343
531,15136283.0,xx,-7.591397e+07,-7.591285e+07,6.976982e+07,308.1131
532,15136283.0,xy,1.1708048e-10,-7.591285e+07,6.976982e+07,308.1131
533,15136283.0,xz,-34478.707,-7.591285e+07,6.976982e+07,308.1131
534,15136283.0,yx,1.1708048e-10,-7.591285e+07,6.976982e+07,308.1131
535,15136283.0,yy,-7.5912936e+07,-7.591285e+07,6.976982e+07,308.1131
536,15136283.0,yz,-39324.52,-7.591285e+07,6.976982e+07,308.1131
537,15136283.0,zx,-34478.707,-7.591285e+07,6.976982e+07,308.1131
538,15136283.0,zy,-39324.52,-7.591285e+07,6.976982e+07,308.1131
539,15136283.0,zz,-9.466285e+07,-7.591285e+07,6.976982e+07,308.1131
540,15636283.0,xx,-7.59103e+07,-7.590921e+07,6.976982e+07,308.1131
541,15636283.0,xy,1.1732508e-10,-7.590921e+07,6.976982e+07,308.1131
542,15636283.0,xz,-34476.336,-7.590921e+07,6.976982e+07,308.1131
543,15636283.0,yx,1.1732508e-10,-7.590921e+07,6.976982e+07,308.1131
544,15636283.0,yy,-7.59093e+07,-7.590921e+07,6.976982e+07,308.1131
545,15636283.0,yz,-39319.96,-7.590921e+07,6.976982e+07,308.1131
546,15636283.0,zx,-34476.336,-7.590921e+07,6.976982e+07,308.1131
547,15636283.0,zy,-39319.96,-7.590921e+07,6.976982e+07,308.1131
548,15636283.0,zz,-9.466163e+07,-7.590921e+07,6.976982e+07,308.1131
549,16136283.0,xx,-7.590802e+07,-7.590675e+07,6.979723e+07,308.11282
550,16136283.0,xy,1.1820447e-10,-7.590675e+07,6.979723e+07,308.11282
551,16136283.0,xz,-34094.1,-7.590675e+07,6.979723e+07,308.11282
552,16136283.0,yx,1.1820447e-10,-7.590675e+07,6.979723e+07,308.11282
553,16136283.0,yy,-7.590684e+07,-7.590675e+07,6.979723e+07,308.11282
554,16136283.0,yz,-38795.785,-7.590675e+07,6.979723e+07,308.11282
555,16136283.0,zx,-34094.1,-7.590675e+07,6.979723e+07,308.11282
556,16136283.0,zy,-38795.785,-7.590675e+07,6.979723e+07,308.11282
557,16136283.0,zz,-9.4657544e+07,-7.590675e+07,6.979723e+07,308.11282
558,16636283.0,xx,-7.5904296e+07,-7.590304e+07,6.979723e+07,308.11282
559,16636283.0,xy,1.1845003e-10,-7.590304e+07,6.979723e+07,308.11282
560,16636283.0,xz,-34091.875,-7.590304e+07,6.979723e+07,308.11282
561,16636283.0,yx,1.1845003e-10,-7.590304e+07,6.979723e+07,308.11282
562,16636283.0,yy,-7.590312e+07,-7.590304e+07,6.979723e+07,308.11282
563,16636283.0,yz,-38791.43,-7.590304e+07,6.979723e+07,308.11282
564,16636283.0,zx,-34091.875,-7.590304e+07,6.979723e+07,308.11282
565,16636283.0,zy,-38791.43,-7.590304e+07,6.979723e+07,308.11282
566,16636283.0,zz,-9.465622e+07,-7.590304e+07,6.979723e+07,308.11282
567,17136282.0,xx,-7.590132e+07,-7.590009e+07,6.982081e+07,308.1126
568,17136282.0,xy,1.1922795e-10,-7.590009e+07,6.982081e+07,308.1126
569,17136282.0,xz,-33719.984,-7.590009e+07,6.982081e+07,308.1126
570,17136282.0,yx,1.1922795e-10,-7.590009e+07,6.982081e+07,308.1126
571,17136282.0,yy,-7.590017e+07,-7.590009e+07,6.982081e+07,308.1126
572,17136282.0,yz,-38288.008,-7.590009e+07,6.982081e+07,308.1126
573,17136282.0,zx,-33719.984,-7.590009e+07,6.982081e+07,308.1126
574,17136282.0,zy,-38288.008,-7.590009e+07,6.982081e+07,308.1126
575,17136282.0,zz,-9.4650744e+07,-7.590009e+07,6.982081e+07,308.1126
576,17636282.0,xx,-7.5897496e+07,-7.589626e+07,6.982081e+07,308.1126
577,17636282.0,xy,1.1947766e-10,-7.589626e+07,6.982081e+07,308.1126
578,17636282.0,xz,-33717.77,-7.589626e+07,6.982081e+07,308.1126
579,17636282.0,yx,1.1947766e-10,-7.589626e+07,6.982081e+07,308.1126
580,17636282.0,yy,-7.589634e+07,-7.589626e+07,6.982081e+07,308.1126
581,17636282.0,yz,-38283.984,-7.589626e+07,6.982081e+07,308.1126
582,17636282.0,zx,-33717.77,-7.589626e+07,6.982081e+07,308.1126
583,17636282.0,zy,-38283.984,-7.589626e+07,6.982081e+07,308.1126
584,17636282.0,zz,-9.4649304e+07,-7.589626e+07,6.982081e+07,308.1126
585,18136282.0,xx,-7.589438e+07,-7.589297e+07,6.984547e+07,308.1123
586,18136282.0,xy,1.2031319e-10,-7.589297e+07,6.984547e+07,308.1123
587,18136282.0,xz,-33356.715,-7.589297e+07,6.984547e+07,308.1123
588,18136282.0,yx,1.2031319e-10,-7.589297e+07,6.984547e+07,308.1123
589,18136282.0,yy,-7.589305e+07,-7.589297e+07,6.984547e+07,308.1123
590,18136282.0,yz,-37801.086,-7.589297e+07,6.984547e+07,308.1123
591,18136282.0,zx,-33356.715,-7.589297e+07,6.984547e+07,308.1123
592,18136282.0,zy,-37801.086,-7.589297e+07,6.984547e+07,308.1123
593,18136282.0,zz,-9.464444e+07,-7.589297e+07,6.984547e+07,308.1123
594,18636282.0,xx,-7.589043e+07,-7.588901e+07,6.984547e+07,308.1123
595,18636282.0,xy,1.2056964e-10,-7.588901e+07,6.984547e+07,308.1123
596,18636282.0,xz,-33354.387,-7.588901e+07,6.984547e+07,308.1123
597,18636282.0,yx,1.2056964e-10,-7.588901e+07,6.984547e+07,308.1123
598,18636282.0,yy,-7.588909e+07,-7.588901e+07,6.984547e+07,308.1123
599,18636282.0,yz,-37797.492,-7.588901e+07,6.984547e+07,308.1123
600,18636282.0,zx,-33354.387,-7.588901e+07,6.984547e+07,308.1123
601,18636282.0,zy,-37797.492,-7.588901e+07,6.984547e+07,308.1123
602,18636282.0,zz,-9.464291e+07,-7.588901e+07,6.984547e+07,308.1123
603,19136282.0,xx,-7.588645e+07,-7.588466e+07,6.986871e+07,308.112
604,19136282.0,xy,1.2145754e-10,-7.588466e+07,6.986871e+07,308.112
605,19136282.0,xz,-33005.8,-7.588466e+07,6.986871e+07,308.112
606,19136282.0,yx,1.2145754e-10,-7.588466e+07,6.986871e+07,308.112
607,19136282.0,yy,-7.588473e+07,-7.588466e+07,6.986871e+07,308.112
608,19136282.0,yz,-37333.973,-7.588466e+07,6.986871e+07,308.112
609,19136282.0,zx,-33005.8,-7.588466e+07,6.986871e+07,308.112
610,19136282.0,zy,-37333.973,-7.588466e+07,6.986871e+07,308.112
611,19136282.0,zz,-9.4639096e+07,-7.588466e+07,6.986871e+07,308.112
612,19636282.0,xx,-7.5882376e+07,-7.588055e+07,6.986871e+07,308.112
613,19636282.0,xy,1.217209e-10,-7.588055e+07,6.986871e+07,308.112
614,19636282.0,xz,-33003.18,-7.588055e+07,6.986871e+07,308.112
615,19636282.0,yx,1.217209e-10,-7.588055e+07,6.986871e+07,308.112
616,19636282.0,yy,-7.588063e+07,-7.588055e+07,6.986871e+07,308.112
617,19636282.0,yz,-37331.004,-7.588055e+07,6.986871e+07,308.112
618,19636282.0,zx,-33003.18,-7.588055e+07,6.986871e+07,308.112
619,19636282.0,zy,-37331.004,-7.588055e+07,6.986871e+07,308.112
620,19636282.0,zz,-9.46375e+07,-7.588055e+07,6.986871e+07,308.112
621,20136282.0,xx,-7.587771e+07,-7.587604e+07,6.9891656e+07,308.1118
622,20136282.0,xy,1.2268042e-10,-7.587604e+07,6.9891656e+07,308.1118
623,20136282.0,xz,-32664.078,-7.587604e+07,6.9891656e+07,308.1118
624,20136282.0,yx,1.2268042e-10,-7.587604e+07,6.9891656e+07,308.1118
625,20136282.0,yy,-7.587612e+07,-7.587604e+07,6.9891656e+07,308.1118
626,20136282.0,yz,-36883.25,-7.587604e+07,6.9891656e+07,308.1118
627,20136282.0,zx,-32664.078,-7.587604e+07,6.9891656e+07,308.1118
628,20136282.0,zy,-36883.25,-7.587604e+07,6.9891656e+07,308.1118
629,20136282.0,zz,-9.463397e+07,-7.587604e+07,6.9891656e+07,308.1118
630,20636282.0,xx,-7.5873544e+07,-7.587183e+07,6.9891656e+07,308.1118
631,20636282.0,xy,1.2295054e-10,-7.587183e+07,6.9891656e+07,308.1118
632,20636282.0,xz,-32661.021,-7.587183e+07,6.9891656e+07,308.1118
633,20636282.0,yx,1.2295054e-10,-7.587183e+07,6.9891656e+07,308.1118
634,20636282.0,yy,-7.587191e+07,-7.587183e+07,6.9891656e+07,308.1118
635,20636282.0,yz,-36880.977,-7.587183e+07,6.9891656e+07,308.1118
636,20636282.0,zx,-32661.021,-7.587183e+07,6.9891656e+07,308.1118
637,20636282.0,zy,-36880.977,-7.587183e+07,6.9891656e+07,308.1118
638,20636282.0,zz,-9.463235e+07,-7.587183e+07,6.9891656e+07,308.1118
639,21136282.0,xx,-7.58684e+07,-7.586633e+07,6.991024e+07,308.1115
640,21136282.0,xy,1.2376014e-10,-7.586633e+07,6.991024e+07,308.1115
641,21136282.0,xz,-32332.44,-7.586633e+07,6.991024e+07,308.1115
642,21136282.0,yx,1.2376014e-10,-7.586633e+07,6.991024e+07,308.1115
643,21136282.0,yy,-7.58664e+07,-7.586633e+07,6.991024e+07,308.1115
644,21136282.0,yz,-36449.33,-7.586633e+07,6.991024e+07,308.1115
645,21136282.0,zx,-32332.44,-7.586633e+07,6.991024e+07,308.1115
646,21136282.0,zy,-36449.33,-7.586633e+07,6.991024e+07,308.1115
647,21136282.0,zz,-9.462779e+07,-7.586633e+07,6.991024e+07,308.1115
648,21636282.0,xx,-7.586415e+07,-7.586203e+07,6.991024e+07,308.1115
649,21636282.0,xy,1.2403543e-10,-7.586203e+07,6.991024e+07,308.1115
650,21636282.0,xz,-32328.855,-7.586203e+07,6.991024e+07,308.1115
651,21636282.0,yx,1.2403543e-10,-7.586203e+07,6.991024e+07,308.1115
652,21636282.0,yy,-7.5862104e+07,-7.586203e+07,6.991024e+07,308.1115
653,21636282.0,yz,-36447.793,-7.586203e+07,6.991024e+07,308.1115
654,21636282.0,zx,-32328.855,-7.586203e+07,6.991024e+07,308.1115
655,21636282.0,zy,-36447.793,-7.586203e+07,6.991024e+07,308.1115
656,21636282.0,zz,-9.462619e+07,-7.586203e+07,6.991024e+07,308.1115
657,22136282.0,xx,-7.58592e+07,-7.5857016e+07,6.9930584e+07,308.1113
658,22136282.0,xy,1.2492268e-10,-7.5857016e+07,6.9930584e+07,308.1113
659,22136282.0,xz,-32009.127,-7.5857016e+07,6.9930584e+07,308.1113
660,22136282.0,yx,1.2492268e-10,-7.5857016e+07,6.9930584e+07,308.1113
661,22136282.0,yy,-7.585709e+07,-7.5857016e+07,6.9930584e+07,308.1113
662,22136282.0,yz,-36030.184,-7.5857016e+07,6.9930584e+07,308.1113
663,22136282.0,zx,-32009.127,-7.5857016e+07,6.9930584e+07,308.1113
664,22136282.0,zy,-36030.184,-7.5857016e+07,6.9930584e+07,308.1113
665,22136282.0,zz,-9.4622376e+07,-7.5857016e+07,6.9930584e+07,308.1113
666,22636282.0,xx,-7.585487e+07,-7.585263e+07,6.9930584e+07,308.1113
667,22636282.0,xy,1.2520489e-10,-7.585263e+07,6.9930584e+07,308.1113
668,22636282.0,xz,-32005.0,-7.585263e+07,6.9930584e+07,308.1113
669,22636282.0,yx,1.2520489e-10,-7.585263e+07,6.9930584e+07,308.1113
670,22636282.0,yy,-7.58527e+07,-7.585263e+07,6.9930584e+07,308.1113
671,22636282.0,yz,-36029.297,-7.585263e+07,6.9930584e+07,308.1113
672,22636282.0,zx,-32005.0,-7.585263e+07,6.9930584e+07,308.1113
673,22636282.0,zy,-36029.297,-7.585263e+07,6.9930584e+07,308.1113
674,22636282.0,zz,-9.462079e+07,-7.585263e+07,6.9930584e+07,308.1113
675,23136282.0,xx,-7.5849176e+07,-7.5847256e+07,6.994849e+07,308.11108
676,23136282.0,xy,1.2608496e-10,-7.5847256e+07,6.994849e+07,308.11108
677,23136282.0,xz,-31694.988,-7.5847256e+07,6.994849e+07,308.11108
678,23136282.0,yx,1.2608496e-10,-7.5847256e+07,6.994849e+07,308.11108
679,23136282.0,yy,-7.584732e+07,-7.5847256e+07,6.994849e+07,308.11108
680,23136282.0,yz,-35626.758,-7.5847256e+07,6.994849e+07,308.11108
681,23136282.0,zx,-31694.988,-7.5847256e+07,6.994849e+07,308.11108
682,23136282.0,zy,-35626.758,-7.5847256e+07,6.994849e+07,308.11108
683,23136282.0,zz,-9.461698e+07,-7.5847256e+07,6.994849e+07,308.11108
684,23636282.0,xx,-7.58448e+07,-7.584281e+07,6.994849e+07,308.11108
685,23636282.0,xy,1.2637237e-10,-7.584281e+07,6.994849e+07,308.11108
686,23636282.0,xz,-31690.3,-7.584281e+07,6.994849e+07,308.11108
687,23636282.0,yx,1.2637237e-10,-7.584281e+07,6.994849e+07,308.11108
688,23636282.0,yy,-7.584288e+07,-7.584281e+07,6.994849e+07,308.11108
689,23636282.0,yz,-35626.5,-7.584281e+07,6.994849e+07,308.11108
690,23636282.0,zx,-31690.3,-7.584281e+07,6.994849e+07,308.11108
691,23636282.0,zy,-35626.5,-7.584281e+07,6.994849e+07,308.11108
692,23636282.0,zz,-9.461544e+07,-7.584281e+07,6.994849e+07,308.11108
693,24136282.0,xx,-7.583941e+07,-7.5836904e+07,6.9967064e+07,308.1108
694,24136282.0,xy,1.2723103e-10,-7.5836904e+07,6.9967064e+07,308.1108
695,24136282.0,xz,-31388.559,-7.5836904e+07,6.9967064e+07,308.1108
696,24136282.0,yx,1.2723103e-10,-7.5836904e+07,6.9967064e+07,308.1108
697,24136282.0,yy,-7.583697e+07,-7.5836904e+07,6.9967064e+07,308.1108
698,24136282.0,yz,-35237.93,-7.5836904e+07,6.9967064e+07,308.1108
699,24136282.0,zx,-31388.559,-7.5836904e+07,6.9967064e+07,308.1108
700,24136282.0,zy,-35237.93,-7.5836904e+07,6.9967064e+07,308.1108
701,24136282.0,zz,-9.461195e+07,-7.5836904e+07,6.9967064e+07,308.1108
702,24636282.0,xx,-7.583498e+07,-7.583239e+07,6.9967064e+07,308.1108
703,24636282.0,xy,1.2752366e-10,-7.583239e+07,6.9967064e+07,308.1108
704,24636282.0,xz,-31383.322,-7.583239e+07,6.9967064e+07,308.1108
705,24636282.0,yx,1.2752366e-10,-7.583239e+07,6.9967064e+07,308.1108
706,24636282.0,yy,-7.5832456e+07,-7.583239e+07,6.9967064e+07,308.1108
707,24636282.0,yz,-35238.23,-7.583239e+07,6.9967064e+07,308.1108
708,24636282.0,zx,-31383.322,-7.583239e+07,6.9967064e+07,308.1108
709,24636282.0,zy,-35238.23,-7.583239e+07,6.9967064e+07,308.1108
710,24636282.0,zz,-9.461046e+07,-7.583239e+07,6.9967064e+07,308.1108
711,25136282.0,xx,-7.582919e+07,-7.582705e+07,6.998446e+07,308.1106
712,25136282.0,xy,1.2839424e-10,-7.582705e+07,6.998446e+07,308.1106
713,25136282.0,xz,-31089.176,-7.582705e+07,6.998446e+07,308.1106
714,25136282.0,yx,1.2839424e-10,-7.582705e+07,6.998446e+07,308.1106
715,25136282.0,yy,-7.582711e+07,-7.582705e+07,6.998446e+07,308.1106
716,25136282.0,yz,-34861.637,-7.582705e+07,6.998446e+07,308.1106
717,25136282.0,zx,-31089.176,-7.582705e+07,6.998446e+07,308.1106
718,25136282.0,zy,-34861.637,-7.582705e+07,6.998446e+07,308.1106
719,25136282.0,zz,-9.460646e+07,-7.582705e+07,6.998446e+07,308.1106
720,25636282.0,xx,-7.582471e+07,-7.582249e+07,6.998446e+07,308.1106
721,25636282.0,xy,1.2869264e-10,-7.582249e+07,6.998446e+07,308.1106
722,25636282.0,xz,-31083.402,-7.582249e+07,6.998446e+07,308.1106
723,25636282.0,yx,1.2869264e-10,-7.582249e+07,6.998446e+07,308.1106
724,25636282.0,yy,-7.582256e+07,-7.582249e+07,6.998446e+07,308.1106
725,25636282.0,yz,-34862.477,-7.582249e+07,6.998446e+07,308.1106
726,25636282.0,zx,-31083.402,-7.582249e+07,6.998446e+07,308.1106
727,25636282.0,zy,-34862.477,-7.582249e+07,6.998446e+07,308.1106
728,25636282.0,zz,-9.460505e+07,-7.582249e+07,6.998446e+07,308.1106
729,26136282.0,xx,-7.581862e+07,-7.581618e+07,7.000045e+07,308.11038
730,26136282.0,xy,1.2954118e-10,-7.581618e+07,7.000045e+07,308.11038
731,26136282.0,xz,-30795.46,-7.581618e+07,7.000045e+07,308.11038
732,26136282.0,yx,1.2954118e-10,-7.581618e+07,7.000045e+07,308.11038
733,26136282.0,yy,-7.581624e+07,-7.581618e+07,7.000045e+07,308.11038
734,26136282.0,yz,-34497.336,-7.581618e+07,7.000045e+07,308.11038
735,26136282.0,zx,-30795.46,-7.581618e+07,7.000045e+07,308.11038
736,26136282.0,zy,-34497.336,-7.581618e+07,7.000045e+07,308.11038
737,26136282.0,zz,-9.4601704e+07,-7.581618e+07,7.000045e+07,308.11038
738,26636282.0,xx,-7.5814104e+07,-7.5811576e+07,7.000045e+07,308.11038
739,26636282.0,xy,1.2984494e-10,-7.5811576e+07,7.000045e+07,308.11038
740,26636282.0,xz,-30789.207,-7.5811576e+07,7.000045e+07,308.11038
741,26636282.0,yx,1.2984494e-10,-7.5811576e+07,7.000045e+07,308.11038
742,26636282.0,yy,-7.581164e+07,-7.5811576e+07,7.000045e+07,308.11038
743,26636282.0,yz,-34498.613,-7.5811576e+07,7.000045e+07,308.11038
744,26636282.0,zx,-30789.207,-7.5811576e+07,7.000045e+07,308.11038
745,26636282.0,zy,-34498.613,-7.5811576e+07,7.000045e+07,308.11038
746,26636282.0,zz,-9.460035e+07,-7.5811576e+07,7.000045e+07,308.11038
747,27136282.0,xx,-7.580836e+07,-7.580543e+07,7.0016584e+07,308.1102
748,27136282.0,xy,1.3066721e-10,-7.580543e+07,7.0016584e+07,308.1102
749,27136282.0,xz,-30509.947,-7.580543e+07,7.0016584e+07,308.1102
750,27136282.0,yx,1.3066721e-10,-7.580543e+07,7.0016584e+07,308.1102
751,27136282.0,yy,-7.5805496e+07,-7.580543e+07,7.0016584e+07,308.1102
752,27136282.0,yz,-34146.137,-7.580543e+07,7.0016584e+07,308.1102
753,27136282.0,zx,-30509.947,-7.580543e+07,7.0016584e+07,308.1102
754,27136282.0,zy,-34146.137,-7.580543e+07,7.0016584e+07,308.1102
755,27136282.0,zz,-9.459705e+07,-7.580543e+07,7.0016584e+07,308.1102
756,27636282.0,xx,-7.58038e+07,-7.580078e+07,7.0016584e+07,308.1102
757,27636282.0,xy,1.3097576e-10,-7.580078e+07,7.0016584e+07,308.1102
758,27636282.0,xz,-30503.277,-7.580078e+07,7.0016584e+07,308.1102
759,27636282.0,yx,1.3097576e-10,-7.580078e+07,7.0016584e+07,308.1102
760,27636282.0,yy,-7.580085e+07,-7.580078e+07,7.0016584e+07,308.1102
761,27636282.0,yz,-34147.793,-7.580078e+07,7.0016584e+07,308.1102
762,27636282.0,zx,-30503.277,-7.580078e+07,7.0016584e+07,308.1102
763,27636282.0,zy,-34147.793,-7.580078e+07,7.0016584e+07,308.1102
764,27636282.0,zz,-9.459577e+07,-7.580078e+07,7.0016584e+07,308.1102
765,28136282.0,xx,-7.579795e+07,-7.579498e+07,7.003227e+07,308.11
766,28136282.0,xy,1.3180712e-10,-7.579498e+07,7.003227e+07,308.11
767,28136282.0,xz,-30230.195,-7.579498e+07,7.003227e+07,308.11
768,28136282.0,yx,1.3180712e-10,-7.579498e+07,7.003227e+07,308.11
769,28136282.0,yy,-7.579503e+07,-7.579498e+07,7.003227e+07,308.11
770,28136282.0,yz,-33805.035,-7.579498e+07,7.003227e+07,308.11
771,28136282.0,zx,-30230.195,-7.579498e+07,7.003227e+07,308.11
772,28136282.0,zy,-33805.035,-7.579498e+07,7.003227e+07,308.11
773,28136282.0,zz,-9.459248e+07,-7.579498e+07,7.003227e+07,308.11
774,28636282.0,xx,-7.579337e+07,-7.57903e+07,7.003227e+07,308.11
775,28636282.0,xy,1.3212029e-10,-7.57903e+07,7.003227e+07,308.11
776,28636282.0,xz,-30223.15,-7.57903e+07,7.003227e+07,308.11
777,28636282.0,yx,1.3212029e-10,-7.57903e+07,7.003227e+07,308.11
778,28636282.0,yy,-7.579037e+07,-7.57903e+07,7.003227e+07,308.11
779,28636282.0,yz,-33807.016,-7.57903e+07,7.003227e+07,308.11
780,28636282.0,zx,-30223.15,-7.57903e+07,7.003227e+07,308.11
781,28636282.0,zy,-33807.016,-7.57903e+07,7.003227e+07,308.11
782,28636282.0,zz,-9.459129e+07,-7.57903e+07,7.003227e+07,308.11
783,29136282.0,xx,-7.578732e+07,-7.578378e+07,7.004575e+07,308.10977
784,29136282.0,xy,1.3286874e-10,-7.578378e+07,7.004575e+07,308.10977
785,29136282.0,xz,-29957.793,-7.578378e+07,7.004575e+07,308.10977
786,29136282.0,yx,1.3286874e-10,-7.578378e+07,7.004575e+07,308.10977
787,29136282.0,yy,-7.578384e+07,-7.578378e+07,7.004575e+07,308.10977
788,29136282.0,yz,-33474.766,-7.578378e+07,7.004575e+07,308.10977
789,29136282.0,zx,-29957.793,-7.578378e+07,7.004575e+07,308.10977
790,29136282.0,zy,-33474.766,-7.578378e+07,7.004575e+07,308.10977
791,29136282.0,zz,-9.458763e+07,-7.578378e+07,7.004575e+07,308.10977
792,29636282.0,xx,-7.578272e+07,-7.577909e+07,7.004575e+07,308.10977
793,29636282.0,xy,1.3318632e-10,-7.577909e+07,7.004575e+07,308.10977
794,29636282.0,xz,-29950.459,-7.577909e+07,7.004575e+07,308.10977
795,29636282.0,yx,1.3318632e-10,-7.577909e+07,7.004575e+07,308.10977
796,29636282.0,yy,-7.577915e+07,-7.577909e+07,7.004575e+07,308.10977
797,29636282.0,yz,-33476.957,-7.577909e+07,7.004575e+07,308.10977
798,29636282.0,zx,-29950.459,-7.577909e+07,7.004575e+07,308.10977
799,29636282.0,zy,-33476.957,-7.577909e+07,7.004575e+07,308.10977
800,29636282.0,zz,-9.458651e+07,-7.577909e+07,7.004575e+07,308.10977
801,30136282.0,xx,-7.577687e+07,-7.577348e+07,7.00611e+07,308.10968
802,30136282.0,xy,1.3401963e-10,-7.577348e+07,7.00611e+07,308.10968
803,30136282.0,xz,-29690.64,-7.577348e+07,7.00611e+07,308.10968
804,30136282.0,yx,1.3401963e-10,-7.577348e+07,7.00611e+07,308.10968
805,30136282.0,yy,-7.577354e+07,-7.577348e+07,7.00611e+07,308.10968
806,30136282.0,yz,-33153.766,-7.577348e+07,7.00611e+07,308.10968
807,30136282.0,zx,-29690.64,-7.577348e+07,7.00611e+07,308.10968
808,30136282.0,zy,-33153.766,-7.577348e+07,7.00611e+07,308.10968
809,30136282.0,zz,-9.4583336e+07,-7.577348e+07,7.00611e+07,308.10968
810,30636282.0,xx,-7.577223e+07,-7.576876e+07,7.00611e+07,308.10968
811,30636282.0,xy,1.3434243e-10,-7.576876e+07,7.00611e+07,308.10968
812,30636282.0,xz,-29683.055,-7.576876e+07,7.00611e+07,308.10968
813,30636282.0,yx,1.3434243e-10,-7.576876e+07,7.00611e+07,308.10968
814,30636282.0,yy,-7.5768824e+07,-7.576876e+07,7.00611e+07,308.10968
815,30636282.0,yz,-33156.125,-7.576876e+07,7.00611e+07,308.10968
816,30636282.0,zx,-29683.055,-7.576876e+07,7.00611e+07,308.10968
817,30636282.0,zy,-33156.125,-7.576876e+07,7.00611e+07,308.10968
818,30636282.0,zz,-9.458229e+07,-7.576876e+07,7.00611e+07,308.10968
819,31136282.0,xx,-7.576664e+07,-7.576283e+07,7.007473e+07,308.10947
820,31136282.0,xy,1.3505518e-10,-7.576283e+07,7.007473e+07,308.10947
821,31136282.0,xz,-29428.979,-7.576283e+07,7.007473e+07,308.10947
822,31136282.0,yx,1.3505518e-10,-7.576283e+07,7.007473e+07,308.10947
823,31136282.0,yy,-7.57629e+07,-7.576283e+07,7.007473e+07,308.10947
824,31136282.0,yz,-32842.402,-7.576283e+07,7.007473e+07,308.10947
825,31136282.0,zx,-29428.979,-7.576283e+07,7.007473e+07,308.10947
826,31136282.0,zy,-32842.402,-7.576283e+07,7.007473e+07,308.10947
827,31136282.0,zz,-9.4578344e+07,-7.576283e+07,7.007473e+07,308.10947
828,31636282.0,xx,-7.576198e+07,-7.575811e+07,7.007473e+07,308.10947
829,31636282.0,xy,1.3538189e-10,-7.575811e+07,7.007473e+07,308.10947
830,31636282.0,xz,-29421.223,-7.575811e+07,7.007473e+07,308.10947
831,31636282.0,yx,1.3538189e-10,-7.575811e+07,7.007473e+07,308.10947
832,31636282.0,yy,-7.575817e+07,-7.575811e+07,7.007473e+07,308.10947
833,31636282.0,yz,-32844.84,-7.575811e+07,7.007473e+07,308.10947
834,31636282.0,zx,-29421.223,-7.575811e+07,7.007473e+07,308.10947
835,31636282.0,zy,-32844.84,-7.575811e+07,7.007473e+07,308.10947
836,31636282.0,zz,-9.457737e+07,-7.575811e+07,7.007473e+07,308.10947
837,32136282.0,xx,-7.57554e+07,-7.575203e+07,7.008812e+07,308.10928
838,32136282.0,xy,1.3623352e-10,-7.575203e+07,7.008812e+07,308.10928
839,32136282.0,xz,-29174.584,-7.575203e+07,7.008812e+07,308.10928
840,32136282.0,yx,1.3623352e-10,-7.575203e+07,7.008812e+07,308.10928
841,32136282.0,yy,-7.575209e+07,-7.575203e+07,7.008812e+07,308.10928
842,32136282.0,yz,-32540.152,-7.575203e+07,7.008812e+07,308.10928
843,32136282.0,zx,-29174.584,-7.575203e+07,7.008812e+07,308.10928
844,32136282.0,zy,-32540.152,-7.575203e+07,7.008812e+07,308.10928
845,32136282.0,zz,-9.4574696e+07,-7.575203e+07,7.008812e+07,308.10928
846,32636282.0,xx,-7.57507e+07,-7.574728e+07,7.008812e+07,308.10928
847,32636282.0,xy,1.3656579e-10,-7.574728e+07,7.008812e+07,308.10928
848,32636282.0,xz,-29166.67,-7.574728e+07,7.008812e+07,308.10928
849,32636282.0,yx,1.3656579e-10,-7.574728e+07,7.008812e+07,308.10928
850,32636282.0,yy,-7.5747336e+07,-7.574728e+07,7.008812e+07,308.10928
851,32636282.0,yz,-32542.625,-7.574728e+07,7.008812e+07,308.10928
852,32636282.0,zx,-29166.67,-7.574728e+07,7.008812e+07,308.10928
853,32636282.0,zy,-32542.625,-7.574728e+07,7.008812e+07,308.10928
854,32636282.0,zz,-9.4573784e+07,-7.574728e+07,7.008812e+07,308.10928
855,33136282.0,xx,-7.574481e+07,-7.574099e+07,7.010106e+07,308.10907
856,33136282.0,xy,1.3730206e-10,-7.574099e+07,7.010106e+07,308.10907
857,33136282.0,xz,-28925.486,-7.574099e+07,7.010106e+07,308.10907
858,33136282.0,yx,1.3730206e-10,-7.574099e+07,7.010106e+07,308.10907
859,33136282.0,yy,-7.574105e+07,-7.574099e+07,7.010106e+07,308.10907
860,33136282.0,yz,-32245.744,-7.574099e+07,7.010106e+07,308.10907
861,33136282.0,zx,-28925.486,-7.574099e+07,7.010106e+07,308.10907
862,33136282.0,zy,-32245.744,-7.574099e+07,7.010106e+07,308.10907
863,33136282.0,zz,-9.457058e+07,-7.574099e+07,7.010106e+07,308.10907
864,33636284.0,xx,-7.574009e+07,-7.573622e+07,7.010106e+07,308.10907
865,33636284.0,xy,1.3763898e-10,-7.573622e+07,7.010106e+07,308.10907
866,33636284.0,xz,-28917.46,-7.573622e+07,7.010106e+07,308.10907
867,33636284.0,yx,1.3763898e-10,-7.573622e+07,7.010106e+07,308.10907
868,33636284.0,yy,-7.573628e+07,-7.573622e+07,7.010106e+07,308.10907
869,33636284.0,yz,-32248.223,-7.573622e+07,7.010106e+07,308.10907
870,33636284.0,zx,-28917.46,-7.573622e+07,7.010106e+07,308.10907
871,33636284.0,zy,-32248.223,-7.573622e+07,7.010106e+07,308.10907
872,33636284.0,zz,-9.456973e+07,-7.573622e+07,7.010106e+07,308.10907
873,34136284.0,xx,-7.573444e+07,-7.573077e+07,7.011386e+07,308.10898
874,34136284.0,xy,1.3834939e-10,-7.573077e+07,7.011386e+07,308.10898
875,34136284.0,xz,-28681.36,-7.573077e+07,7.011386e+07,308.10898
876,34136284.0,yx,1.3834939e-10,-7.573077e+07,7.011386e+07,308.10898
877,34136284.0,yy,-7.5730824e+07,-7.573077e+07,7.011386e+07,308.10898
878,34136284.0,yz,-31958.14,-7.573077e+07,7.011386e+07,308.10898
879,34136284.0,zx,-28681.36,-7.573077e+07,7.011386e+07,308.10898
880,34136284.0,zy,-31958.14,-7.573077e+07,7.011386e+07,308.10898
881,34136284.0,zz,-9.4565784e+07,-7.573077e+07,7.011386e+07,308.10898
882,34636284.0,xx,-7.572969e+07,-7.572598e+07,7.011386e+07,308.10898
883,34636284.0,xy,1.3869092e-10,-7.572598e+07,7.011386e+07,308.10898
884,34636284.0,xz,-28673.287,-7.572598e+07,7.011386e+07,308.10898
885,34636284.0,yx,1.3869092e-10,-7.572598e+07,7.011386e+07,308.10898
886,34636284.0,yy,-7.572604e+07,-7.572598e+07,7.011386e+07,308.10898
887,34636284.0,yz,-31960.564,-7.572598e+07,7.011386e+07,308.10898
888,34636284.0,zx,-28673.287,-7.572598e+07,7.011386e+07,308.10898
889,34636284.0,zy,-31960.564,-7.572598e+07,7.011386e+07,308.10898
890,34636284.0,zz,-9.4565e+07,-7.572598e+07,7.011386e+07,308.10898
891,35136284.0,xx,-7.572453e+07,-7.5720456e+07,7.0127144e+07,308.10876
892,35136284.0,xy,1.3936283e-10,-7.5720456e+07,7.0127144e+07,308.10876
893,35136284.0,xz,-28443.889,-7.5720456e+07,7.0127144e+07,308.10876
894,35136284.0,yx,1.3936283e-10,-7.5720456e+07,7.0127144e+07,308.10876
895,35136284.0,yy,-7.572051e+07,-7.5720456e+07,7.0127144e+07,308.10876
896,35136284.0,yz,-31680.102,-7.5720456e+07,7.0127144e+07,308.10876
897,35136284.0,zx,-28443.889,-7.5720456e+07,7.0127144e+07,308.10876
898,35136284.0,zy,-31680.102,-7.5720456e+07,7.0127144e+07,308.10876
899,35136284.0,zz,-9.456121e+07,-7.5720456e+07,7.0127144e+07,308.10876
900,35636284.0,xx,-7.571974e+07,-7.571566e+07,7.0127144e+07,308.10876
901,35636284.0,xy,1.3970837e-10,-7.571566e+07,7.0127144e+07,308.10876
902,35636284.0,xz,-28435.807,-7.571566e+07,7.0127144e+07,308.10876
903,35636284.0,yx,1.3970837e-10,-7.571566e+07,7.0127144e+07,308.10876
904,35636284.0,yy,-7.571571e+07,-7.571566e+07,7.0127144e+07,308.10876
905,35636284.0,yz,-31682.416,-7.571566e+07,7.0127144e+07,308.10876
906,35636284.0,zx,-28435.807,-7.571566e+07,7.0127144e+07,308.10876
907,35636284.0,zy,-31682.416,-7.571566e+07,7.0127144e+07,308.10876
908,35636284.0,zz,-9.456046e+07,-7.571566e+07,7.0127144e+07,308.10876
909,36136284.0,xx,-7.571485e+07,-7.571016e+07,7.013974e+07,308.10867
910,36136284.0,xy,1.4032238e-10,-7.571016e+07,7.013974e+07,308.10867
911,36136284.0,xz,-28209.018,-7.571016e+07,7.013974e+07,308.10867
912,36136284.0,yx,1.4032238e-10,-7.571016e+07,7.013974e+07,308.10867
913,36136284.0,yy,-7.5710216e+07,-7.571016e+07,7.013974e+07,308.10867
914,36136284.0,yz,-31406.879,-7.571016e+07,7.013974e+07,308.10867
915,36136284.0,zx,-28209.018,-7.571016e+07,7.013974e+07,308.10867
916,36136284.0,zy,-31406.879,-7.571016e+07,7.013974e+07,308.10867
917,36136284.0,zz,-9.4556344e+07,-7.571016e+07,7.013974e+07,308.10867
918,36636284.0,xx,-7.571004e+07,-7.570535e+07,7.013974e+07,308.10867
919,36636284.0,xy,1.4067175e-10,-7.570535e+07,7.013974e+07,308.10867
920,36636284.0,xz,-28200.953,-7.570535e+07,7.013974e+07,308.10867
921,36636284.0,yx,1.4067175e-10,-7.570535e+07,7.013974e+07,308.10867
922,36636284.0,yy,-7.57054e+07,-7.570535e+07,7.013974e+07,308.10867
923,36636284.0,yz,-31409.104,-7.570535e+07,7.013974e+07,308.10867
924,36636284.0,zx,-28200.953,-7.570535e+07,7.013974e+07,308.10867
925,36636284.0,zy,-31409.104,-7.570535e+07,7.013974e+07,308.10867
926,36636284.0,zz,-9.455565e+07,-7.570535e+07,7.013974e+07,308.10867
927,37136284.0,xx,-7.570465e+07,-7.569978e+07,7.015166e+07,308.10846
928,37136284.0,xy,1.4132256e-10,-7.569978e+07,7.015166e+07,308.10846
929,37136284.0,xz,-27981.355,-7.569978e+07,7.015166e+07,308.10846
930,37136284.0,yx,1.4132256e-10,-7.569978e+07,7.015166e+07,308.10846
931,37136284.0,yy,-7.569983e+07,-7.569978e+07,7.015166e+07,308.10846
932,37136284.0,yz,-31141.559,-7.569978e+07,7.015166e+07,308.10846
933,37136284.0,zx,-27981.355,-7.569978e+07,7.015166e+07,308.10846
934,37136284.0,zy,-31141.559,-7.569978e+07,7.015166e+07,308.10846
935,37136284.0,zz,-9.455176e+07,-7.569978e+07,7.015166e+07,308.10846
936,37636284.0,xx,-7.56998e+07,-7.569494e+07,7.015166e+07,308.10846
937,37636284.0,xy,1.4167613e-10,-7.569494e+07,7.015166e+07,308.10846
938,37636284.0,xz,-27973.334,-7.569494e+07,7.015166e+07,308.10846
939,37636284.0,yx,1.4167613e-10,-7.569494e+07,7.015166e+07,308.10846
940,37636284.0,yy,-7.569499e+07,-7.569494e+07,7.015166e+07,308.10846
941,37636284.0,yz,-31143.672,-7.569494e+07,7.015166e+07,308.10846
942,37636284.0,zx,-27973.334,-7.569494e+07,7.015166e+07,308.10846
943,37636284.0,zy,-31143.672,-7.569494e+07,7.015166e+07,308.10846
944,37636284.0,zz,-9.45511e+07,-7.569494e+07,7.015166e+07,308.10846
945,38136284.0,xx,-7.5693896e+07,-7.568949e+07,7.0163176e+07,308.10828
946,38136284.0,xy,1.4238369e-10,-7.568949e+07,7.0163176e+07,308.10828
947,38136284.0,xz,-27758.596,-7.568949e+07,7.0163176e+07,308.10828
948,38136284.0,yx,1.4238369e-10,-7.568949e+07,7.0163176e+07,308.10828
949,38136284.0,yy,-7.5689544e+07,-7.568949e+07,7.0163176e+07,308.10828
950,38136284.0,yz,-30882.94,-7.568949e+07,7.0163176e+07,308.10828
951,38136284.0,zx,-27758.596,-7.568949e+07,7.0163176e+07,308.10828
952,38136284.0,zy,-30882.94,-7.568949e+07,7.0163176e+07,308.10828
953,38136284.0,zz,-9.454747e+07,-7.568949e+07,7.0163176e+07,308.10828
954,38636284.0,xx,-7.5689016e+07,-7.568462e+07,7.0163176e+07,308.10828
955,38636284.0,xy,1.4274117e-10,-7.568462e+07,7.0163176e+07,308.10828
956,38636284.0,xz,-27750.639,-7.568462e+07,7.0163176e+07,308.10828
957,38636284.0,yx,1.4274117e-10,-7.568462e+07,7.0163176e+07,308.10828
958,38636284.0,yy,-7.568468e+07,-7.568462e+07,7.0163176e+07,308.10828
959,38636284.0,yz,-30884.947,-7.568462e+07,7.0163176e+07,308.10828
960,38636284.0,zx,-27750.639,-7.568462e+07,7.0163176e+07,308.10828
961,38636284.0,zy,-30884.947,-7.568462e+07,7.0163176e+07,308.10828
962,38636284.0,zz,-9.454684e+07,-7.568462e+07,7.0163176e+07,308.10828
963,39136284.0,xx,-7.5683496e+07,-7.567968e+07,7.017367e+07,308.10815
964,39136284.0,xy,1.4335612e-10,-7.567968e+07,7.017367e+07,308.10815
965,39136284.0,xz,-27538.615,-7.567968e+07,7.017367e+07,308.10815
966,39136284.0,yx,1.4335612e-10,-7.567968e+07,7.017367e+07,308.10815
967,39136284.0,yy,-7.567973e+07,-7.567968e+07,7.017367e+07,308.10815
968,39136284.0,yz,-30629.232,-7.567968e+07,7.017367e+07,308.10815
969,39136284.0,zx,-27538.615,-7.567968e+07,7.017367e+07,308.10815
970,39136284.0,zy,-30629.232,-7.567968e+07,7.017367e+07,308.10815
971,39136284.0,zz,-9.454207e+07,-7.567968e+07,7.017367e+07,308.10815
972,39636284.0,xx,-7.5678584e+07,-7.56748e+07,7.017367e+07,308.10815
973,39636284.0,xy,1.4371696e-10,-7.56748e+07,7.017367e+07,308.10815
974,39636284.0,xz,-27530.797,-7.56748e+07,7.017367e+07,308.10815
975,39636284.0,yx,1.4371696e-10,-7.56748e+07,7.017367e+07,308.10815
976,39636284.0,yy,-7.567485e+07,-7.56748e+07,7.017367e+07,308.10815
977,39636284.0,yz,-30631.078,-7.56748e+07,7.017367e+07,308.10815
978,39636284.0,zx,-27530.797,-7.56748e+07,7.017367e+07,308.10815
979,39636284.0,zy,-30631.078,-7.56748e+07,7.017367e+07,308.10815
980,39636284.0,zz,-9.454146e+07,-7.56748e+07,7.017367e+07,308.10815
981,40136284.0,xx,-7.5673576e+07,-7.566948e+07,7.018525e+07,308.10797
982,40136284.0,xy,1.4431722e-10,-7.566948e+07,7.018525e+07,308.10797
983,40136284.0,xz,-27323.396,-7.566948e+07,7.018525e+07,308.10797
984,40136284.0,yx,1.4431722e-10,-7.566948e+07,7.018525e+07,308.10797
985,40136284.0,yy,-7.566953e+07,-7.566948e+07,7.018525e+07,308.10797
986,40136284.0,yz,-30383.064,-7.566948e+07,7.018525e+07,308.10797
987,40136284.0,zx,-27323.396,-7.566948e+07,7.018525e+07,308.10797
988,40136284.0,zy,-30383.064,-7.566948e+07,7.018525e+07,308.10797
989,40136284.0,zz,-9.453737e+07,-7.566948e+07,7.018525e+07,308.10797
990,40636284.0,xx,-7.566862e+07,-7.566455e+07,7.018525e+07,308.10797
991,40636284.0,xy,1.4468121e-10,-7.566455e+07,7.018525e+07,308.10797
992,40636284.0,xz,-27315.705,-7.566455e+07,7.018525e+07,308.10797
993,40636284.0,yx,1.4468121e-10,-7.566455e+07,7.018525e+07,308.10797
994,40636284.0,yy,-7.56646e+07,-7.566455e+07,7.018525e+07,308.10797
995,40636284.0,yz,-30384.797,-7.566455e+07,7.018525e+07,308.10797
996,40636284.0,zx,-27315.705,-7.566455e+07,7.018525e+07,308.10797
997,40636284.0,zy,-30384.797,-7.566455e+07,7.018525e+07,308.10797
998,40636284.0,zz,-9.4536744e+07,-7.566455e+07,7.018525e+07,308.10797
999,41136284.0,xx,-7.566381e+07,-7.565934e+07,7.019643e+07,308.10788
1000,41136284.0,xy,1.4524282e-10,-7.565934e+07,7.019643e+07,308.10788
1001,41136284.0,xz,-27113.3,-7.565934e+07,7.019643e+07,308.10788
1002,41136284.0,yx,1.4524282e-10,-7.565934e+07,7.019643e+07,308.10788
1003,41136284.0,yy,-7.565939e+07,-7.565934e+07,7.019643e+07,308.10788
1004,41136284.0,yz,-30140.992,-7.565934e+07,7.019643e+07,308.10788
1005,41136284.0,zx,-27113.3,-7.565934e+07,7.019643e+07,308.10788
1006,41136284.0,zy,-30140.992,-7.565934e+07,7.019643e+07,308.10788
1007,41136284.0,zz,-9.453236e+07,-7.565934e+07,7.019643e+07,308.10788
1008,41636284.0,xx,-7.5658824e+07,-7.565439e+07,7.019643e+07,308.10788
1009,41636284.0,xy,1.4560919e-10,-7.565439e+07,7.019643e+07,308.10788
1010,41636284.0,xz,-27105.777,-7.565439e+07,7.019643e+07,308.10788
1011,41636284.0,yx,1.4560919e-10,-7.565439e+07,7.019643e+07,308.10788
1012,41636284.0,yy,-7.565444e+07,-7.565439e+07,7.019643e+07,308.10788
1013,41636284.0,yz,-30142.602,-7.565439e+07,7.019643e+07,308.10788
1014,41636284.0,zx,-27105.777,-7.565439e+07,7.019643e+07,308.10788
1015,41636284.0,zy,-30142.602,-7.565439e+07,7.019643e+07,308.10788
1016,41636284.0,zz,-9.453174e+07,-7.565439e+07,7.019643e+07,308.10788
1017,42136284.0,xx,-7.565298e+07,-7.564928e+07,7.020697e+07,308.10767
1018,42136284.0,xy,1.4628071e-10,-7.564928e+07,7.020697e+07,308.10767
1019,42136284.0,xz,-26909.797,-7.564928e+07,7.020697e+07,308.10767
1020,42136284.0,yx,1.4628071e-10,-7.564928e+07,7.020697e+07,308.10767
1021,42136284.0,yy,-7.564933e+07,-7.564928e+07,7.020697e+07,308.10767
1022,42136284.0,yz,-29905.35,-7.564928e+07,7.020697e+07,308.10767
1023,42136284.0,zx,-26909.797,-7.564928e+07,7.020697e+07,308.10767
1024,42136284.0,zy,-29905.35,-7.564928e+07,7.020697e+07,308.10767
1025,42136284.0,zz,-9.452778e+07,-7.564928e+07,7.020697e+07,308.10767
1026,42636284.0,xx,-7.564795e+07,-7.56443e+07,7.020697e+07,308.10767
1027,42636284.0,xy,1.4665055e-10,-7.56443e+07,7.020697e+07,308.10767
1028,42636284.0,xz,-26902.46,-7.56443e+07,7.020697e+07,308.10767
1029,42636284.0,yx,1.4665055e-10,-7.56443e+07,7.020697e+07,308.10767
1030,42636284.0,yy,-7.564435e+07,-7.56443e+07,7.020697e+07,308.10767
1031,42636284.0,yz,-29906.822,-7.56443e+07,7.020697e+07,308.10767
1032,42636284.0,zx,-26902.46,-7.56443e+07,7.020697e+07,308.10767
1033,42636284.0,zy,-29906.822,-7.56443e+07,7.020697e+07,308.10767
1034,42636284.0,zz,-9.452716e+07,-7.56443e+07,7.020697e+07,308.10767
1035,43136284.0,xx,-7.564403e+07,-7.564025e+07,7.0224424e+07,308.10757
1036,43136284.0,xy,1.4740513e-10,-7.564025e+07,7.0224424e+07,308.10757
1037,43136284.0,xz,-26708.86,-7.564025e+07,7.0224424e+07,308.10757
1038,43136284.0,yx,1.4740513e-10,-7.564025e+07,7.0224424e+07,308.10757
1039,43136284.0,yy,-7.5640296e+07,-7.564025e+07,7.0224424e+07,308.10757
1040,43136284.0,yz,-29675.03,-7.564025e+07,7.0224424e+07,308.10757
1041,43136284.0,zx,-26708.86,-7.564025e+07,7.0224424e+07,308.10757
1042,43136284.0,zy,-29675.03,-7.564025e+07,7.0224424e+07,308.10757
1043,43136284.0,zz,-9.452454e+07,-7.564025e+07,7.0224424e+07,308.10757
1044,43636284.0,xx,-7.563897e+07,-7.563522e+07,7.0224424e+07,308.10757
1045,43636284.0,xy,1.4777819e-10,-7.563522e+07,7.0224424e+07,308.10757
1046,43636284.0,xz,-26701.709,-7.563522e+07,7.0224424e+07,308.10757
1047,43636284.0,yx,1.4777819e-10,-7.563522e+07,7.0224424e+07,308.10757
1048,43636284.0,yy,-7.563526e+07,-7.563522e+07,7.0224424e+07,308.10757
1049,43636284.0,yz,-29676.398,-7.563522e+07,7.0224424e+07,308.10757
1050,43636284.0,zx,-26701.709,-7.563522e+07,7.0224424e+07,308.10757
1051,43636284.0,zy,-29676.398,-7.563522e+07,7.0224424e+07,308.10757
1052,43636284.0,zz,-9.452393e+07,-7.563522e+07,7.0224424e+07,308.10757
1053,44136284.0,xx,-7.5633784e+07,-7.563017e+07,7.02351e+07,308.10745
1054,44136284.0,xy,1.4837089e-10,-7.563017e+07,7.02351e+07,308.10745
1055,44136284.0,xz,-26513.21,-7.563017e+07,7.02351e+07,308.10745
1056,44136284.0,yx,1.4837089e-10,-7.563017e+07,7.02351e+07,308.10745
1057,44136284.0,yy,-7.5630216e+07,-7.563017e+07,7.02351e+07,308.10745
1058,44136284.0,yz,-29450.475,-7.563017e+07,7.02351e+07,308.10745
1059,44136284.0,zx,-26513.21,-7.563017e+07,7.02351e+07,308.10745
1060,44136284.0,zy,-29450.475,-7.563017e+07,7.02351e+07,308.10745
1061,44136284.0,zz,-9.4519576e+07,-7.563017e+07,7.02351e+07,308.10745
1062,44636284.0,xx,-7.5628696e+07,-7.562512e+07,7.02351e+07,308.10745
1063,44636284.0,xy,1.4874571e-10,-7.562512e+07,7.02351e+07,308.10745
1064,44636284.0,xz,-26506.287,-7.562512e+07,7.02351e+07,308.10745
1065,44636284.0,yx,1.4874571e-10,-7.562512e+07,7.02351e+07,308.10745
1066,44636284.0,yy,-7.562516e+07,-7.562512e+07,7.02351e+07,308.10745
1067,44636284.0,yz,-29451.717,-7.562512e+07,7.02351e+07,308.10745
1068,44636284.0,zx,-26506.287,-7.562512e+07,7.02351e+07,308.10745
1069,44636284.0,zy,-29451.717,-7.562512e+07,7.02351e+07,308.10745
1070,44636284.0,zz,-9.451897e+07,-7.562512e+07,7.02351e+07,308.10745
1071,45136284.0,xx,-7.562291e+07,-7.561879e+07,7.024433e+07,308.10736
1072,45136284.0,xy,1.4935594e-10,-7.561879e+07,7.024433e+07,308.10736
1073,45136284.0,xz,-26321.03,-7.561879e+07,7.024433e+07,308.10736
1074,45136284.0,yx,1.4935594e-10,-7.561879e+07,7.024433e+07,308.10736
1075,45136284.0,yy,-7.561884e+07,-7.561879e+07,7.024433e+07,308.10736
1076,45136284.0,yz,-29229.5,-7.561879e+07,7.024433e+07,308.10736
1077,45136284.0,zx,-26321.03,-7.561879e+07,7.024433e+07,308.10736
1078,45136284.0,zy,-29229.5,-7.561879e+07,7.024433e+07,308.10736
1079,45136284.0,zz,-9.451571e+07,-7.561879e+07,7.024433e+07,308.10736
1080,45636284.0,xx,-7.56178e+07,-7.5613704e+07,7.024433e+07,308.10736
1081,45636284.0,xy,1.4973284e-10,-7.5613704e+07,7.024433e+07,308.10736
1082,45636284.0,xz,-26314.309,-7.5613704e+07,7.024433e+07,308.10736
1083,45636284.0,yx,1.4973284e-10,-7.5613704e+07,7.024433e+07,308.10736
1084,45636284.0,yy,-7.561375e+07,-7.5613704e+07,7.024433e+07,308.10736
1085,45636284.0,yz,-29230.652,-7.5613704e+07,7.024433e+07,308.10736
1086,45636284.0,zx,-26314.309,-7.5613704e+07,7.024433e+07,308.10736
1087,45636284.0,zy,-29230.652,-7.5613704e+07,7.024433e+07,308.10736
1088,45636284.0,zz,-9.451511e+07,-7.5613704e+07,7.024433e+07,308.10736
1089,46136284.0,xx,-7.5612184e+07,-7.560833e+07,7.025379e+07,308.10718
1090,46136284.0,xy,1.5033523e-10,-7.560833e+07,7.025379e+07,308.10718
1091,46136284.0,xz,-26135.045,-7.560833e+07,7.025379e+07,308.10718
1092,46136284.0,yx,1.5033523e-10,-7.560833e+07,7.025379e+07,308.10718
1093,46136284.0,yy,-7.5608376e+07,-7.560833e+07,7.025379e+07,308.10718
1094,46136284.0,yz,-29014.332,-7.560833e+07,7.025379e+07,308.10718
1095,46136284.0,zx,-26135.045,-7.560833e+07,7.025379e+07,308.10718
1096,46136284.0,zy,-29014.332,-7.560833e+07,7.025379e+07,308.10718
1097,46136284.0,zz,-9.45111e+07,-7.560833e+07,7.025379e+07,308.10718
1098,46636284.0,xx,-7.560706e+07,-7.5603224e+07,7.025379e+07,308.10718
1099,46636284.0,xy,1.5071361e-10,-7.5603224e+07,7.025379e+07,308.10718
1100,46636284.0,xz,-26128.545,-7.5603224e+07,7.025379e+07,308.10718
1101,46636284.0,yx,1.5071361e-10,-7.5603224e+07,7.025379e+07,308.10718
1102,46636284.0,yy,-7.560327e+07,-7.5603224e+07,7.025379e+07,308.10718
1103,46636284.0,yz,-29015.367,-7.5603224e+07,7.025379e+07,308.10718
1104,46636284.0,zx,-26128.545,-7.5603224e+07,7.025379e+07,308.10718
1105,46636284.0,zy,-29015.367,-7.5603224e+07,7.025379e+07,308.10718
1106,46636284.0,zz,-9.4510504e+07,-7.5603224e+07,7.025379e+07,308.10718
1107,47136284.0,xx,-7.5601896e+07,-7.559791e+07,7.026517e+07,308.10706
1108,47136284.0,xy,1.5135893e-10,-7.559791e+07,7.026517e+07,308.10706
1109,47136284.0,xz,-25951.438,-7.559791e+07,7.026517e+07,308.10706
1110,47136284.0,yx,1.5135893e-10,-7.559791e+07,7.026517e+07,308.10706
1111,47136284.0,yy,-7.559796e+07,-7.559791e+07,7.026517e+07,308.10706
1112,47136284.0,yz,-28802.787,-7.559791e+07,7.026517e+07,308.10706
1113,47136284.0,zx,-25951.438,-7.559791e+07,7.026517e+07,308.10706
1114,47136284.0,zy,-28802.787,-7.559791e+07,7.026517e+07,308.10706
1115,47136284.0,zz,-9.450742e+07,-7.559791e+07,7.026517e+07,308.10706
1116,47636284.0,xx,-7.559675e+07,-7.559278e+07,7.026517e+07,308.10706
1117,47636284.0,xy,1.5173883e-10,-7.559278e+07,7.026517e+07,308.10706
1118,47636284.0,xz,-25945.146,-7.559278e+07,7.026517e+07,308.10706
1119,47636284.0,yx,1.5173883e-10,-7.559278e+07,7.026517e+07,308.10706
1120,47636284.0,yy,-7.559283e+07,-7.559278e+07,7.026517e+07,308.10706
1121,47636284.0,yz,-28803.729,-7.559278e+07,7.026517e+07,308.10706
1122,47636284.0,zx,-25945.146,-7.559278e+07,7.026517e+07,308.10706
1123,47636284.0,zy,-28803.729,-7.559278e+07,7.026517e+07,308.10706
1124,47636284.0,zz,-9.450684e+07,-7.559278e+07,7.026517e+07,308.10706
1125,48136284.0,xx,-7.5591336e+07,-7.558722e+07,7.0275464e+07,308.10696
1126,48136284.0,xy,1.5236896e-10,-7.558722e+07,7.0275464e+07,308.10696
1127,48136284.0,xz,-25771.34,-7.558722e+07,7.0275464e+07,308.10696
1128,48136284.0,yx,1.5236896e-10,-7.558722e+07,7.0275464e+07,308.10696
1129,48136284.0,yy,-7.5587256e+07,-7.558722e+07,7.0275464e+07,308.10696
1130,48136284.0,yz,-28594.863,-7.558722e+07,7.0275464e+07,308.10696
1131,48136284.0,zx,-25771.34,-7.558722e+07,7.0275464e+07,308.10696
1132,48136284.0,zy,-28594.863,-7.558722e+07,7.0275464e+07,308.10696
1133,48136284.0,zz,-9.45037e+07,-7.558722e+07,7.0275464e+07,308.10696
1134,48636284.0,xx,-7.5586184e+07,-7.558207e+07,7.0275464e+07,308.10696
1135,48636284.0,xy,1.5274966e-10,-7.558207e+07,7.0275464e+07,308.10696
1136,48636284.0,xz,-25765.266,-7.558207e+07,7.0275464e+07,308.10696
1137,48636284.0,yx,1.5274966e-10,-7.558207e+07,7.0275464e+07,308.10696
1138,48636284.0,yy,-7.558212e+07,-7.558207e+07,7.0275464e+07,308.10696
1139,48636284.0,yz,-28595.695,-7.558207e+07,7.0275464e+07,308.10696
1140,48636284.0,zx,-25765.266,-7.558207e+07,7.0275464e+07,308.10696
1141,48636284.0,zy,-28595.695,-7.558207e+07,7.0275464e+07,308.10696
1142,48636284.0,zz,-9.450312e+07,-7.558207e+07,7.0275464e+07,308.10696
1143,49136284.0,xx,-7.557993e+07,-7.557649e+07,7.028443e+07,308.10687
1144,49136284.0,xy,1.534319e-10,-7.557649e+07,7.028443e+07,308.10687
1145,49136284.0,xz,-25596.646,-7.557649e+07,7.028443e+07,308.10687
1146,49136284.0,yx,1.534319e-10,-7.557649e+07,7.028443e+07,308.10687
1147,49136284.0,yy,-7.5576536e+07,-7.557649e+07,7.028443e+07,308.10687
1148,49136284.0,yz,-28391.201,-7.557649e+07,7.028443e+07,308.10687
1149,49136284.0,zx,-25596.646,-7.557649e+07,7.028443e+07,308.10687
1150,49136284.0,zy,-28391.201,-7.557649e+07,7.028443e+07,308.10687
1151,49136284.0,zz,-9.450004e+07,-7.557649e+07,7.028443e+07,308.10687
1152,49636284.0,xx,-7.557477e+07,-7.557134e+07,7.028443e+07,308.10687
1153,49636284.0,xy,1.5381339e-10,-7.557134e+07,7.028443e+07,308.10687
1154,49636284.0,xz,-25590.791,-7.557134e+07,7.028443e+07,308.10687
1155,49636284.0,yx,1.5381339e-10,-7.557134e+07,7.028443e+07,308.10687
1156,49636284.0,yy,-7.5571384e+07,-7.557134e+07,7.028443e+07,308.10687
1157,49636284.0,yz,-28391.92,-7.557134e+07,7.028443e+07,308.10687
1158,49636284.0,zx,-25590.791,-7.557134e+07,7.028443e+07,308.10687
1159,49636284.0,zy,-28391.92,-7.557134e+07,7.028443e+07,308.10687
1160,49636284.0,zz,-9.449947e+07,-7.557134e+07,7.028443e+07,308.10687
1161,50136284.0,xx,-7.556931e+07,-7.556646e+07,7.0295224e+07,308.10666
1162,50136284.0,xy,1.5448827e-10,-7.556646e+07,7.0295224e+07,308.10666
1163,50136284.0,xz,-25424.871,-7.556646e+07,7.0295224e+07,308.10666
1164,50136284.0,yx,1.5448827e-10,-7.556646e+07,7.0295224e+07,308.10666
1165,50136284.0,yy,-7.5566504e+07,-7.556646e+07,7.0295224e+07,308.10666
1166,50136284.0,yz,-28192.389,-7.556646e+07,7.0295224e+07,308.10666
1167,50136284.0,zx,-25424.871,-7.556646e+07,7.0295224e+07,308.10666
1168,50136284.0,zy,-28192.389,-7.556646e+07,7.0295224e+07,308.10666
1169,50136284.0,zz,-9.449643e+07,-7.556646e+07,7.0295224e+07,308.10666
1170,50636284.0,xx,-7.556414e+07,-7.556132e+07,7.0295224e+07,308.10666
1171,50636284.0,xy,1.5487032e-10,-7.556132e+07,7.0295224e+07,308.10666
1172,50636284.0,xz,-25419.229,-7.556132e+07,7.0295224e+07,308.10666
1173,50636284.0,yx,1.5487032e-10,-7.556132e+07,7.0295224e+07,308.10666
1174,50636284.0,yy,-7.556136e+07,-7.556132e+07,7.0295224e+07,308.10666
1175,50636284.0,yz,-28192.994,-7.556132e+07,7.0295224e+07,308.10666
1176,50636284.0,zx,-25419.229,-7.556132e+07,7.0295224e+07,308.10666
1177,50636284.0,zy,-28192.994,-7.556132e+07,7.0295224e+07,308.10666
1178,50636284.0,zz,-9.449588e+07,-7.556132e+07,7.0295224e+07,308.10666
1179,51136284.0,xx,-7.5558056e+07,-7.555536e+07,7.030429e+07,308.10657
1180,51136284.0,xy,1.5554713e-10,-7.555536e+07,7.030429e+07,308.10657
1181,51136284.0,xz,-25257.293,-7.555536e+07,7.030429e+07,308.10657
1182,51136284.0,yx,1.5554713e-10,-7.555536e+07,7.030429e+07,308.10657
1183,51136284.0,yy,-7.55554e+07,-7.555536e+07,7.030429e+07,308.10657
1184,51136284.0,yz,-27996.33,-7.555536e+07,7.030429e+07,308.10657
1185,51136284.0,zx,-25257.293,-7.555536e+07,7.030429e+07,308.10657
1186,51136284.0,zy,-27996.33,-7.555536e+07,7.030429e+07,308.10657
1187,51136284.0,zz,-9.449345e+07,-7.555536e+07,7.030429e+07,308.10657
1188,51636284.0,xx,-7.55529e+07,-7.5550216e+07,7.030429e+07,308.10657
1189,51636284.0,xy,1.5592928e-10,-7.5550216e+07,7.030429e+07,308.10657
1190,51636284.0,xz,-25251.852,-7.5550216e+07,7.030429e+07,308.10657
1191,51636284.0,yx,1.5592928e-10,-7.5550216e+07,7.030429e+07,308.10657
1192,51636284.0,yy,-7.555026e+07,-7.5550216e+07,7.030429e+07,308.10657
1193,51636284.0,yz,-27996.824,-7.5550216e+07,7.030429e+07,308.10657
1194,51636284.0,zx,-25251.852,-7.5550216e+07,7.030429e+07,308.10657
1195,51636284.0,zy,-27996.824,-7.5550216e+07,7.030429e+07,308.10657
1196,51636284.0,zz,-9.4492904e+07,-7.5550216e+07,7.030429e+07,308.10657
1197,52136284.0,xx,-7.554794e+07,-7.554445e+07,7.031386e+07,308.10645
1198,52136284.0,xy,1.5649226e-10,-7.554445e+07,7.031386e+07,308.10645
1199,52136284.0,xz,-25090.27,-7.554445e+07,7.031386e+07,308.10645
1200,52136284.0,yx,1.5649226e-10,-7.554445e+07,7.031386e+07,308.10645
1201,52136284.0,yy,-7.55445e+07,-7.554445e+07,7.031386e+07,308.10645
1202,52136284.0,yz,-27804.012,-7.554445e+07,7.031386e+07,308.10645
1203,52136284.0,zx,-25090.27,-7.554445e+07,7.031386e+07,308.10645
1204,52136284.0,zy,-27804.012,-7.554445e+07,7.031386e+07,308.10645
1205,52136284.0,zz,-9.4490104e+07,-7.554445e+07,7.031386e+07,308.10645
1206,52636284.0,xx,-7.5542776e+07,-7.5539304e+07,7.031386e+07,308.10645
1207,52636284.0,xy,1.5687349e-10,-7.5539304e+07,7.031386e+07,308.10645
1208,52636284.0,xz,-25085.04,-7.5539304e+07,7.031386e+07,308.10645
1209,52636284.0,yx,1.5687349e-10,-7.5539304e+07,7.031386e+07,308.10645
1210,52636284.0,yy,-7.553934e+07,-7.5539304e+07,7.031386e+07,308.10645
1211,52636284.0,yz,-27804.385,-7.5539304e+07,7.031386e+07,308.10645
1212,52636284.0,zx,-25085.04,-7.5539304e+07,7.031386e+07,308.10645
1213,52636284.0,zy,-27804.385,-7.5539304e+07,7.031386e+07,308.10645
1214,52636284.0,zz,-9.448957e+07,-7.5539304e+07,7.031386e+07,308.10645
1215,53136284.0,xx,-7.553771e+07,-7.553347e+07,7.0323416e+07,308.10635
1216,53136284.0,xy,1.5744571e-10,-7.553347e+07,7.0323416e+07,308.10635
1217,53136284.0,xz,-24929.24,-7.553347e+07,7.0323416e+07,308.10635
1218,53136284.0,yx,1.5744571e-10,-7.553347e+07,7.0323416e+07,308.10635
1219,53136284.0,yy,-7.553351e+07,-7.553347e+07,7.0323416e+07,308.10635
1220,53136284.0,yz,-27615.654,-7.553347e+07,7.0323416e+07,308.10635
1221,53136284.0,zx,-24929.24,-7.553347e+07,7.0323416e+07,308.10635
1222,53136284.0,zy,-27615.654,-7.553347e+07,7.0323416e+07,308.10635
1223,53136284.0,zz,-9.44868e+07,-7.553347e+07,7.0323416e+07,308.10635
1224,53636284.0,xx,-7.553258e+07,-7.552833e+07,7.0323416e+07,308.10635
1225,53636284.0,xy,1.5782539e-10,-7.552833e+07,7.0323416e+07,308.10635
1226,53636284.0,xz,-24924.213,-7.552833e+07,7.0323416e+07,308.10635
1227,53636284.0,yx,1.5782539e-10,-7.552833e+07,7.0323416e+07,308.10635
1228,53636284.0,yy,-7.552837e+07,-7.552833e+07,7.0323416e+07,308.10635
1229,53636284.0,yz,-27615.912,-7.552833e+07,7.0323416e+07,308.10635
1230,53636284.0,zx,-24924.213,-7.552833e+07,7.0323416e+07,308.10635
1231,53636284.0,zy,-27615.912,-7.552833e+07,7.0323416e+07,308.10635
1232,53636284.0,zz,-9.448627e+07,-7.552833e+07,7.0323416e+07,308.10635
1233,54136284.0,xx,-7.552703e+07,-7.5522664e+07,7.033244e+07,308.10626
1234,54136284.0,xy,1.5844276e-10,-7.5522664e+07,7.033244e+07,308.10626
1235,54136284.0,xz,-24769.812,-7.5522664e+07,7.033244e+07,308.10626
1236,54136284.0,yx,1.5844276e-10,-7.5522664e+07,7.033244e+07,308.10626
1237,54136284.0,yy,-7.55227e+07,-7.5522664e+07,7.033244e+07,308.10626
1238,54136284.0,yz,-27429.998,-7.5522664e+07,7.033244e+07,308.10626
1239,54136284.0,zx,-24769.812,-7.5522664e+07,7.033244e+07,308.10626
1240,54136284.0,zy,-27429.998,-7.5522664e+07,7.033244e+07,308.10626
1241,54136284.0,zz,-9.448359e+07,-7.5522664e+07,7.033244e+07,308.10626
1242,54636284.0,xx,-7.55219e+07,-7.551753e+07,7.033244e+07,308.10626
1243,54636284.0,xy,1.5882134e-10,-7.551753e+07,7.033244e+07,308.10626
1244,54636284.0,xz,-24764.977,-7.551753e+07,7.033244e+07,308.10626
1245,54636284.0,yx,1.5882134e-10,-7.551753e+07,7.033244e+07,308.10626
1246,54636284.0,yy,-7.551757e+07,-7.551753e+07,7.033244e+07,308.10626
1247,54636284.0,yz,-27430.145,-7.551753e+07,7.033244e+07,308.10626
1248,54636284.0,zx,-24764.977,-7.551753e+07,7.033244e+07,308.10626
1249,54636284.0,zy,-27430.145,-7.551753e+07,7.033244e+07,308.10626
1250,54636284.0,zz,-9.4483064e+07,-7.551753e+07,7.033244e+07,308.10626
1251,55136284.0,xx,-7.551674e+07,-7.551233e+07,7.0341704e+07,308.10605
1252,55136284.0,xy,1.5940502e-10,-7.551233e+07,7.0341704e+07,308.10605
1253,55136284.0,xz,-24615.418,-7.551233e+07,7.0341704e+07,308.10605
1254,55136284.0,yx,1.5940502e-10,-7.551233e+07,7.0341704e+07,308.10605
1255,55136284.0,yy,-7.551237e+07,-7.551233e+07,7.0341704e+07,308.10605
1256,55136284.0,yz,-27248.867,-7.551233e+07,7.0341704e+07,308.10605
1257,55136284.0,zx,-24615.418,-7.551233e+07,7.0341704e+07,308.10605
1258,55136284.0,zy,-27248.867,-7.551233e+07,7.0341704e+07,308.10605
1259,55136284.0,zz,-9.447998e+07,-7.551233e+07,7.0341704e+07,308.10605
1260,55636284.0,xx,-7.551164e+07,-7.550722e+07,7.0341704e+07,308.10605
1261,55636284.0,xy,1.5978197e-10,-7.550722e+07,7.0341704e+07,308.10605
1262,55636284.0,xz,-24610.783,-7.550722e+07,7.0341704e+07,308.10605
1263,55636284.0,yx,1.5978197e-10,-7.550722e+07,7.0341704e+07,308.10605
1264,55636284.0,yy,-7.5507256e+07,-7.550722e+07,7.0341704e+07,308.10605
1265,55636284.0,yz,-27248.887,-7.550722e+07,7.0341704e+07,308.10605
1266,55636284.0,zx,-24610.783,-7.550722e+07,7.0341704e+07,308.10605
1267,55636284.0,zy,-27248.887,-7.550722e+07,7.0341704e+07,308.10605
1268,55636284.0,zz,-9.4479464e+07,-7.550722e+07,7.0341704e+07,308.10605
1269,56136284.0,xx,-7.5506e+07,-7.550163e+07,7.034915e+07,308.10596
1270,56136284.0,xy,1.6034252e-10,-7.550163e+07,7.034915e+07,308.10596
1271,56136284.0,xz,-24462.719,-7.550163e+07,7.034915e+07,308.10596
1272,56136284.0,yx,1.6034252e-10,-7.550163e+07,7.034915e+07,308.10596
1273,56136284.0,yy,-7.550167e+07,-7.550163e+07,7.034915e+07,308.10596
1274,56136284.0,yz,-27070.004,-7.550163e+07,7.034915e+07,308.10596
1275,56136284.0,zx,-24462.719,-7.550163e+07,7.034915e+07,308.10596
1276,56136284.0,zy,-27070.004,-7.550163e+07,7.034915e+07,308.10596
1277,56136284.0,zz,-9.447616e+07,-7.550163e+07,7.034915e+07,308.10596
1278,56636284.0,xx,-7.550093e+07,-7.549655e+07,7.034915e+07,308.10596
1279,56636284.0,xy,1.6071727e-10,-7.549655e+07,7.034915e+07,308.10596
1280,56636284.0,xz,-24458.281,-7.549655e+07,7.034915e+07,308.10596
1281,56636284.0,yx,1.6071727e-10,-7.549655e+07,7.034915e+07,308.10596
1282,56636284.0,yy,-7.549659e+07,-7.549655e+07,7.034915e+07,308.10596
1283,56636284.0,yz,-27069.893,-7.549655e+07,7.034915e+07,308.10596
1284,56636284.0,zx,-24458.281,-7.549655e+07,7.034915e+07,308.10596
1285,56636284.0,zy,-27069.893,-7.549655e+07,7.034915e+07,308.10596
1286,56636284.0,zz,-9.447565e+07,-7.549655e+07,7.034915e+07,308.10596
1287,57136284.0,xx,-7.549633e+07,-7.549199e+07,7.0359896e+07,308.10587
1288,57136284.0,xy,1.6131507e-10,-7.549199e+07,7.0359896e+07,308.10587
1289,57136284.0,xz,-24312.117,-7.549199e+07,7.0359896e+07,308.10587
1290,57136284.0,yx,1.6131507e-10,-7.549199e+07,7.0359896e+07,308.10587
1291,57136284.0,yy,-7.549203e+07,-7.549199e+07,7.0359896e+07,308.10587
1292,57136284.0,yz,-26893.545,-7.549199e+07,7.0359896e+07,308.10587
1293,57136284.0,zx,-24312.117,-7.549199e+07,7.0359896e+07,308.10587
1294,57136284.0,zy,-26893.545,-7.549199e+07,7.0359896e+07,308.10587
1295,57136284.0,zz,-9.4472856e+07,-7.549199e+07,7.0359896e+07,308.10587
1296,57636284.0,xx,-7.549129e+07,-7.548694e+07,7.0359896e+07,308.10587
1297,57636284.0,xy,1.6168793e-10,-7.548694e+07,7.0359896e+07,308.10587
1298,57636284.0,xz,-24307.875,-7.548694e+07,7.0359896e+07,308.10587
1299,57636284.0,yx,1.6168793e-10,-7.548694e+07,7.0359896e+07,308.10587
1300,57636284.0,yy,-7.5486984e+07,-7.548694e+07,7.0359896e+07,308.10587
1301,57636284.0,yz,-26893.299,-7.548694e+07,7.0359896e+07,308.10587
1302,57636284.0,zx,-24307.875,-7.548694e+07,7.0359896e+07,308.10587
1303,57636284.0,zy,-26893.299,-7.548694e+07,7.0359896e+07,308.10587
1304,57636284.0,zz,-9.447235e+07,-7.548694e+07,7.0359896e+07,308.10587
1305,58136284.0,xx,-7.548578e+07,-7.5481896e+07,7.0368424e+07,308.10574
1306,58136284.0,xy,1.6230312e-10,-7.5481896e+07,7.0368424e+07,308.10574
1307,58136284.0,xz,-24164.824,-7.5481896e+07,7.0368424e+07,308.10574
1308,58136284.0,yx,1.6230312e-10,-7.5481896e+07,7.0368424e+07,308.10574
1309,58136284.0,yy,-7.548193e+07,-7.5481896e+07,7.0368424e+07,308.10574
1310,58136284.0,yz,-26720.367,-7.5481896e+07,7.0368424e+07,308.10574
1311,58136284.0,zx,-24164.824,-7.5481896e+07,7.0368424e+07,308.10574
1312,58136284.0,zy,-26720.367,-7.5481896e+07,7.0368424e+07,308.10574
1313,58136284.0,zz,-9.446957e+07,-7.5481896e+07,7.0368424e+07,308.10574
1314,58636284.0,xx,-7.548077e+07,-7.547687e+07,7.0368424e+07,308.10574
1315,58636284.0,xy,1.626739e-10,-7.547687e+07,7.0368424e+07,308.10574
1316,58636284.0,xz,-24160.764,-7.547687e+07,7.0368424e+07,308.10574
1317,58636284.0,yx,1.626739e-10,-7.547687e+07,7.0368424e+07,308.10574
1318,58636284.0,yy,-7.547691e+07,-7.547687e+07,7.0368424e+07,308.10574
1319,58636284.0,yz,-26720.008,-7.547687e+07,7.0368424e+07,308.10574
1320,58636284.0,zx,-24160.764,-7.547687e+07,7.0368424e+07,308.10574
1321,58636284.0,zy,-26720.008,-7.547687e+07,7.0368424e+07,308.10574
1322,58636284.0,zz,-9.446908e+07,-7.547687e+07,7.0368424e+07,308.10574
1323,59136284.0,xx,-7.547586e+07,-7.5472056e+07,7.037779e+07,308.10565
1324,59136284.0,xy,1.6326394e-10,-7.5472056e+07,7.037779e+07,308.10565
1325,59136284.0,xz,-24021.818,-7.5472056e+07,7.037779e+07,308.10565
1326,59136284.0,yx,1.6326394e-10,-7.5472056e+07,7.037779e+07,308.10565
1327,59136284.0,yy,-7.547209e+07,-7.5472056e+07,7.037779e+07,308.10565
1328,59136284.0,yz,-26549.994,-7.5472056e+07,7.037779e+07,308.10565
1329,59136284.0,zx,-24021.818,-7.5472056e+07,7.037779e+07,308.10565
1330,59136284.0,zy,-26549.994,-7.5472056e+07,7.037779e+07,308.10565
1331,59136284.0,zz,-9.446651e+07,-7.5472056e+07,7.037779e+07,308.10565
1332,59636284.0,xx,-7.547088e+07,-7.546707e+07,7.037779e+07,308.10565
1333,59636284.0,xy,1.6363261e-10,-7.546707e+07,7.037779e+07,308.10565
1334,59636284.0,xz,-24017.94,-7.546707e+07,7.037779e+07,308.10565
1335,59636284.0,yx,1.6363261e-10,-7.546707e+07,7.037779e+07,308.10565
1336,59636284.0,yy,-7.546711e+07,-7.546707e+07,7.037779e+07,308.10565
1337,59636284.0,yz,-26549.514,-7.546707e+07,7.037779e+07,308.10565
1338,59636284.0,zx,-24017.94,-7.546707e+07,7.037779e+07,308.10565
1339,59636284.0,zy,-26549.514,-7.546707e+07,7.037779e+07,308.10565
1340,59636284.0,zz,-9.446603e+07,-7.546707e+07,7.037779e+07,308.10565
1341,60136284.0,xx,-7.546543e+07,-7.546172e+07,7.038618e+07,308.10556
1342,60136284.0,xy,1.642451e-10,-7.546172e+07,7.038618e+07,308.10556
1343,60136284.0,xz,-23881.781,-7.546172e+07,7.038618e+07,308.10556
1344,60136284.0,yx,1.642451e-10,-7.546172e+07,7.038618e+07,308.10556
1345,60136284.0,yy,-7.546175e+07,-7.546172e+07,7.038618e+07,308.10556
1346,60136284.0,yz,-26382.389,-7.546172e+07,7.038618e+07,308.10556
1347,60136284.0,zx,-23881.781,-7.546172e+07,7.038618e+07,308.10556
1348,60136284.0,zy,-26382.389,-7.546172e+07,7.038618e+07,308.10556
1349,60136284.0,zz,-9.446386e+07,-7.546172e+07,7.038618e+07,308.10556
1350,60636284.0,xx,-7.546049e+07,-7.545677e+07,7.038618e+07,308.10556
1351,60636284.0,xy,1.6461178e-10,-7.545677e+07,7.038618e+07,308.10556
1352,60636284.0,xz,-23878.062,-7.545677e+07,7.038618e+07,308.10556
1353,60636284.0,yx,1.6461178e-10,-7.545677e+07,7.038618e+07,308.10556
1354,60636284.0,yy,-7.545681e+07,-7.545677e+07,7.038618e+07,308.10556
1355,60636284.0,yz,-26381.805,-7.545677e+07,7.038618e+07,308.10556
1356,60636284.0,zx,-23878.062,-7.545677e+07,7.038618e+07,308.10556
1357,60636284.0,zy,-26381.805,-7.545677e+07,7.038618e+07,308.10556
1358,60636284.0,zz,-9.446338e+07,-7.545677e+07,7.038618e+07,308.10556
1359,61136284.0,xx,-7.545574e+07,-7.5451496e+07,7.039461e+07,308.10544
1360,61136284.0,xy,1.6513534e-10,-7.5451496e+07,7.039461e+07,308.10544
1361,61136284.0,xz,-23743.066,-7.5451496e+07,7.039461e+07,308.10544
1362,61136284.0,yx,1.6513534e-10,-7.5451496e+07,7.039461e+07,308.10544
1363,61136284.0,yy,-7.545153e+07,-7.5451496e+07,7.039461e+07,308.10544
1364,61136284.0,yz,-26217.982,-7.5451496e+07,7.039461e+07,308.10544
1365,61136284.0,zx,-23743.066,-7.5451496e+07,7.039461e+07,308.10544
1366,61136284.0,zy,-26217.982,-7.5451496e+07,7.039461e+07,308.10544
1367,61136284.0,zz,-9.446072e+07,-7.5451496e+07,7.039461e+07,308.10544
1368,61636284.0,xx,-7.545085e+07,-7.5446584e+07,7.039461e+07,308.10544
1369,61636284.0,xy,1.6549853e-10,-7.5446584e+07,7.039461e+07,308.10544
1370,61636284.0,xz,-23739.535,-7.5446584e+07,7.039461e+07,308.10544
1371,61636284.0,yx,1.6549853e-10,-7.5446584e+07,7.039461e+07,308.10544
1372,61636284.0,yy,-7.5446616e+07,-7.5446584e+07,7.039461e+07,308.10544
1373,61636284.0,yz,-26217.277,-7.5446584e+07,7.039461e+07,308.10544
1374,61636284.0,zx,-23739.535,-7.5446584e+07,7.039461e+07,308.10544
1375,61636284.0,zy,-26217.277,-7.5446584e+07,7.039461e+07,308.10544
1376,61636284.0,zz,-9.446026e+07,-7.5446584e+07,7.039461e+07,308.10544
1377,62136284.0,xx,-7.5446e+07,-7.544182e+07,7.0403144e+07,308.10535
1378,62136284.0,xy,1.6604879e-10,-7.544182e+07,7.0403144e+07,308.10535
1379,62136284.0,xz,-23607.38,-7.544182e+07,7.0403144e+07,308.10535
1380,62136284.0,yx,1.6604879e-10,-7.544182e+07,7.0403144e+07,308.10535
1381,62136284.0,yy,-7.544186e+07,-7.544182e+07,7.0403144e+07,308.10535
1382,62136284.0,yz,-26055.662,-7.544182e+07,7.0403144e+07,308.10535
1383,62136284.0,zx,-23607.38,-7.544182e+07,7.0403144e+07,308.10535
1384,62136284.0,zy,-26055.662,-7.544182e+07,7.0403144e+07,308.10535
1385,62136284.0,zz,-9.445748e+07,-7.544182e+07,7.0403144e+07,308.10535
1386,62636284.0,xx,-7.544115e+07,-7.543696e+07,7.0403144e+07,308.10535
1387,62636284.0,xy,1.6640905e-10,-7.543696e+07,7.0403144e+07,308.10535
1388,62636284.0,xz,-23604.021,-7.543696e+07,7.0403144e+07,308.10535
1389,62636284.0,yx,1.6640905e-10,-7.543696e+07,7.0403144e+07,308.10535
1390,62636284.0,yy,-7.543699e+07,-7.543696e+07,7.0403144e+07,308.10535
1391,62636284.0,yz,-26054.842,-7.543696e+07,7.0403144e+07,308.10535
1392,62636284.0,zx,-23604.021,-7.543696e+07,7.0403144e+07,308.10535
1393,62636284.0,zy,-26054.842,-7.543696e+07,7.0403144e+07,308.10535
1394,62636284.0,zz,-9.445703e+07,-7.543696e+07,7.0403144e+07,308.10535
1395,63136284.0,xx,-7.543631e+07,-7.543225e+07,7.041202e+07,308.10526
1396,63136284.0,xy,1.6698573e-10,-7.543225e+07,7.041202e+07,308.10526
1397,63136284.0,xz,-23472.578,-7.543225e+07,7.041202e+07,308.10526
1398,63136284.0,yx,1.6698573e-10,-7.543225e+07,7.041202e+07,308.10526
1399,63136284.0,yy,-7.543229e+07,-7.543225e+07,7.041202e+07,308.10526
1400,63136284.0,yz,-25895.492,-7.543225e+07,7.041202e+07,308.10526
1401,63136284.0,zx,-23472.578,-7.543225e+07,7.041202e+07,308.10526
1402,63136284.0,zy,-25895.492,-7.543225e+07,7.041202e+07,308.10526
1403,63136284.0,zz,-9.445471e+07,-7.543225e+07,7.041202e+07,308.10526
1404,63636284.0,xx,-7.54315e+07,-7.542743e+07,7.041202e+07,308.10526
1405,63636284.0,xy,1.6734317e-10,-7.542743e+07,7.041202e+07,308.10526
1406,63636284.0,xz,-23469.39,-7.542743e+07,7.041202e+07,308.10526
1407,63636284.0,yx,1.6734317e-10,-7.542743e+07,7.041202e+07,308.10526
1408,63636284.0,yy,-7.5427464e+07,-7.542743e+07,7.041202e+07,308.10526
1409,63636284.0,yz,-25894.564,-7.542743e+07,7.041202e+07,308.10526
1410,63636284.0,zx,-23469.39,-7.542743e+07,7.041202e+07,308.10526
1411,63636284.0,zy,-25894.564,-7.542743e+07,7.041202e+07,308.10526
1412,63636284.0,zz,-9.445427e+07,-7.542743e+07,7.041202e+07,308.10526
1413,64136284.0,xx,-7.542681e+07,-7.542265e+07,7.0420696e+07,308.10513
1414,64136284.0,xy,1.6789677e-10,-7.542265e+07,7.0420696e+07,308.10513
1415,64136284.0,xz,-23341.863,-7.542265e+07,7.0420696e+07,308.10513
1416,64136284.0,yx,1.6789677e-10,-7.542265e+07,7.0420696e+07,308.10513
1417,64136284.0,yy,-7.542268e+07,-7.542265e+07,7.0420696e+07,308.10513
1418,64136284.0,yz,-25737.787,-7.542265e+07,7.0420696e+07,308.10513
1419,64136284.0,zx,-23341.863,-7.542265e+07,7.0420696e+07,308.10513
1420,64136284.0,zy,-25737.787,-7.542265e+07,7.0420696e+07,308.10513
1421,64136284.0,zz,-9.4451976e+07,-7.542265e+07,7.0420696e+07,308.10513
1422,64636284.0,xx,-7.542204e+07,-7.5417864e+07,7.0420696e+07,308.10513
1423,64636284.0,xy,1.6825143e-10,-7.5417864e+07,7.0420696e+07,308.10513
1424,64636284.0,xz,-23338.83,-7.5417864e+07,7.0420696e+07,308.10513
1425,64636284.0,yx,1.6825143e-10,-7.5417864e+07,7.0420696e+07,308.10513
1426,64636284.0,yy,-7.5417896e+07,-7.5417864e+07,7.0420696e+07,308.10513
1427,64636284.0,yz,-25736.762,-7.5417864e+07,7.0420696e+07,308.10513
1428,64636284.0,zx,-23338.83,-7.5417864e+07,7.0420696e+07,308.10513
1429,64636284.0,zy,-25736.762,-7.5417864e+07,7.0420696e+07,308.10513
1430,64636284.0,zz,-9.445154e+07,-7.5417864e+07,7.0420696e+07,308.10513
1431,65136284.0,xx,-7.541693e+07,-7.5413624e+07,7.042907e+07,308.10504
1432,65136284.0,xy,1.6885396e-10,-7.5413624e+07,7.042907e+07,308.10504
1433,65136284.0,xz,-23214.44,-7.5413624e+07,7.042907e+07,308.10504
1434,65136284.0,yx,1.6885396e-10,-7.5413624e+07,7.042907e+07,308.10504
1435,65136284.0,yy,-7.5413656e+07,-7.5413624e+07,7.042907e+07,308.10504
1436,65136284.0,yz,-25583.426,-7.5413624e+07,7.042907e+07,308.10504
1437,65136284.0,zx,-23214.44,-7.5413624e+07,7.042907e+07,308.10504
1438,65136284.0,zy,-25583.426,-7.5413624e+07,7.042907e+07,308.10504
1439,65136284.0,zz,-9.4449096e+07,-7.5413624e+07,7.042907e+07,308.10504
1440,65636284.0,xx,-7.541219e+07,-7.540888e+07,7.042907e+07,308.10504
1441,65636284.0,xy,1.6920625e-10,-7.540888e+07,7.042907e+07,308.10504
1442,65636284.0,xz,-23211.57,-7.540888e+07,7.042907e+07,308.10504
1443,65636284.0,yx,1.6920625e-10,-7.540888e+07,7.042907e+07,308.10504
1444,65636284.0,yy,-7.540891e+07,-7.540888e+07,7.042907e+07,308.10504
1445,65636284.0,yz,-25582.29,-7.540888e+07,7.042907e+07,308.10504
1446,65636284.0,zx,-23211.57,-7.540888e+07,7.042907e+07,308.10504
1447,65636284.0,zy,-25582.29,-7.540888e+07,7.042907e+07,308.10504
1448,65636284.0,zz,-9.444866e+07,-7.540888e+07,7.042907e+07,308.10504
1449,66136284.0,xx,-7.540766e+07,-7.540411e+07,7.0436776e+07,308.10495
1450,66136284.0,xy,1.696992e-10,-7.540411e+07,7.0436776e+07,308.10495
1451,66136284.0,xz,-23086.908,-7.540411e+07,7.0436776e+07,308.10495
1452,66136284.0,yx,1.696992e-10,-7.540411e+07,7.0436776e+07,308.10495
1453,66136284.0,yy,-7.540414e+07,-7.540411e+07,7.0436776e+07,308.10495
1454,66136284.0,yz,-25430.457,-7.540411e+07,7.0436776e+07,308.10495
1455,66136284.0,zx,-23086.908,-7.540411e+07,7.0436776e+07,308.10495
1456,66136284.0,zy,-25430.457,-7.540411e+07,7.0436776e+07,308.10495
1457,66136284.0,zz,-9.444601e+07,-7.540411e+07,7.0436776e+07,308.10495
1458,66636284.0,xx,-7.540298e+07,-7.5399416e+07,7.0436776e+07,308.10495
1459,66636284.0,xy,1.7004778e-10,-7.5399416e+07,7.0436776e+07,308.10495
1460,66636284.0,xz,-23084.195,-7.5399416e+07,7.0436776e+07,308.10495
1461,66636284.0,yx,1.7004778e-10,-7.5399416e+07,7.0436776e+07,308.10495
1462,66636284.0,yy,-7.539946e+07,-7.5399416e+07,7.0436776e+07,308.10495
1463,66636284.0,yz,-25429.227,-7.5399416e+07,7.0436776e+07,308.10495
1464,66636284.0,zx,-23084.195,-7.5399416e+07,7.0436776e+07,308.10495
1465,66636284.0,zy,-25429.227,-7.5399416e+07,7.0436776e+07,308.10495
1466,66636284.0,zz,-9.444559e+07,-7.5399416e+07,7.0436776e+07,308.10495
1467,67136280.0,xx,-7.539906e+07,-7.539579e+07,7.0446584e+07,308.10486
1468,67136280.0,xy,1.705705e-10,-7.539579e+07,7.0446584e+07,308.10486
1469,67136280.0,xz,-22962.764,-7.539579e+07,7.0446584e+07,308.10486
1470,67136280.0,yx,1.705705e-10,-7.539579e+07,7.0446584e+07,308.10486
1471,67136280.0,yy,-7.539582e+07,-7.539579e+07,7.0446584e+07,308.10486
1472,67136280.0,yz,-25280.46,-7.539579e+07,7.0446584e+07,308.10486
1473,67136280.0,zx,-22962.764,-7.539579e+07,7.0446584e+07,308.10486
1474,67136280.0,zy,-25280.46,-7.539579e+07,7.0446584e+07,308.10486
1475,67136280.0,zz,-9.4442744e+07,-7.539579e+07,7.0446584e+07,308.10486
1476,67636280.0,xx,-7.539442e+07,-7.5391144e+07,7.0446584e+07,308.10486
1477,67636280.0,xy,1.7091557e-10,-7.5391144e+07,7.0446584e+07,308.10486
1478,67636280.0,xz,-22960.21,-7.5391144e+07,7.0446584e+07,308.10486
1479,67636280.0,yx,1.7091557e-10,-7.5391144e+07,7.0446584e+07,308.10486
1480,67636280.0,yy,-7.539118e+07,-7.5391144e+07,7.0446584e+07,308.10486
1481,67636280.0,yz,-25279.129,-7.5391144e+07,7.0446584e+07,308.10486
1482,67636280.0,zx,-22960.21,-7.5391144e+07,7.0446584e+07,308.10486
1483,67636280.0,zy,-25279.129,-7.5391144e+07,7.0446584e+07,308.10486
1484,67636280.0,zz,-9.444233e+07,-7.5391144e+07,7.0446584e+07,308.10486
1485,68136280.0,xx,-7.5389896e+07,-7.538704e+07,7.0455016e+07,308.10474
1486,68136280.0,xy,1.71467e-10,-7.538704e+07,7.0455016e+07,308.10474
1487,68136280.0,xz,-22840.186,-7.538704e+07,7.0455016e+07,308.10474
1488,68136280.0,yx,1.71467e-10,-7.538704e+07,7.0455016e+07,308.10474
1489,68136280.0,yy,-7.538707e+07,-7.538704e+07,7.0455016e+07,308.10474
1490,68136280.0,yz,-25131.65,-7.538704e+07,7.0455016e+07,308.10474
1491,68136280.0,zx,-22840.186,-7.538704e+07,7.0455016e+07,308.10474
1492,68136280.0,zy,-25131.65,-7.538704e+07,7.0455016e+07,308.10474
1493,68136280.0,zz,-9.44401e+07,-7.538704e+07,7.0455016e+07,308.10474
1494,68636280.0,xx,-7.53853e+07,-7.538245e+07,7.0455016e+07,308.10474
1495,68636280.0,xy,1.7180905e-10,-7.538245e+07,7.0455016e+07,308.10474
1496,68636280.0,xz,-22837.78,-7.538245e+07,7.0455016e+07,308.10474
1497,68636280.0,yx,1.7180905e-10,-7.538245e+07,7.0455016e+07,308.10474
1498,68636280.0,yy,-7.538248e+07,-7.538245e+07,7.0455016e+07,308.10474
1499,68636280.0,yz,-25130.232,-7.538245e+07,7.0455016e+07,308.10474
1500,68636280.0,zx,-22837.78,-7.538245e+07,7.0455016e+07,308.10474
1501,68636280.0,zy,-25130.232,-7.538245e+07,7.0455016e+07,308.10474
1502,68636280.0,zz,-9.443969e+07,-7.538245e+07,7.0455016e+07,308.10474
1503,69136280.0,xx,-7.53814e+07,-7.53782e+07,7.046335e+07,308.10464
1504,69136280.0,xy,1.7226807e-10,-7.53782e+07,7.046335e+07,308.10464
1505,69136280.0,xz,-22720.559,-7.53782e+07,7.046335e+07,308.10464
1506,69136280.0,yx,1.7226807e-10,-7.53782e+07,7.046335e+07,308.10464
1507,69136280.0,yy,-7.537823e+07,-7.53782e+07,7.046335e+07,308.10464
1508,69136280.0,yz,-24985.88,-7.53782e+07,7.046335e+07,308.10464
1509,69136280.0,zx,-22720.559,-7.53782e+07,7.046335e+07,308.10464
1510,69136280.0,zy,-24985.88,-7.53782e+07,7.046335e+07,308.10464
1511,69136280.0,zz,-9.4436984e+07,-7.53782e+07,7.046335e+07,308.10464
1512,69636280.0,xx,-7.537685e+07,-7.537365e+07,7.046335e+07,308.10464
1513,69636280.0,xy,1.7260629e-10,-7.537365e+07,7.046335e+07,308.10464
1514,69636280.0,xz,-22718.303,-7.537365e+07,7.046335e+07,308.10464
1515,69636280.0,yx,1.7260629e-10,-7.537365e+07,7.046335e+07,308.10464
1516,69636280.0,yy,-7.537369e+07,-7.537365e+07,7.046335e+07,308.10464
1517,69636280.0,yz,-24984.375,-7.537365e+07,7.046335e+07,308.10464
1518,69636280.0,zx,-22718.303,-7.537365e+07,7.046335e+07,308.10464
1519,69636280.0,zy,-24984.375,-7.537365e+07,7.046335e+07,308.10464
1520,69636280.0,zz,-9.443658e+07,-7.537365e+07,7.046335e+07,308.10464
1521,70136280.0,xx,-7.537333e+07,-7.5369416e+07,7.047173e+07,308.10455
1522,70136280.0,xy,1.7301849e-10,-7.5369416e+07,7.047173e+07,308.10455
1523,70136280.0,xz,-22603.611,-7.5369416e+07,7.047173e+07,308.10455
1524,70136280.0,yx,1.7301849e-10,-7.5369416e+07,7.047173e+07,308.10455
1525,70136280.0,yy,-7.536945e+07,-7.5369416e+07,7.047173e+07,308.10455
1526,70136280.0,yz,-24842.725,-7.5369416e+07,7.047173e+07,308.10455
1527,70136280.0,zx,-22603.611,-7.5369416e+07,7.047173e+07,308.10455
1528,70136280.0,zy,-24842.725,-7.5369416e+07,7.047173e+07,308.10455
1529,70136280.0,zz,-9.4433656e+07,-7.5369416e+07,7.047173e+07,308.10455
1530,70636280.0,xx,-7.536883e+07,-7.536491e+07,7.047173e+07,308.10455
1531,70636280.0,xy,1.733527e-10,-7.536491e+07,7.047173e+07,308.10455
1532,70636280.0,xz,-22601.498,-7.536491e+07,7.047173e+07,308.10455
1533,70636280.0,yx,1.733527e-10,-7.536491e+07,7.047173e+07,308.10455
1534,70636280.0,yy,-7.536494e+07,-7.536491e+07,7.047173e+07,308.10455
1535,70636280.0,yz,-24841.137,-7.536491e+07,7.047173e+07,308.10455
1536,70636280.0,zx,-22601.498,-7.536491e+07,7.047173e+07,308.10455
1537,70636280.0,zy,-24841.137,-7.536491e+07,7.047173e+07,308.10455
1538,70636280.0,zz,-9.443325e+07,-7.536491e+07,7.047173e+07,308.10455
1539,71136280.0,xx,-7.53646e+07,-7.536137e+07,7.048017e+07,308.10443
1540,71136280.0,xy,1.7387797e-10,-7.536137e+07,7.048017e+07,308.10443
1541,71136280.0,xz,-22487.492,-7.536137e+07,7.048017e+07,308.10443
1542,71136280.0,yx,1.7387797e-10,-7.536137e+07,7.048017e+07,308.10443
1543,71136280.0,yy,-7.53614e+07,-7.536137e+07,7.048017e+07,308.10443
1544,71136280.0,yz,-24700.184,-7.536137e+07,7.048017e+07,308.10443
1545,71136280.0,zx,-22487.492,-7.536137e+07,7.048017e+07,308.10443
1546,71136280.0,zy,-24700.184,-7.536137e+07,7.048017e+07,308.10443
1547,71136280.0,zz,-9.443063e+07,-7.536137e+07,7.048017e+07,308.10443
1548,71636280.0,xx,-7.536014e+07,-7.535691e+07,7.048017e+07,308.10443
1549,71636280.0,xy,1.7420919e-10,-7.535691e+07,7.048017e+07,308.10443
1550,71636280.0,xz,-22485.512,-7.535691e+07,7.048017e+07,308.10443
1551,71636280.0,yx,1.7420919e-10,-7.535691e+07,7.048017e+07,308.10443
1552,71636280.0,yy,-7.535694e+07,-7.535691e+07,7.048017e+07,308.10443
1553,71636280.0,yz,-24698.518,-7.535691e+07,7.048017e+07,308.10443
1554,71636280.0,zx,-22485.512,-7.535691e+07,7.048017e+07,308.10443
1555,71636280.0,zy,-24698.518,-7.535691e+07,7.048017e+07,308.10443
1556,71636280.0,zz,-9.443022e+07,-7.535691e+07,7.048017e+07,308.10443
1557,72136280.0,xx,-7.535649e+07,-7.535268e+07,7.048841e+07,308.10434
1558,72136280.0,xy,1.74641e-10,-7.535268e+07,7.048841e+07,308.10434
1559,72136280.0,xz,-22373.004,-7.535268e+07,7.048841e+07,308.10434
1560,72136280.0,yx,1.74641e-10,-7.535268e+07,7.048841e+07,308.10434
1561,72136280.0,yy,-7.535271e+07,-7.535268e+07,7.048841e+07,308.10434
1562,72136280.0,yz,-24560.486,-7.535268e+07,7.048841e+07,308.10434
1563,72136280.0,zx,-22373.004,-7.535268e+07,7.048841e+07,308.10434
1564,72136280.0,zy,-24560.486,-7.535268e+07,7.048841e+07,308.10434
1565,72136280.0,zz,-9.442761e+07,-7.535268e+07,7.048841e+07,308.10434
1566,72636280.0,xx,-7.535207e+07,-7.534826e+07,7.048841e+07,308.10434
1567,72636280.0,xy,1.7496887e-10,-7.534826e+07,7.048841e+07,308.10434
1568,72636280.0,xz,-22371.154,-7.534826e+07,7.048841e+07,308.10434
1569,72636280.0,yx,1.7496887e-10,-7.534826e+07,7.048841e+07,308.10434
1570,72636280.0,yy,-7.534829e+07,-7.534826e+07,7.048841e+07,308.10434
1571,72636280.0,yz,-24558.75,-7.534826e+07,7.048841e+07,308.10434
1572,72636280.0,zx,-22371.154,-7.534826e+07,7.048841e+07,308.10434
1573,72636280.0,zy,-24558.75,-7.534826e+07,7.048841e+07,308.10434
1574,72636280.0,zz,-9.44272e+07,-7.534826e+07,7.048841e+07,308.10434
1575,73136280.0,xx,-7.534805e+07,-7.534473e+07,7.0496296e+07,308.10425
1576,73136280.0,xy,1.7544897e-10,-7.534473e+07,7.0496296e+07,308.10425
1577,73136280.0,xz,-22262.08,-7.534473e+07,7.0496296e+07,308.10425
1578,73136280.0,yx,1.7544897e-10,-7.534473e+07,7.0496296e+07,308.10425
1579,73136280.0,yy,-7.534476e+07,-7.534473e+07,7.0496296e+07,308.10425
1580,73136280.0,yz,-24422.975,-7.534473e+07,7.0496296e+07,308.10425
1581,73136280.0,zx,-22262.08,-7.534473e+07,7.0496296e+07,308.10425
1582,73136280.0,zy,-24422.975,-7.534473e+07,7.0496296e+07,308.10425
1583,73136280.0,zz,-9.442439e+07,-7.534473e+07,7.0496296e+07,308.10425
1584,73636280.0,xx,-7.534367e+07,-7.534036e+07,7.0496296e+07,308.10425
1585,73636280.0,xy,1.7577409e-10,-7.534036e+07,7.0496296e+07,308.10425
1586,73636280.0,xz,-22260.352,-7.534036e+07,7.0496296e+07,308.10425
1587,73636280.0,yx,1.7577409e-10,-7.534036e+07,7.0496296e+07,308.10425
1588,73636280.0,yy,-7.534038e+07,-7.534036e+07,7.0496296e+07,308.10425
1589,73636280.0,yz,-24421.17,-7.534036e+07,7.0496296e+07,308.10425
1590,73636280.0,zx,-22260.352,-7.534036e+07,7.0496296e+07,308.10425
1591,73636280.0,zy,-24421.17,-7.534036e+07,7.0496296e+07,308.10425
1592,73636280.0,zz,-9.442398e+07,-7.534036e+07,7.0496296e+07,308.10425
1593,74136280.0,xx,-7.5340024e+07,-7.53367e+07,7.050459e+07,308.10425
1594,74136280.0,xy,1.7622953e-10,-7.53367e+07,7.050459e+07,308.10425
1595,74136280.0,xz,-22149.686,-7.53367e+07,7.050459e+07,308.10425
1596,74136280.0,yx,1.7622953e-10,-7.53367e+07,7.050459e+07,308.10425
1597,74136280.0,yy,-7.533674e+07,-7.53367e+07,7.050459e+07,308.10425
1598,74136280.0,yz,-24285.986,-7.53367e+07,7.050459e+07,308.10425
1599,74136280.0,zx,-22149.686,-7.53367e+07,7.050459e+07,308.10425
1600,74136280.0,zy,-24285.986,-7.53367e+07,7.050459e+07,308.10425
1601,74136280.0,zz,-9.4421384e+07,-7.53367e+07,7.050459e+07,308.10425
1602,74636280.0,xx,-7.533568e+07,-7.533237e+07,7.050459e+07,308.10425
1603,74636280.0,xy,1.7655166e-10,-7.533237e+07,7.050459e+07,308.10425
1604,74636280.0,xz,-22148.076,-7.533237e+07,7.050459e+07,308.10425
1605,74636280.0,yx,1.7655166e-10,-7.533237e+07,7.050459e+07,308.10425
1606,74636280.0,yy,-7.53324e+07,-7.533237e+07,7.050459e+07,308.10425
1607,74636280.0,yz,-24284.121,-7.533237e+07,7.050459e+07,308.10425
1608,74636280.0,zx,-22148.076,-7.533237e+07,7.050459e+07,308.10425
1609,74636280.0,zy,-24284.121,-7.533237e+07,7.050459e+07,308.10425
1610,74636280.0,zz,-9.442097e+07,-7.533237e+07,7.050459e+07,308.10425
1611,75136280.0,xx,-7.533189e+07,-7.53287e+07,7.051312e+07,308.10413
1612,75136280.0,xy,1.7704262e-10,-7.53287e+07,7.051312e+07,308.10413
1613,75136280.0,xz,-22041.303,-7.53287e+07,7.051312e+07,308.10413
1614,75136280.0,yx,1.7704262e-10,-7.53287e+07,7.051312e+07,308.10413
1615,75136280.0,yy,-7.532873e+07,-7.53287e+07,7.051312e+07,308.10413
1616,75136280.0,yz,-24151.9,-7.53287e+07,7.051312e+07,308.10413
1617,75136280.0,zx,-22041.303,-7.53287e+07,7.051312e+07,308.10413
1618,75136280.0,zy,-24151.9,-7.53287e+07,7.051312e+07,308.10413
1619,75136280.0,zz,-9.4418824e+07,-7.53287e+07,7.051312e+07,308.10413
1620,75636280.0,xx,-7.5327576e+07,-7.53244e+07,7.051312e+07,308.10413
1621,75636280.0,xy,1.773622e-10,-7.53244e+07,7.051312e+07,308.10413
1622,75636280.0,xz,-22039.803,-7.53244e+07,7.051312e+07,308.10413
1623,75636280.0,yx,1.773622e-10,-7.53244e+07,7.051312e+07,308.10413
1624,75636280.0,yy,-7.532443e+07,-7.53244e+07,7.051312e+07,308.10413
1625,75636280.0,yz,-24149.984,-7.53244e+07,7.051312e+07,308.10413
1626,75636280.0,zx,-22039.803,-7.53244e+07,7.051312e+07,308.10413
1627,75636280.0,zy,-24149.984,-7.53244e+07,7.051312e+07,308.10413
1628,75636280.0,zz,-9.44184e+07,-7.53244e+07,7.051312e+07,308.10413
1629,76136280.0,xx,-7.532342e+07,-7.53201e+07,7.051964e+07,308.10403
1630,76136280.0,xy,1.7779773e-10,-7.53201e+07,7.051964e+07,308.10403
1631,76136280.0,xz,-21935.795,-7.53201e+07,7.051964e+07,308.10403
1632,76136280.0,yx,1.7779773e-10,-7.53201e+07,7.051964e+07,308.10403
1633,76136280.0,yy,-7.532013e+07,-7.53201e+07,7.051964e+07,308.10403
1634,76136280.0,yz,-24019.66,-7.53201e+07,7.051964e+07,308.10403
1635,76136280.0,zx,-21935.795,-7.53201e+07,7.051964e+07,308.10403
1636,76136280.0,zy,-24019.66,-7.53201e+07,7.051964e+07,308.10403
1637,76136280.0,zz,-9.441591e+07,-7.53201e+07,7.051964e+07,308.10403
1638,76636280.0,xx,-7.531916e+07,-7.531582e+07,7.051964e+07,308.10403
1639,76636280.0,xy,1.7811407e-10,-7.531582e+07,7.051964e+07,308.10403
1640,76636280.0,xz,-21934.398,-7.531582e+07,7.051964e+07,308.10403
1641,76636280.0,yx,1.7811407e-10,-7.531582e+07,7.051964e+07,308.10403
1642,76636280.0,yy,-7.531586e+07,-7.531582e+07,7.051964e+07,308.10403
1643,76636280.0,yz,-24017.705,-7.531582e+07,7.051964e+07,308.10403
1644,76636280.0,zx,-21934.398,-7.531582e+07,7.051964e+07,308.10403
1645,76636280.0,zy,-24017.705,-7.531582e+07,7.051964e+07,308.10403
1646,76636280.0,zz,-9.4415496e+07,-7.531582e+07,7.051964e+07,308.10403
1647,77136280.0,xx,-7.531662e+07,-7.53128e+07,7.05292e+07,308.10394
1648,77136280.0,xy,1.7849373e-10,-7.53128e+07,7.05292e+07,308.10394
1649,77136280.0,xz,-21829.137,-7.53128e+07,7.05292e+07,308.10394
1650,77136280.0,yx,1.7849373e-10,-7.53128e+07,7.05292e+07,308.10394
1651,77136280.0,yy,-7.531283e+07,-7.53128e+07,7.05292e+07,308.10394
1652,77136280.0,yz,-23888.836,-7.53128e+07,7.05292e+07,308.10394
1653,77136280.0,zx,-21829.137,-7.53128e+07,7.05292e+07,308.10394
1654,77136280.0,zy,-23888.836,-7.53128e+07,7.05292e+07,308.10394
1655,77136280.0,zz,-9.441257e+07,-7.53128e+07,7.05292e+07,308.10394
1656,77636280.0,xx,-7.53124e+07,-7.530857e+07,7.05292e+07,308.10394
1657,77636280.0,xy,1.7880644e-10,-7.530857e+07,7.05292e+07,308.10394
1658,77636280.0,xz,-21827.842,-7.530857e+07,7.05292e+07,308.10394
1659,77636280.0,yx,1.7880644e-10,-7.530857e+07,7.05292e+07,308.10394
1660,77636280.0,yy,-7.53086e+07,-7.530857e+07,7.05292e+07,308.10394
1661,77636280.0,yz,-23886.844,-7.530857e+07,7.05292e+07,308.10394
1662,77636280.0,zx,-21827.842,-7.530857e+07,7.05292e+07,308.10394
1663,77636280.0,zy,-23886.844,-7.530857e+07,7.05292e+07,308.10394
1664,77636280.0,zz,-9.441214e+07,-7.530857e+07,7.05292e+07,308.10394
1665,78136280.0,xx,-7.530891e+07,-7.5305704e+07,7.053788e+07,308.10382
1666,78136280.0,xy,1.792782e-10,-7.5305704e+07,7.053788e+07,308.10382
1667,78136280.0,xz,-21727.027,-7.5305704e+07,7.053788e+07,308.10382
1668,78136280.0,yx,1.792782e-10,-7.5305704e+07,7.053788e+07,308.10382
1669,78136280.0,yy,-7.530573e+07,-7.5305704e+07,7.053788e+07,308.10382
1670,78136280.0,yz,-23760.574,-7.5305704e+07,7.053788e+07,308.10382
1671,78136280.0,zx,-21727.027,-7.5305704e+07,7.053788e+07,308.10382
1672,78136280.0,zy,-23760.574,-7.5305704e+07,7.053788e+07,308.10382
1673,78136280.0,zz,-9.4409496e+07,-7.5305704e+07,7.053788e+07,308.10382
1674,78636280.0,xx,-7.530472e+07,-7.530152e+07,7.053788e+07,308.10382
1675,78636280.0,xy,1.7958846e-10,-7.530152e+07,7.053788e+07,308.10382
1676,78636280.0,xz,-21725.83,-7.530152e+07,7.053788e+07,308.10382
1677,78636280.0,yx,1.7958846e-10,-7.530152e+07,7.053788e+07,308.10382
1678,78636280.0,yy,-7.5301544e+07,-7.530152e+07,7.053788e+07,308.10382
1679,78636280.0,yz,-23758.541,-7.530152e+07,7.053788e+07,308.10382
1680,78636280.0,zx,-21725.83,-7.530152e+07,7.053788e+07,308.10382
1681,78636280.0,zy,-23758.541,-7.530152e+07,7.053788e+07,308.10382
1682,78636280.0,zz,-9.440909e+07,-7.530152e+07,7.053788e+07,308.10382
1683,79136280.0,xx,-7.53018e+07,-7.5297976e+07,7.054602e+07,308.10382
1684,79136280.0,xy,1.7996264e-10,-7.5297976e+07,7.054602e+07,308.10382
1685,79136280.0,xz,-21624.428,-7.5297976e+07,7.054602e+07,308.10382
1686,79136280.0,yx,1.7996264e-10,-7.5297976e+07,7.054602e+07,308.10382
1687,79136280.0,yy,-7.529801e+07,-7.5297976e+07,7.054602e+07,308.10382
1688,79136280.0,yz,-23633.31,-7.5297976e+07,7.054602e+07,308.10382
1689,79136280.0,zx,-21624.428,-7.5297976e+07,7.054602e+07,308.10382
1690,79136280.0,zy,-23633.31,-7.5297976e+07,7.054602e+07,308.10382
1691,79136280.0,zz,-9.440646e+07,-7.5297976e+07,7.054602e+07,308.10382
1692,79636280.0,xx,-7.529765e+07,-7.529382e+07,7.054602e+07,308.10382
1693,79636280.0,xy,1.802699e-10,-7.529382e+07,7.054602e+07,308.10382
1694,79636280.0,xz,-21623.328,-7.529382e+07,7.054602e+07,308.10382
1695,79636280.0,yx,1.802699e-10,-7.529382e+07,7.054602e+07,308.10382
1696,79636280.0,yy,-7.529386e+07,-7.529382e+07,7.054602e+07,308.10382
1697,79636280.0,yz,-23631.24,-7.529382e+07,7.054602e+07,308.10382
1698,79636280.0,zx,-21623.328,-7.529382e+07,7.054602e+07,308.10382
1699,79636280.0,zy,-23631.24,-7.529382e+07,7.054602e+07,308.10382
1700,79636280.0,zz,-9.440605e+07,-7.529382e+07,7.054602e+07,308.10382
1701,80136280.0,xx,-7.529418e+07,-7.529073e+07,7.055396e+07,308.10373
1702,80136280.0,xy,1.807089e-10,-7.529073e+07,7.055396e+07,308.10373
1703,80136280.0,xz,-21524.783,-7.529073e+07,7.055396e+07,308.10373
1704,80136280.0,yx,1.807089e-10,-7.529073e+07,7.055396e+07,308.10373
1705,80136280.0,yy,-7.529075e+07,-7.529073e+07,7.055396e+07,308.10373
1706,80136280.0,yz,-23507.934,-7.529073e+07,7.055396e+07,308.10373
1707,80136280.0,zx,-21524.783,-7.529073e+07,7.055396e+07,308.10373
1708,80136280.0,zy,-23507.934,-7.529073e+07,7.055396e+07,308.10373
1709,80136280.0,zz,-9.440342e+07,-7.529073e+07,7.055396e+07,308.10373
1710,80636280.0,xx,-7.529006e+07,-7.5286616e+07,7.055396e+07,308.10373
1711,80636280.0,xy,1.810138e-10,-7.5286616e+07,7.055396e+07,308.10373
1712,80636280.0,xz,-21523.773,-7.5286616e+07,7.055396e+07,308.10373
1713,80636280.0,yx,1.810138e-10,-7.5286616e+07,7.055396e+07,308.10373
1714,80636280.0,yy,-7.528665e+07,-7.5286616e+07,7.055396e+07,308.10373
1715,80636280.0,yz,-23505.828,-7.5286616e+07,7.055396e+07,308.10373
1716,80636280.0,zx,-21523.773,-7.5286616e+07,7.055396e+07,308.10373
1717,80636280.0,zy,-23505.828,-7.5286616e+07,7.055396e+07,308.10373
1718,80636280.0,zz,-9.4403016e+07,-7.5286616e+07,7.055396e+07,308.10373
1719,81136280.0,xx,-7.528663e+07,-7.528359e+07,7.056225e+07,308.10364
1720,81136280.0,xy,1.8147538e-10,-7.528359e+07,7.056225e+07,308.10364
1721,81136280.0,xz,-21426.79,-7.528359e+07,7.056225e+07,308.10364
1722,81136280.0,yx,1.8147538e-10,-7.528359e+07,7.056225e+07,308.10364
1723,81136280.0,yy,-7.528362e+07,-7.528359e+07,7.056225e+07,308.10364
1724,81136280.0,yz,-23384.344,-7.528359e+07,7.056225e+07,308.10364
1725,81136280.0,zx,-21426.79,-7.528359e+07,7.056225e+07,308.10364
1726,81136280.0,zy,-23384.344,-7.528359e+07,7.056225e+07,308.10364
1727,81136280.0,zz,-9.4400776e+07,-7.528359e+07,7.056225e+07,308.10364
1728,81636280.0,xx,-7.528255e+07,-7.527951e+07,7.056225e+07,308.10364
1729,81636280.0,xy,1.8177804e-10,-7.527951e+07,7.056225e+07,308.10364
1730,81636280.0,xz,-21425.865,-7.527951e+07,7.056225e+07,308.10364
1731,81636280.0,yx,1.8177804e-10,-7.527951e+07,7.056225e+07,308.10364
1732,81636280.0,yy,-7.5279544e+07,-7.527951e+07,7.056225e+07,308.10364
1733,81636280.0,yz,-23382.209,-7.527951e+07,7.056225e+07,308.10364
1734,81636280.0,zx,-21425.865,-7.527951e+07,7.056225e+07,308.10364
1735,81636280.0,zy,-23382.209,-7.527951e+07,7.056225e+07,308.10364
1736,81636280.0,zz,-9.440036e+07,-7.527951e+07,7.056225e+07,308.10364
1737,82136280.0,xx,-7.527967e+07,-7.527661e+07,7.057073e+07,308.10355
1738,82136280.0,xy,1.8218124e-10,-7.527661e+07,7.057073e+07,308.10355
1739,82136280.0,xz,-21327.848,-7.527661e+07,7.057073e+07,308.10355
1740,82136280.0,yx,1.8218124e-10,-7.527661e+07,7.057073e+07,308.10355
1741,82136280.0,yy,-7.527664e+07,-7.527661e+07,7.057073e+07,308.10355
1742,82136280.0,yz,-23261.574,-7.527661e+07,7.057073e+07,308.10355
1743,82136280.0,zx,-21327.848,-7.527661e+07,7.057073e+07,308.10355
1744,82136280.0,zy,-23261.574,-7.527661e+07,7.057073e+07,308.10355
1745,82136280.0,zz,-9.439788e+07,-7.527661e+07,7.057073e+07,308.10355
1746,82636280.0,xx,-7.527561e+07,-7.527257e+07,7.057073e+07,308.10355
1747,82636280.0,xy,1.824817e-10,-7.527257e+07,7.057073e+07,308.10355
1748,82636280.0,xz,-21327.004,-7.527257e+07,7.057073e+07,308.10355
1749,82636280.0,yx,1.824817e-10,-7.527257e+07,7.057073e+07,308.10355
1750,82636280.0,yy,-7.527259e+07,-7.527257e+07,7.057073e+07,308.10355
1751,82636280.0,yz,-23259.414,-7.527257e+07,7.057073e+07,308.10355
1752,82636280.0,zx,-21327.004,-7.527257e+07,7.057073e+07,308.10355
1753,82636280.0,zy,-23259.414,-7.527257e+07,7.057073e+07,308.10355
1754,82636280.0,zz,-9.4397464e+07,-7.527257e+07,7.057073e+07,308.10355
1755,83136280.0,xx,-7.527274e+07,-7.526933e+07,7.057887e+07,308.10342
1756,83136280.0,xy,1.8286196e-10,-7.526933e+07,7.057887e+07,308.10342
1757,83136280.0,xz,-21232.393,-7.526933e+07,7.057887e+07,308.10342
1758,83136280.0,yx,1.8286196e-10,-7.526933e+07,7.057887e+07,308.10342
1759,83136280.0,yy,-7.526936e+07,-7.526933e+07,7.057887e+07,308.10342
1760,83136280.0,yz,-23141.414,-7.526933e+07,7.057887e+07,308.10342
1761,83136280.0,zx,-21232.393,-7.526933e+07,7.057887e+07,308.10342
1762,83136280.0,zy,-23141.414,-7.526933e+07,7.057887e+07,308.10342
1763,83136280.0,zz,-9.4394984e+07,-7.526933e+07,7.057887e+07,308.10342
1764,83636280.0,xx,-7.526872e+07,-7.526532e+07,7.057887e+07,308.10342
1765,83636280.0,xy,1.8315953e-10,-7.526532e+07,7.057887e+07,308.10342
1766,83636280.0,xz,-21231.627,-7.526532e+07,7.057887e+07,308.10342
1767,83636280.0,yx,1.8315953e-10,-7.526532e+07,7.057887e+07,308.10342
1768,83636280.0,yy,-7.526534e+07,-7.526532e+07,7.057887e+07,308.10342
1769,83636280.0,yz,-23139.23,-7.526532e+07,7.057887e+07,308.10342
1770,83636280.0,zx,-21231.627,-7.526532e+07,7.057887e+07,308.10342
1771,83636280.0,zy,-23139.23,-7.526532e+07,7.057887e+07,308.10342
1772,83636280.0,zz,-9.439457e+07,-7.526532e+07,7.057887e+07,308.10342
1773,84136280.0,xx,-7.52656e+07,-7.526172e+07,7.058646e+07,308.10333
1774,84136280.0,xy,1.8355081e-10,-7.526172e+07,7.058646e+07,308.10333
1775,84136280.0,xz,-21138.979,-7.526172e+07,7.058646e+07,308.10333
1776,84136280.0,yx,1.8355081e-10,-7.526172e+07,7.058646e+07,308.10333
1777,84136280.0,yy,-7.526174e+07,-7.526172e+07,7.058646e+07,308.10333
1778,84136280.0,yz,-23022.713,-7.526172e+07,7.058646e+07,308.10333
1779,84136280.0,zx,-21138.979,-7.526172e+07,7.058646e+07,308.10333
1780,84136280.0,zy,-23022.713,-7.526172e+07,7.058646e+07,308.10333
1781,84136280.0,zz,-9.439246e+07,-7.526172e+07,7.058646e+07,308.10333
1782,84636280.0,xx,-7.52616e+07,-7.525773e+07,7.058646e+07,308.10333
1783,84636280.0,xy,1.838459e-10,-7.525773e+07,7.058646e+07,308.10333
1784,84636280.0,xz,-21138.29,-7.525773e+07,7.058646e+07,308.10333
1785,84636280.0,yx,1.838459e-10,-7.525773e+07,7.058646e+07,308.10333
1786,84636280.0,yy,-7.525776e+07,-7.525773e+07,7.058646e+07,308.10333
1787,84636280.0,yz,-23020.51,-7.525773e+07,7.058646e+07,308.10333
1788,84636280.0,zx,-21138.29,-7.525773e+07,7.058646e+07,308.10333
1789,84636280.0,zy,-23020.51,-7.525773e+07,7.058646e+07,308.10333
1790,84636280.0,zz,-9.439205e+07,-7.525773e+07,7.058646e+07,308.10333
1791,85136280.0,xx,-7.525892e+07,-7.525431e+07,7.059466e+07,308.10333
1792,85136280.0,xy,1.8421964e-10,-7.525431e+07,7.059466e+07,308.10333
1793,85136280.0,xz,-21044.588,-7.525431e+07,7.059466e+07,308.10333
1794,85136280.0,yx,1.8421964e-10,-7.525431e+07,7.059466e+07,308.10333
1795,85136280.0,yy,-7.5254344e+07,-7.525431e+07,7.059466e+07,308.10333
1796,85136280.0,yz,-22904.803,-7.525431e+07,7.059466e+07,308.10333
1797,85136280.0,zx,-21044.588,-7.525431e+07,7.059466e+07,308.10333
1798,85136280.0,zy,-22904.803,-7.525431e+07,7.059466e+07,308.10333
1799,85136280.0,zz,-9.439007e+07,-7.525431e+07,7.059466e+07,308.10333
1800,85636280.0,xx,-7.525496e+07,-7.525035e+07,7.059466e+07,308.10333
1801,85636280.0,xy,1.8451196e-10,-7.525035e+07,7.059466e+07,308.10333
1802,85636280.0,xz,-21043.97,-7.525035e+07,7.059466e+07,308.10333
1803,85636280.0,yx,1.8451196e-10,-7.525035e+07,7.059466e+07,308.10333
1804,85636280.0,yy,-7.5250376e+07,-7.525035e+07,7.059466e+07,308.10333
1805,85636280.0,yz,-22902.584,-7.525035e+07,7.059466e+07,308.10333
1806,85636280.0,zx,-21043.97,-7.525035e+07,7.059466e+07,308.10333
1807,85636280.0,zy,-22902.584,-7.525035e+07,7.059466e+07,308.10333
1808,85636280.0,zz,-9.4389656e+07,-7.525035e+07,7.059466e+07,308.10333
1809,86136280.0,xx,-7.525157e+07,-7.524659e+07,7.060128e+07,308.10324
1810,86136280.0,xy,1.8489776e-10,-7.524659e+07,7.060128e+07,308.10324
1811,86136280.0,xz,-20954.176,-7.524659e+07,7.060128e+07,308.10324
1812,86136280.0,yx,1.8489776e-10,-7.524659e+07,7.060128e+07,308.10324
1813,86136280.0,yy,-7.524662e+07,-7.524659e+07,7.060128e+07,308.10324
1814,86136280.0,yz,-22789.596,-7.524659e+07,7.060128e+07,308.10324
1815,86136280.0,zx,-20954.176,-7.524659e+07,7.060128e+07,308.10324
1816,86136280.0,zy,-22789.596,-7.524659e+07,7.060128e+07,308.10324
1817,86136280.0,zz,-9.438754e+07,-7.524659e+07,7.060128e+07,308.10324
1818,86636280.0,xx,-7.524763e+07,-7.524266e+07,7.060128e+07,308.10324
1819,86636280.0,xy,1.8518774e-10,-7.524266e+07,7.060128e+07,308.10324
1820,86636280.0,xz,-20953.629,-7.524266e+07,7.060128e+07,308.10324
1821,86636280.0,yx,1.8518774e-10,-7.524266e+07,7.060128e+07,308.10324
1822,86636280.0,yy,-7.524269e+07,-7.524266e+07,7.060128e+07,308.10324
1823,86636280.0,yz,-22787.361,-7.524266e+07,7.060128e+07,308.10324
1824,86636280.0,zx,-20953.629,-7.524266e+07,7.060128e+07,308.10324
1825,86636280.0,zy,-22787.361,-7.524266e+07,7.060128e+07,308.10324
1826,86636280.0,zz,-9.438712e+07,-7.524266e+07,7.060128e+07,308.10324
1827,87136280.0,xx,-7.524475e+07,-7.524008e+07,7.06105e+07,308.10312
1828,87136280.0,xy,1.8564758e-10,-7.524008e+07,7.06105e+07,308.10312
1829,87136280.0,xz,-20863.803,-7.524008e+07,7.06105e+07,308.10312
1830,87136280.0,yx,1.8564758e-10,-7.524008e+07,7.06105e+07,308.10312
1831,87136280.0,yy,-7.5240104e+07,-7.524008e+07,7.06105e+07,308.10312
1832,87136280.0,yz,-22674.773,-7.524008e+07,7.06105e+07,308.10312
1833,87136280.0,zx,-20863.803,-7.524008e+07,7.06105e+07,308.10312
1834,87136280.0,zy,-22674.773,-7.524008e+07,7.06105e+07,308.10312
1835,87136280.0,zz,-9.4385336e+07,-7.524008e+07,7.06105e+07,308.10312
1836,87636280.0,xx,-7.524085e+07,-7.523618e+07,7.06105e+07,308.10312
1837,87636280.0,xy,1.8593588e-10,-7.523618e+07,7.06105e+07,308.10312
1838,87636280.0,xz,-20863.324,-7.523618e+07,7.06105e+07,308.10312
1839,87636280.0,yx,1.8593588e-10,-7.523618e+07,7.06105e+07,308.10312
1840,87636280.0,yy,-7.52362e+07,-7.523618e+07,7.06105e+07,308.10312
1841,87636280.0,yz,-22672.521,-7.523618e+07,7.06105e+07,308.10312
1842,87636280.0,zx,-20863.324,-7.523618e+07,7.06105e+07,308.10312
1843,87636280.0,zy,-22672.521,-7.523618e+07,7.06105e+07,308.10312
1844,87636280.0,zz,-9.438492e+07,-7.523618e+07,7.06105e+07,308.10312
1845,88136280.0,xx,-7.523791e+07,-7.523352e+07,7.061913e+07,308.10303
1846,88136280.0,xy,1.8637698e-10,-7.523352e+07,7.061913e+07,308.10303
1847,88136280.0,xz,-20774.629,-7.523352e+07,7.061913e+07,308.10303
1848,88136280.0,yx,1.8637698e-10,-7.523352e+07,7.061913e+07,308.10303
1849,88136280.0,yy,-7.523355e+07,-7.523352e+07,7.061913e+07,308.10303
1850,88136280.0,yz,-22561.553,-7.523352e+07,7.061913e+07,308.10303
1851,88136280.0,zx,-20774.629,-7.523352e+07,7.061913e+07,308.10303
1852,88136280.0,zy,-22561.553,-7.523352e+07,7.061913e+07,308.10303
1853,88136280.0,zz,-9.438304e+07,-7.523352e+07,7.061913e+07,308.10303
1854,88636280.0,xx,-7.523404e+07,-7.522965e+07,7.061913e+07,308.10303
1855,88636280.0,xy,1.8666309e-10,-7.522965e+07,7.061913e+07,308.10303
1856,88636280.0,xz,-20774.21,-7.522965e+07,7.061913e+07,308.10303
1857,88636280.0,yx,1.8666309e-10,-7.522965e+07,7.061913e+07,308.10303
1858,88636280.0,yy,-7.522967e+07,-7.522965e+07,7.061913e+07,308.10303
1859,88636280.0,yz,-22559.285,-7.522965e+07,7.061913e+07,308.10303
1860,88636280.0,zx,-20774.21,-7.522965e+07,7.061913e+07,308.10303
1861,88636280.0,zy,-22559.285,-7.522965e+07,7.061913e+07,308.10303
1862,88636280.0,zz,-9.438263e+07,-7.522965e+07,7.061913e+07,308.10303
1863,89136280.0,xx,-7.523107e+07,-7.52266e+07,7.0627064e+07,308.10303
1864,89136280.0,xy,1.8707583e-10,-7.52266e+07,7.0627064e+07,308.10303
1865,89136280.0,xz,-20686.867,-7.52266e+07,7.0627064e+07,308.10303
1866,89136280.0,yx,1.8707583e-10,-7.52266e+07,7.0627064e+07,308.10303
1867,89136280.0,yy,-7.522663e+07,-7.52266e+07,7.0627064e+07,308.10303
1868,89136280.0,yz,-22449.697,-7.52266e+07,7.0627064e+07,308.10303
1869,89136280.0,zx,-20686.867,-7.52266e+07,7.0627064e+07,308.10303
1870,89136280.0,zy,-22449.697,-7.52266e+07,7.0627064e+07,308.10303
1871,89136280.0,zz,-9.4380744e+07,-7.52266e+07,7.0627064e+07,308.10303
1872,89636280.0,xx,-7.522722e+07,-7.522275e+07,7.0627064e+07,308.10303
1873,89636280.0,xy,1.8736024e-10,-7.522275e+07,7.0627064e+07,308.10303
1874,89636280.0,xz,-20686.514,-7.522275e+07,7.0627064e+07,308.10303
1875,89636280.0,yx,1.8736024e-10,-7.522275e+07,7.0627064e+07,308.10303
1876,89636280.0,yy,-7.5222776e+07,-7.522275e+07,7.0627064e+07,308.10303
1877,89636280.0,yz,-22447.41,-7.522275e+07,7.0627064e+07,308.10303
1878,89636280.0,zx,-20686.514,-7.522275e+07,7.0627064e+07,308.10303
1879,89636280.0,zy,-22447.41,-7.522275e+07,7.0627064e+07,308.10303
1880,89636280.0,zz,-9.438033e+07,-7.522275e+07,7.0627064e+07,308.10303
1881,90136280.0,xx,-7.522455e+07,-7.5219624e+07,7.063521e+07,308.10294
1882,90136280.0,xy,1.877393e-10,-7.5219624e+07,7.063521e+07,308.10294
1883,90136280.0,xz,-20600.014,-7.5219624e+07,7.063521e+07,308.10294
1884,90136280.0,yx,1.877393e-10,-7.5219624e+07,7.063521e+07,308.10294
1885,90136280.0,yy,-7.521965e+07,-7.5219624e+07,7.063521e+07,308.10294
1886,90136280.0,yz,-22339.309,-7.5219624e+07,7.063521e+07,308.10294
1887,90136280.0,zx,-20600.014,-7.5219624e+07,7.063521e+07,308.10294
1888,90136280.0,zy,-22339.309,-7.5219624e+07,7.063521e+07,308.10294
1889,90136280.0,zz,-9.4378424e+07,-7.5219624e+07,7.063521e+07,308.10294
1890,90636280.0,xx,-7.522073e+07,-7.5215784e+07,7.063521e+07,308.10294
1891,90636280.0,xy,1.8802136e-10,-7.5215784e+07,7.063521e+07,308.10294
1892,90636280.0,xz,-20599.715,-7.5215784e+07,7.063521e+07,308.10294
1893,90636280.0,yx,1.8802136e-10,-7.5215784e+07,7.063521e+07,308.10294
1894,90636280.0,yy,-7.5215816e+07,-7.5215784e+07,7.063521e+07,308.10294
1895,90636280.0,yz,-22337.023,-7.5215784e+07,7.063521e+07,308.10294
1896,90636280.0,zx,-20599.715,-7.5215784e+07,7.063521e+07,308.10294
1897,90636280.0,zy,-22337.023,-7.5215784e+07,7.063521e+07,308.10294
1898,90636280.0,zz,-9.437801e+07,-7.5215784e+07,7.063521e+07,308.10294
1899,91136280.0,xx,-7.5217576e+07,-7.5212856e+07,7.06432e+07,308.1028
1900,91136280.0,xy,1.8846984e-10,-7.5212856e+07,7.06432e+07,308.1028
1901,91136280.0,xz,-20515.09,-7.5212856e+07,7.06432e+07,308.1028
1902,91136280.0,yx,1.8846984e-10,-7.5212856e+07,7.06432e+07,308.1028
1903,91136280.0,yy,-7.521289e+07,-7.5212856e+07,7.06432e+07,308.1028
1904,91136280.0,yz,-22230.133,-7.5212856e+07,7.06432e+07,308.1028
1905,91136280.0,zx,-20515.09,-7.5212856e+07,7.06432e+07,308.1028
1906,91136280.0,zy,-22230.133,-7.5212856e+07,7.06432e+07,308.1028
1907,91136280.0,zz,-9.437649e+07,-7.5212856e+07,7.06432e+07,308.1028
1908,91636280.0,xx,-7.521378e+07,-7.520905e+07,7.06432e+07,308.1028
1909,91636280.0,xy,1.8875036e-10,-7.520905e+07,7.06432e+07,308.1028
1910,91636280.0,xz,-20514.842,-7.520905e+07,7.06432e+07,308.1028
1911,91636280.0,yx,1.8875036e-10,-7.520905e+07,7.06432e+07,308.1028
1912,91636280.0,yy,-7.520907e+07,-7.520905e+07,7.06432e+07,308.1028
1913,91636280.0,yz,-22227.842,-7.520905e+07,7.06432e+07,308.1028
1914,91636280.0,zx,-20514.842,-7.520905e+07,7.06432e+07,308.1028
1915,91636280.0,zy,-22227.842,-7.520905e+07,7.06432e+07,308.1028
1916,91636280.0,zz,-9.437608e+07,-7.520905e+07,7.06432e+07,308.1028
1917,92136280.0,xx,-7.521027e+07,-7.520669e+07,7.065129e+07,308.10272
1918,92136280.0,xy,1.8926184e-10,-7.520669e+07,7.065129e+07,308.10272
1919,92136280.0,xz,-20430.27,-7.520669e+07,7.065129e+07,308.10272
1920,92136280.0,yx,1.8926184e-10,-7.520669e+07,7.065129e+07,308.10272
1921,92136280.0,yy,-7.520671e+07,-7.520669e+07,7.065129e+07,308.10272
1922,92136280.0,yz,-22122.828,-7.520669e+07,7.065129e+07,308.10272
1923,92136280.0,zx,-20430.27,-7.520669e+07,7.065129e+07,308.10272
1924,92136280.0,zy,-22122.828,-7.520669e+07,7.065129e+07,308.10272
1925,92136280.0,zz,-9.4374616e+07,-7.520669e+07,7.065129e+07,308.10272
1926,92636280.0,xx,-7.520648e+07,-7.5202904e+07,7.065129e+07,308.10272
1927,92636280.0,xy,1.8954176e-10,-7.5202904e+07,7.065129e+07,308.10272
1928,92636280.0,xz,-20430.068,-7.5202904e+07,7.065129e+07,308.10272
1929,92636280.0,yx,1.8954176e-10,-7.5202904e+07,7.065129e+07,308.10272
1930,92636280.0,yy,-7.520293e+07,-7.5202904e+07,7.065129e+07,308.10272
1931,92636280.0,yz,-22120.53,-7.5202904e+07,7.065129e+07,308.10272
1932,92636280.0,zx,-20430.068,-7.5202904e+07,7.065129e+07,308.10272
1933,92636280.0,zy,-22120.53,-7.5202904e+07,7.065129e+07,308.10272
1934,92636280.0,zz,-9.43742e+07,-7.5202904e+07,7.065129e+07,308.10272
1935,93136280.0,xx,-7.520431e+07,-7.520056e+07,7.065923e+07,308.10272
1936,93136280.0,xy,1.8985791e-10,-7.520056e+07,7.065923e+07,308.10272
1937,93136280.0,xz,-20346.682,-7.520056e+07,7.065923e+07,308.10272
1938,93136280.0,yx,1.8985791e-10,-7.520056e+07,7.065923e+07,308.10272
1939,93136280.0,yy,-7.5200584e+07,-7.520056e+07,7.065923e+07,308.10272
1940,93136280.0,yz,-22015.828,-7.520056e+07,7.065923e+07,308.10272
1941,93136280.0,zx,-20346.682,-7.520056e+07,7.065923e+07,308.10272
1942,93136280.0,zy,-22015.828,-7.520056e+07,7.065923e+07,308.10272
1943,93136280.0,zz,-9.4371384e+07,-7.520056e+07,7.065923e+07,308.10272
1944,93636280.0,xx,-7.520055e+07,-7.519681e+07,7.065923e+07,308.10272
1945,93636280.0,xy,1.9013503e-10,-7.519681e+07,7.065923e+07,308.10272
1946,93636280.0,xz,-20346.537,-7.519681e+07,7.065923e+07,308.10272
1947,93636280.0,yx,1.9013503e-10,-7.519681e+07,7.065923e+07,308.10272
1948,93636280.0,yy,-7.519683e+07,-7.519681e+07,7.065923e+07,308.10272
1949,93636280.0,yz,-22013.523,-7.519681e+07,7.065923e+07,308.10272
1950,93636280.0,zx,-20346.537,-7.519681e+07,7.065923e+07,308.10272
1951,93636280.0,zy,-22013.523,-7.519681e+07,7.065923e+07,308.10272
1952,93636280.0,zz,-9.437098e+07,-7.519681e+07,7.065923e+07,308.10272
1953,94136280.0,xx,-7.5197864e+07,-7.519413e+07,7.066737e+07,308.10263
1954,94136280.0,xy,1.9053774e-10,-7.519413e+07,7.066737e+07,308.10263
1955,94136280.0,xz,-20264.709,-7.519413e+07,7.066737e+07,308.10263
1956,94136280.0,yx,1.9053774e-10,-7.519413e+07,7.066737e+07,308.10263
1957,94136280.0,yy,-7.519415e+07,-7.519413e+07,7.066737e+07,308.10263
1958,94136280.0,yz,-21910.473,-7.519413e+07,7.066737e+07,308.10263
1959,94136280.0,zx,-20264.709,-7.519413e+07,7.066737e+07,308.10263
1960,94136280.0,zy,-21910.473,-7.519413e+07,7.066737e+07,308.10263
1961,94136280.0,zz,-9.436923e+07,-7.519413e+07,7.066737e+07,308.10263
1962,94636280.0,xx,-7.5194136e+07,-7.51904e+07,7.066737e+07,308.10263
1963,94636280.0,xy,1.9081293e-10,-7.51904e+07,7.066737e+07,308.10263
1964,94636280.0,xz,-20264.611,-7.51904e+07,7.066737e+07,308.10263
1965,94636280.0,yx,1.9081293e-10,-7.51904e+07,7.066737e+07,308.10263
1966,94636280.0,yy,-7.5190424e+07,-7.51904e+07,7.066737e+07,308.10263
1967,94636280.0,yz,-21908.162,-7.51904e+07,7.066737e+07,308.10263
1968,94636280.0,zx,-20264.611,-7.51904e+07,7.066737e+07,308.10263
1969,94636280.0,zy,-21908.162,-7.51904e+07,7.066737e+07,308.10263
1970,94636280.0,zz,-9.4368824e+07,-7.51904e+07,7.066737e+07,308.10263
1971,95136280.0,xx,-7.519174e+07,-7.5187704e+07,7.067526e+07,308.10254
1972,95136280.0,xy,1.9116371e-10,-7.5187704e+07,7.067526e+07,308.10254
1973,95136280.0,xz,-20184.72,-7.5187704e+07,7.067526e+07,308.10254
1974,95136280.0,yx,1.9116371e-10,-7.5187704e+07,7.067526e+07,308.10254
1975,95136280.0,yy,-7.518773e+07,-7.5187704e+07,7.067526e+07,308.10254
1976,95136280.0,yz,-21806.732,-7.5187704e+07,7.067526e+07,308.10254
1977,95136280.0,zx,-20184.72,-7.5187704e+07,7.067526e+07,308.10254
1978,95136280.0,zy,-21806.732,-7.5187704e+07,7.067526e+07,308.10254
1979,95136280.0,zz,-9.436676e+07,-7.5187704e+07,7.067526e+07,308.10254
1980,95636280.0,xx,-7.518805e+07,-7.518401e+07,7.067526e+07,308.10254
1981,95636280.0,xy,1.9143659e-10,-7.518401e+07,7.067526e+07,308.10254
1982,95636280.0,xz,-20184.67,-7.518401e+07,7.067526e+07,308.10254
1983,95636280.0,yx,1.9143659e-10,-7.518401e+07,7.067526e+07,308.10254
1984,95636280.0,yy,-7.518403e+07,-7.518401e+07,7.067526e+07,308.10254
1985,95636280.0,yz,-21804.422,-7.518401e+07,7.067526e+07,308.10254
1986,95636280.0,zx,-20184.67,-7.518401e+07,7.067526e+07,308.10254
1987,95636280.0,zy,-21804.422,-7.518401e+07,7.067526e+07,308.10254
1988,95636280.0,zz,-9.436636e+07,-7.518401e+07,7.067526e+07,308.10254
1989,96136280.0,xx,-7.518515e+07,-7.518122e+07,7.068248e+07,308.10242
1990,96136280.0,xy,1.9182941e-10,-7.518122e+07,7.068248e+07,308.10242
1991,96136280.0,xz,-20104.377,-7.518122e+07,7.068248e+07,308.10242
1992,96136280.0,yx,1.9182941e-10,-7.518122e+07,7.068248e+07,308.10242
1993,96136280.0,yy,-7.518125e+07,-7.518122e+07,7.068248e+07,308.10242
1994,96136280.0,yz,-21703.855,-7.518122e+07,7.068248e+07,308.10242
1995,96136280.0,zx,-20104.377,-7.518122e+07,7.068248e+07,308.10242
1996,96136280.0,zy,-21703.855,-7.518122e+07,7.068248e+07,308.10242
1997,96136280.0,zz,-9.436463e+07,-7.518122e+07,7.068248e+07,308.10242
1998,96636280.0,xx,-7.518148e+07,-7.5177544e+07,7.068248e+07,308.10242
1999,96636280.0,xy,1.9210042e-10,-7.5177544e+07,7.068248e+07,308.10242
2000,96636280.0,xz,-20104.37,-7.5177544e+07,7.068248e+07,308.10242
2001,96636280.0,yx,1.9210042e-10,-7.5177544e+07,7.068248e+07,308.10242
2002,96636280.0,yy,-7.517757e+07,-7.5177544e+07,7.068248e+07,308.10242
2003,96636280.0,yz,-21701.543,-7.5177544e+07,7.068248e+07,308.10242
2004,96636280.0,zx,-20104.37,-7.5177544e+07,7.068248e+07,308.10242
2005,96636280.0,zy,-21701.543,-7.5177544e+07,7.068248e+07,308.10242
2006,96636280.0,zz,-9.436423e+07,-7.5177544e+07,7.068248e+07,308.10242
2007,97136280.0,xx,-7.5179096e+07,-7.517579e+07,7.069115e+07,308.10242
2008,97136280.0,xy,1.9250977e-10,-7.517579e+07,7.069115e+07,308.10242
2009,97136280.0,xz,-20025.912,-7.517579e+07,7.069115e+07,308.10242
2010,97136280.0,yx,1.9250977e-10,-7.517579e+07,7.069115e+07,308.10242
2011,97136280.0,yy,-7.5175816e+07,-7.517579e+07,7.069115e+07,308.10242
2012,97136280.0,yz,-21601.83,-7.517579e+07,7.069115e+07,308.10242
2013,97136280.0,zx,-20025.912,-7.517579e+07,7.069115e+07,308.10242
2014,97136280.0,zy,-21601.83,-7.517579e+07,7.069115e+07,308.10242
2015,97136280.0,zz,-9.436221e+07,-7.517579e+07,7.069115e+07,308.10242
2016,97636280.0,xx,-7.517545e+07,-7.517215e+07,7.069115e+07,308.10242
2017,97636280.0,xy,1.9277925e-10,-7.517215e+07,7.069115e+07,308.10242
2018,97636280.0,xz,-20025.947,-7.517215e+07,7.069115e+07,308.10242
2019,97636280.0,yx,1.9277925e-10,-7.517215e+07,7.069115e+07,308.10242
2020,97636280.0,yy,-7.517218e+07,-7.517215e+07,7.069115e+07,308.10242
2021,97636280.0,yz,-21599.512,-7.517215e+07,7.069115e+07,308.10242
2022,97636280.0,zx,-20025.947,-7.517215e+07,7.069115e+07,308.10242
2023,97636280.0,zy,-21599.512,-7.517215e+07,7.069115e+07,308.10242
2024,97636280.0,zz,-9.4361816e+07,-7.517215e+07,7.069115e+07,308.10242
2025,98136280.0,xx,-7.517343e+07,-7.5170344e+07,7.0699736e+07,308.10233
2026,98136280.0,xy,1.931273e-10,-7.5170344e+07,7.0699736e+07,308.10233
2027,98136280.0,xz,-19948.033,-7.5170344e+07,7.0699736e+07,308.10233
2028,98136280.0,yx,1.931273e-10,-7.5170344e+07,7.0699736e+07,308.10233
2029,98136280.0,yy,-7.517037e+07,-7.5170344e+07,7.0699736e+07,308.10233
2030,98136280.0,yz,-21501.363,-7.5170344e+07,7.0699736e+07,308.10233
2031,98136280.0,zx,-19948.033,-7.5170344e+07,7.0699736e+07,308.10233
2032,98136280.0,zy,-21501.363,-7.5170344e+07,7.0699736e+07,308.10233
2033,98136280.0,zz,-9.4359416e+07,-7.5170344e+07,7.0699736e+07,308.10233
2034,98636280.0,xx,-7.516982e+07,-7.5166744e+07,7.0699736e+07,308.10233
2035,98636280.0,xy,1.9339438e-10,-7.5166744e+07,7.0699736e+07,308.10233
2036,98636280.0,xz,-19948.111,-7.5166744e+07,7.0699736e+07,308.10233
2037,98636280.0,yx,1.9339438e-10,-7.5166744e+07,7.0699736e+07,308.10233
2038,98636280.0,yy,-7.516677e+07,-7.5166744e+07,7.0699736e+07,308.10233
2039,98636280.0,yz,-21499.043,-7.5166744e+07,7.0699736e+07,308.10233
2040,98636280.0,zx,-19948.111,-7.5166744e+07,7.0699736e+07,308.10233
2041,98636280.0,zy,-21499.043,-7.5166744e+07,7.0699736e+07,308.10233
2042,98636280.0,zz,-9.435904e+07,-7.5166744e+07,7.0699736e+07,308.10233
2043,99136280.0,xx,-7.516749e+07,-7.5164056e+07,7.070778e+07,308.10223
2044,99136280.0,xy,1.9376291e-10,-7.5164056e+07,7.070778e+07,308.10223
2045,99136280.0,xz,-19871.154,-7.5164056e+07,7.070778e+07,308.10223
2046,99136280.0,yx,1.9376291e-10,-7.5164056e+07,7.070778e+07,308.10223
2047,99136280.0,yy,-7.516408e+07,-7.5164056e+07,7.070778e+07,308.10223
2048,99136280.0,yz,-21402.19,-7.5164056e+07,7.070778e+07,308.10223
2049,99136280.0,zx,-19871.154,-7.5164056e+07,7.070778e+07,308.10223
2050,99136280.0,zy,-21402.19,-7.5164056e+07,7.070778e+07,308.10223
2051,99136280.0,zz,-9.4357544e+07,-7.5164056e+07,7.070778e+07,308.10223
2052,99636280.0,xx,-7.5163896e+07,-7.516048e+07,7.070778e+07,308.10223
2053,99636280.0,xy,1.9402825e-10,-7.516048e+07,7.070778e+07,308.10223
2054,99636280.0,xz,-19871.27,-7.516048e+07,7.070778e+07,308.10223
2055,99636280.0,yx,1.9402825e-10,-7.516048e+07,7.070778e+07,308.10223
2056,99636280.0,yy,-7.5160504e+07,-7.516048e+07,7.070778e+07,308.10223
2057,99636280.0,yz,-21399.873,-7.516048e+07,7.070778e+07,308.10223
2058,99636280.0,zx,-19871.27,-7.516048e+07,7.070778e+07,308.10223
2059,99636280.0,zy,-21399.873,-7.516048e+07,7.070778e+07,308.10223
2060,99636280.0,zz,-9.435717e+07,-7.516048e+07,7.070778e+07,308.10223
