# Info:     ____ Setting up variables for CG...                                 @ /work/harpy/src/solver/viscoplastic/VPSolver.cpp:190
# Info:     ____ Adding stress: order 2                                         @ /work/harpy/src/solver/viscoplastic/VPSolver.cpp:211
# Info:     ____ Reading grid file 'model//temperature.csv.gz' ...              @ /work/harpy/src/util/GridFile.cpp:39
# Info:     ____ Reading grid file 'model//pressure.csv.gz' ...                 @ /work/harpy/src/util/GridFile.cpp:39
# Info:     __ Reading 'model//sig0.bin' ...                                    @ /work/harpy/src/solverloop/SLViscoplastic.cpp:86
# Info:     ====================================================                @ /work/harpy/src/timeloop/Timeloop.cpp:42
# Info:     Solving timestep 0 @ -1s (dt=10) ...                                @ /work/harpy/src/timeloop/Timeloop.cpp:43
# Info:     ____ Assembling poroelastic problem - total DoFs=501083             @ /work/harpy/src/solver/viscoplastic/VPSolver.cpp:634
  NL step  0, |residual|_2 = 8.987687e+04
# Info:     ____ Assembling poroelastic problem - total DoFs=501083             @ /work/harpy/src/solver/viscoplastic/VPSolver.cpp:634
  NL step  1, |residual|_2 = 2.519380e-01
# Info:     ____ Nonlinear solver converged (CONVERGED_FNORM_RELATIVE).         @ /work/harpy/src/solver/viscoplastic/VPSolver.cpp:610
# Info:     ____ System solved at nonlinear iteration 1 , final nonlinear residual norm: 0.251938     @ /work/harpy/src/solver/viscoplastic/VPSolver.cpp:560
# Info:     ====================================================                @ /work/harpy/src/timeloop/Timeloop.cpp:42
# Info:     Solving timestep 1 @ 10s (dt=10) ...                                @ /work/harpy/src/timeloop/Timeloop.cpp:43
# Info:     ____ Assembling poroelastic problem - total DoFs=501083             @ /work/harpy/src/solver/viscoplastic/VPSolver.cpp:634
  NL step  0, |residual|_2 = 8.022170e+03
# Info:     ____ Assembling poroelastic problem - total DoFs=501083             @ /work/harpy/src/solver/viscoplastic/VPSolver.cpp:634
  NL step  1, |residual|_2 = 1.918668e-01
# Info:     ____ Assembling poroelastic problem - total DoFs=501083             @ /work/harpy/src/solver/viscoplastic/VPSolver.cpp:634
  NL step  2, |residual|_2 = 7.613964e-02
# Info:     ____ Nonlinear solver converged (CONVERGED_FNORM_RELATIVE).         @ /work/harpy/src/solver/viscoplastic/VPSolver.cpp:610
# Info:     ____ System solved at nonlinear iteration 2 , final nonlinear residual norm: 0.0761396     @ /work/harpy/src/solver/viscoplastic/VPSolver.cpp:560
# Info:     ====================================================                @ /work/harpy/src/timeloop/Timeloop.cpp:42
# Info:     Solving timestep 2 @ 25s (dt=15) ...                                @ /work/harpy/src/timeloop/Timeloop.cpp:43
# Info:     ____ Assembling poroelastic problem - total DoFs=501083             @ /work/harpy/src/solver/viscoplastic/VPSolver.cpp:634
  NL step  0, |residual|_2 = 1.203353e+04
# Info:     ____ Assembling poroelastic problem - total DoFs=501083             @ /work/harpy/src/solver/viscoplastic/VPSolver.cpp:634
  NL step  1, |residual|_2 = 2.683455e-01
# Info:     ____ Assembling poroelastic problem - total DoFs=501083             @ /work/harpy/src/solver/viscoplastic/VPSolver.cpp:634
  NL step  2, |residual|_2 = 2.897838e-02
# Info:     ____ Nonlinear solver converged (CONVERGED_FNORM_RELATIVE).         @ /work/harpy/src/solver/viscoplastic/VPSolver.cpp:610
# Info:     ____ System solved at nonlinear iteration 2 , final nonlinear residual norm: 0.0289784     @ /work/harpy/src/solver/viscoplastic/VPSolver.cpp:560
# Info:     ====================================================                @ /work/harpy/src/timeloop/Timeloop.cpp:42
# Info:     Solving timestep 3 @ 47.5s (dt=22.5) ...                            @ /work/harpy/src/timeloop/Timeloop.cpp:43
# Info:     ____ Assembling poroelastic problem - total DoFs=501083             @ /work/harpy/src/solver/viscoplastic/VPSolver.cpp:634
  NL step  0, |residual|_2 = 1.805016e+04
# Info:     ____ Assembling poroelastic problem - total DoFs=501083             @ /work/harpy/src/solver/viscoplastic/VPSolver.cpp:634
  NL step  1, |residual|_2 = 2.873056e-01
# Info:     ____ Assembling poroelastic problem - total DoFs=501083             @ /work/harpy/src/solver/viscoplastic/VPSolver.cpp:634
  NL step  2, |residual|_2 = 1.058367e-01
# Info:     ____ Nonlinear solver converged (CONVERGED_FNORM_RELATIVE).         @ /work/harpy/src/solver/viscoplastic/VPSolver.cpp:610
# Info:     ____ System solved at nonlinear iteration 2 , final nonlinear residual norm: 0.105837     @ /work/harpy/src/solver/viscoplastic/VPSolver.cpp:560
# Info:     ====================================================                @ /work/harpy/src/timeloop/Timeloop.cpp:42
# Info:     Solving timestep 4 @ 81.25s (dt=33.75) ...                          @ /work/harpy/src/timeloop/Timeloop.cpp:43
# Info:     ____ Assembling poroelastic problem - total DoFs=501083             @ /work/harpy/src/solver/viscoplastic/VPSolver.cpp:634
  NL step  0, |residual|_2 = 6.346335e+08
# Info:     ____ Assembling poroelastic problem - total DoFs=501083             @ /work/harpy/src/solver/viscoplastic/VPSolver.cpp:634
  NL step  1, |residual|_2 = 3.406916e+02
# Info:     ____ Nonlinear solver converged (CONVERGED_FNORM_RELATIVE).         @ /work/harpy/src/solver/viscoplastic/VPSolver.cpp:610
# Info:     ____ System solved at nonlinear iteration 1 , final nonlinear residual norm: 340.692     @ /work/harpy/src/solver/viscoplastic/VPSolver.cpp:560
# Info:     ====================================================                @ /work/harpy/src/timeloop/Timeloop.cpp:42
# Info:     Solving timestep 5 @ 131.875s (dt=50.625) ...                       @ /work/harpy/src/timeloop/Timeloop.cpp:43
# Info:     ____ Assembling poroelastic problem - total DoFs=501083             @ /work/harpy/src/solver/viscoplastic/VPSolver.cpp:634
  NL step  0, |residual|_2 = 6.592723e+08
# Info:     ____ Assembling poroelastic problem - total DoFs=501083             @ /work/harpy/src/solver/viscoplastic/VPSolver.cpp:634
  NL step  1, |residual|_2 = 3.081083e+02
# Info:     ____ Nonlinear solver converged (CONVERGED_FNORM_RELATIVE).         @ /work/harpy/src/solver/viscoplastic/VPSolver.cpp:610
# Info:     ____ System solved at nonlinear iteration 1 , final nonlinear residual norm: 308.108     @ /work/harpy/src/solver/viscoplastic/VPSolver.cpp:560
# Info:     ====================================================                @ /work/harpy/src/timeloop/Timeloop.cpp:42
# Info:     Solving timestep 6 @ 207.812s (dt=75.9375) ...                      @ /work/harpy/src/timeloop/Timeloop.cpp:43
# Info:     ____ Assembling poroelastic problem - total DoFs=501083             @ /work/harpy/src/solver/viscoplastic/VPSolver.cpp:634
  NL step  0, |residual|_2 = 5.982500e+04
# Info:     ____ Assembling poroelastic problem - total DoFs=501083             @ /work/harpy/src/solver/viscoplastic/VPSolver.cpp:634
  NL step  1, |residual|_2 = 2.528369e+00
# Info:     ____ Assembling poroelastic problem - total DoFs=501083             @ /work/harpy/src/solver/viscoplastic/VPSolver.cpp:634
  NL step  2, |residual|_2 = 8.982314e-02
# Info:     ____ Nonlinear solver converged (CONVERGED_FNORM_RELATIVE).         @ /work/harpy/src/solver/viscoplastic/VPSolver.cpp:610
# Info:     ____ System solved at nonlinear iteration 2 , final nonlinear residual norm: 0.0898231     @ /work/harpy/src/solver/viscoplastic/VPSolver.cpp:560
# Info:     ====================================================                @ /work/harpy/src/timeloop/Timeloop.cpp:42
# Info:     Solving timestep 7 @ 321.719s (dt=113.906) ...                      @ /work/harpy/src/timeloop/Timeloop.cpp:43
# Info:     ____ Assembling poroelastic problem - total DoFs=501083             @ /work/harpy/src/solver/viscoplastic/VPSolver.cpp:634
  NL step  0, |residual|_2 = 6.231346e+08
# Info:     ____ Assembling poroelastic problem - total DoFs=501083             @ /work/harpy/src/solver/viscoplastic/VPSolver.cpp:634
  NL step  1, |residual|_2 = 3.878408e+02
# Info:     ____ Nonlinear solver converged (CONVERGED_FNORM_RELATIVE).         @ /work/harpy/src/solver/viscoplastic/VPSolver.cpp:610
# Info:     ____ System solved at nonlinear iteration 1 , final nonlinear residual norm: 387.841     @ /work/harpy/src/solver/viscoplastic/VPSolver.cpp:560
# Info:     ====================================================                @ /work/harpy/src/timeloop/Timeloop.cpp:42
# Info:     Solving timestep 8 @ 492.578s (dt=170.859) ...                      @ /work/harpy/src/timeloop/Timeloop.cpp:43
# Info:     ____ Assembling poroelastic problem - total DoFs=501083             @ /work/harpy/src/solver/viscoplastic/VPSolver.cpp:634
  NL step  0, |residual|_2 = 1.225729e+09
# Info:     ____ Assembling poroelastic problem - total DoFs=501083             @ /work/harpy/src/solver/viscoplastic/VPSolver.cpp:634
  NL step  1, |residual|_2 = 1.288181e+03
# Info:     ____ Nonlinear solver converged (CONVERGED_FNORM_RELATIVE).         @ /work/harpy/src/solver/viscoplastic/VPSolver.cpp:610
# Info:     ____ System solved at nonlinear iteration 1 , final nonlinear residual norm: 1288.18     @ /work/harpy/src/solver/viscoplastic/VPSolver.cpp:560
# Info:     ====================================================                @ /work/harpy/src/timeloop/Timeloop.cpp:42
# Info:     Solving timestep 9 @ 748.867s (dt=256.289) ...                      @ /work/harpy/src/timeloop/Timeloop.cpp:43
# Info:     ____ Assembling poroelastic problem - total DoFs=501083             @ /work/harpy/src/solver/viscoplastic/VPSolver.cpp:634
  NL step  0, |residual|_2 = 6.006736e+08
# Info:     ____ Assembling poroelastic problem - total DoFs=501083             @ /work/harpy/src/solver/viscoplastic/VPSolver.cpp:634
  NL step  1, |residual|_2 = 2.952430e+02
# Info:     ____ Nonlinear solver converged (CONVERGED_FNORM_RELATIVE).         @ /work/harpy/src/solver/viscoplastic/VPSolver.cpp:610
# Info:     ____ System solved at nonlinear iteration 1 , final nonlinear residual norm: 295.243     @ /work/harpy/src/solver/viscoplastic/VPSolver.cpp:560
# Info:     ====================================================                @ /work/harpy/src/timeloop/Timeloop.cpp:42
# Info:     Solving timestep 10 @ 1133.3s (dt=384.434) ...                      @ /work/harpy/src/timeloop/Timeloop.cpp:43
# Info:     ____ Assembling poroelastic problem - total DoFs=501083             @ /work/harpy/src/solver/viscoplastic/VPSolver.cpp:634
  NL step  0, |residual|_2 = 1.130549e+09
# Info:     ____ Assembling poroelastic problem - total DoFs=501083             @ /work/harpy/src/solver/viscoplastic/VPSolver.cpp:634
  NL step  1, |residual|_2 = 1.194446e+03
# Info:     ____ Nonlinear solver converged (CONVERGED_FNORM_RELATIVE).         @ /work/harpy/src/solver/viscoplastic/VPSolver.cpp:610
# Info:     ____ System solved at nonlinear iteration 1 , final nonlinear residual norm: 1194.45     @ /work/harpy/src/solver/viscoplastic/VPSolver.cpp:560
# Info:     ====================================================                @ /work/harpy/src/timeloop/Timeloop.cpp:42
# Info:     Solving timestep 11 @ 1709.95s (dt=576.65) ...                      @ /work/harpy/src/timeloop/Timeloop.cpp:43
# Info:     ____ Assembling poroelastic problem - total DoFs=501083             @ /work/harpy/src/solver/viscoplastic/VPSolver.cpp:634
  NL step  0, |residual|_2 = 9.573961e+08
# Info:     ____ Assembling poroelastic problem - total DoFs=501083             @ /work/harpy/src/solver/viscoplastic/VPSolver.cpp:634
  NL step  1, |residual|_2 = 1.128642e+03
# Info:     ____ Nonlinear solver converged (CONVERGED_FNORM_RELATIVE).         @ /work/harpy/src/solver/viscoplastic/VPSolver.cpp:610
# Info:     ____ System solved at nonlinear iteration 1 , final nonlinear residual norm: 1128.64     @ /work/harpy/src/solver/viscoplastic/VPSolver.cpp:560
# Info:     ====================================================                @ /work/harpy/src/timeloop/Timeloop.cpp:42
# Info:     Solving timestep 12 @ 2574.93s (dt=864.976) ...                     @ /work/harpy/src/timeloop/Timeloop.cpp:43
# Info:     ____ Assembling poroelastic problem - total DoFs=501083             @ /work/harpy/src/solver/viscoplastic/VPSolver.cpp:634
  NL step  0, |residual|_2 = 6.739008e+08
# Info:     ____ Assembling poroelastic problem - total DoFs=501083             @ /work/harpy/src/solver/viscoplastic/VPSolver.cpp:634
  NL step  1, |residual|_2 = 1.254074e+03
# Info:     ____ Nonlinear solver converged (CONVERGED_FNORM_RELATIVE).         @ /work/harpy/src/solver/viscoplastic/VPSolver.cpp:610
# Info:     ____ System solved at nonlinear iteration 1 , final nonlinear residual norm: 1254.07     @ /work/harpy/src/solver/viscoplastic/VPSolver.cpp:560
# Info:     ====================================================                @ /work/harpy/src/timeloop/Timeloop.cpp:42
# Info:     Solving timestep 13 @ 3872.39s (dt=1297.46) ...                     @ /work/harpy/src/timeloop/Timeloop.cpp:43
# Info:     ____ Assembling poroelastic problem - total DoFs=501083             @ /work/harpy/src/solver/viscoplastic/VPSolver.cpp:634
  NL step  0, |residual|_2 = 3.820859e+08
# Info:     ____ Assembling poroelastic problem - total DoFs=501083             @ /work/harpy/src/solver/viscoplastic/VPSolver.cpp:634
  NL step  1, |residual|_2 = 2.019025e+03
# Info:     ____ Nonlinear solver converged (CONVERGED_FNORM_RELATIVE).         @ /work/harpy/src/solver/viscoplastic/VPSolver.cpp:610
# Info:     ____ System solved at nonlinear iteration 1 , final nonlinear residual norm: 2019.03     @ /work/harpy/src/solver/viscoplastic/VPSolver.cpp:560
# Info:     ====================================================                @ /work/harpy/src/timeloop/Timeloop.cpp:42
# Info:     Solving timestep 14 @ 5818.59s (dt=1946.2) ...                      @ /work/harpy/src/timeloop/Timeloop.cpp:43
# Info:     ____ Assembling poroelastic problem - total DoFs=501083             @ /work/harpy/src/solver/viscoplastic/VPSolver.cpp:634
  NL step  0, |residual|_2 = 2.324693e+08
# Info:     ____ Assembling poroelastic problem - total DoFs=501083             @ /work/harpy/src/solver/viscoplastic/VPSolver.cpp:634
  NL step  1, |residual|_2 = 3.835574e+03
# Info:     ____ Assembling poroelastic problem - total DoFs=501083             @ /work/harpy/src/solver/viscoplastic/VPSolver.cpp:634
  NL step  2, |residual|_2 = 7.780300e+01
# Info:     ____ Nonlinear solver converged (CONVERGED_FNORM_RELATIVE).         @ /work/harpy/src/solver/viscoplastic/VPSolver.cpp:610
# Info:     ____ System solved at nonlinear iteration 2 , final nonlinear residual norm: 77.803     @ /work/harpy/src/solver/viscoplastic/VPSolver.cpp:560
# Info:     ====================================================                @ /work/harpy/src/timeloop/Timeloop.cpp:42
# Info:     Solving timestep 15 @ 8737.88s (dt=2919.29) ...                     @ /work/harpy/src/timeloop/Timeloop.cpp:43
# Info:     ____ Assembling poroelastic problem - total DoFs=501083             @ /work/harpy/src/solver/viscoplastic/VPSolver.cpp:634
  NL step  0, |residual|_2 = 2.374722e+08
# Info:     ____ Assembling poroelastic problem - total DoFs=501083             @ /work/harpy/src/solver/viscoplastic/VPSolver.cpp:634
  NL step  1, |residual|_2 = 7.696953e+03
# Info:     ____ Assembling poroelastic problem - total DoFs=501083             @ /work/harpy/src/solver/viscoplastic/VPSolver.cpp:634
  NL step  2, |residual|_2 = 2.112312e+02
# Info:     ____ Nonlinear solver converged (CONVERGED_FNORM_RELATIVE).         @ /work/harpy/src/solver/viscoplastic/VPSolver.cpp:610
# Info:     ____ System solved at nonlinear iteration 2 , final nonlinear residual norm: 211.231     @ /work/harpy/src/solver/viscoplastic/VPSolver.cpp:560
# Info:     ====================================================                @ /work/harpy/src/timeloop/Timeloop.cpp:42
# Info:     Solving timestep 16 @ 13116.8s (dt=4378.94) ...                     @ /work/harpy/src/timeloop/Timeloop.cpp:43
# Info:     ____ Assembling poroelastic problem - total DoFs=501083             @ /work/harpy/src/solver/viscoplastic/VPSolver.cpp:634
  NL step  0, |residual|_2 = 2.948649e+08
# Info:     ____ Assembling poroelastic problem - total DoFs=501083             @ /work/harpy/src/solver/viscoplastic/VPSolver.cpp:634
  NL step  1, |residual|_2 = 1.580588e+04
# Info:     ____ Assembling poroelastic problem - total DoFs=501083             @ /work/harpy/src/solver/viscoplastic/VPSolver.cpp:634
  NL step  2, |residual|_2 = 6.073051e+02
# Info:     ____ Nonlinear solver converged (CONVERGED_FNORM_RELATIVE).         @ /work/harpy/src/solver/viscoplastic/VPSolver.cpp:610
# Info:     ____ System solved at nonlinear iteration 2 , final nonlinear residual norm: 607.305     @ /work/harpy/src/solver/viscoplastic/VPSolver.cpp:560
# Info:     ====================================================                @ /work/harpy/src/timeloop/Timeloop.cpp:42
# Info:     Solving timestep 17 @ 19685.2s (dt=6568.41) ...                     @ /work/harpy/src/timeloop/Timeloop.cpp:43
# Info:     ____ Assembling poroelastic problem - total DoFs=501083             @ /work/harpy/src/solver/viscoplastic/VPSolver.cpp:634
  NL step  0, |residual|_2 = 6.531500e+08
# Info:     ____ Assembling poroelastic problem - total DoFs=501083             @ /work/harpy/src/solver/viscoplastic/VPSolver.cpp:634
  NL step  1, |residual|_2 = 6.055648e+04
# Info:     ____ Assembling poroelastic problem - total DoFs=501083             @ /work/harpy/src/solver/viscoplastic/VPSolver.cpp:634
  NL step  2, |residual|_2 = 2.866710e+03
# Info:     ____ Nonlinear solver converged (CONVERGED_FNORM_RELATIVE).         @ /work/harpy/src/solver/viscoplastic/VPSolver.cpp:610
# Info:     ____ System solved at nonlinear iteration 2 , final nonlinear residual norm: 2866.71     @ /work/harpy/src/solver/viscoplastic/VPSolver.cpp:560
# Info:     ====================================================                @ /work/harpy/src/timeloop/Timeloop.cpp:42
# Info:     Solving timestep 18 @ 29537.8s (dt=9852.61) ...                     @ /work/harpy/src/timeloop/Timeloop.cpp:43
# Info:     ____ Assembling poroelastic problem - total DoFs=501083             @ /work/harpy/src/solver/viscoplastic/VPSolver.cpp:634
  NL step  0, |residual|_2 = 7.470421e+08
# Info:     ____ Assembling poroelastic problem - total DoFs=501083             @ /work/harpy/src/solver/viscoplastic/VPSolver.cpp:634
  NL step  1, |residual|_2 = 6.983547e+04
# Info:     ____ Assembling poroelastic problem - total DoFs=501083             @ /work/harpy/src/solver/viscoplastic/VPSolver.cpp:634
  NL step  2, |residual|_2 = 6.097687e+03
# Info:     ____ Nonlinear solver converged (CONVERGED_FNORM_RELATIVE).         @ /work/harpy/src/solver/viscoplastic/VPSolver.cpp:610
# Info:     ____ System solved at nonlinear iteration 2 , final nonlinear residual norm: 6097.69     @ /work/harpy/src/solver/viscoplastic/VPSolver.cpp:560
# Info:     ====================================================                @ /work/harpy/src/timeloop/Timeloop.cpp:42
# Info:     Solving timestep 19 @ 44316.8s (dt=14778.9) ...                     @ /work/harpy/src/timeloop/Timeloop.cpp:43
# Info:     ____ Assembling poroelastic problem - total DoFs=501083             @ /work/harpy/src/solver/viscoplastic/VPSolver.cpp:634
  NL step  0, |residual|_2 = 1.226649e+09
# Info:     ____ Assembling poroelastic problem - total DoFs=501083             @ /work/harpy/src/solver/viscoplastic/VPSolver.cpp:634
  NL step  1, |residual|_2 = 1.408437e+05
# Info:     ____ Assembling poroelastic problem - total DoFs=501083             @ /work/harpy/src/solver/viscoplastic/VPSolver.cpp:634
  NL step  2, |residual|_2 = 1.754264e+04
# Info:     ____ Assembling poroelastic problem - total DoFs=501083             @ /work/harpy/src/solver/viscoplastic/VPSolver.cpp:634
  NL step  3, |residual|_2 = 3.007617e+02
# Info:     ____ Nonlinear solver converged (CONVERGED_FNORM_RELATIVE).         @ /work/harpy/src/solver/viscoplastic/VPSolver.cpp:610
# Info:     ____ System solved at nonlinear iteration 3 , final nonlinear residual norm: 300.762     @ /work/harpy/src/solver/viscoplastic/VPSolver.cpp:560
# Info:     ====================================================                @ /work/harpy/src/timeloop/Timeloop.cpp:42
# Info:     Solving timestep 20 @ 66485.1s (dt=22168.4) ...                     @ /work/harpy/src/timeloop/Timeloop.cpp:43
# Info:     ____ Assembling poroelastic problem - total DoFs=501083             @ /work/harpy/src/solver/viscoplastic/VPSolver.cpp:634
  NL step  0, |residual|_2 = 1.642080e+07
# Info:     ____ Assembling poroelastic problem - total DoFs=501083             @ /work/harpy/src/solver/viscoplastic/VPSolver.cpp:634
  NL step  1, |residual|_2 = 2.149315e+05
# Info:     ____ Assembling poroelastic problem - total DoFs=501083             @ /work/harpy/src/solver/viscoplastic/VPSolver.cpp:634
  NL step  2, |residual|_2 = 3.160597e+03
# Info:     ____ Assembling poroelastic problem - total DoFs=501083             @ /work/harpy/src/solver/viscoplastic/VPSolver.cpp:634
  NL step  3, |residual|_2 = 1.011306e+02
# Info:     ____ Nonlinear solver converged (CONVERGED_FNORM_RELATIVE).         @ /work/harpy/src/solver/viscoplastic/VPSolver.cpp:610
# Info:     ____ System solved at nonlinear iteration 3 , final nonlinear residual norm: 101.131     @ /work/harpy/src/solver/viscoplastic/VPSolver.cpp:560
# Info:     ====================================================                @ /work/harpy/src/timeloop/Timeloop.cpp:42
# Info:     Solving timestep 21 @ 99737.7s (dt=33252.6) ...                     @ /work/harpy/src/timeloop/Timeloop.cpp:43
# Info:     ____ Assembling poroelastic problem - total DoFs=501083             @ /work/harpy/src/solver/viscoplastic/VPSolver.cpp:634
  NL step  0, |residual|_2 = 2.450704e+07
# Info:     ____ Assembling poroelastic problem - total DoFs=501083             @ /work/harpy/src/solver/viscoplastic/VPSolver.cpp:634
  NL step  1, |residual|_2 = 4.818020e+05
# Info:     ____ Assembling poroelastic problem - total DoFs=501083             @ /work/harpy/src/solver/viscoplastic/VPSolver.cpp:634
  NL step  2, |residual|_2 = 1.074782e+04
# Info:     ____ Assembling poroelastic problem - total DoFs=501083             @ /work/harpy/src/solver/viscoplastic/VPSolver.cpp:634
  NL step  3, |residual|_2 = 5.263430e+02
# Info:     ____ Assembling poroelastic problem - total DoFs=501083             @ /work/harpy/src/solver/viscoplastic/VPSolver.cpp:634
  NL step  4, |residual|_2 = 2.229219e+01
# Info:     ____ Nonlinear solver converged (CONVERGED_FNORM_RELATIVE).         @ /work/harpy/src/solver/viscoplastic/VPSolver.cpp:610
# Info:     ____ System solved at nonlinear iteration 4 , final nonlinear residual norm: 22.2922     @ /work/harpy/src/solver/viscoplastic/VPSolver.cpp:560
# Info:     ====================================================                @ /work/harpy/src/timeloop/Timeloop.cpp:42
# Info:     Solving timestep 22 @ 149617s (dt=49878.9) ...                      @ /work/harpy/src/timeloop/Timeloop.cpp:43
# Info:     ____ Assembling poroelastic problem - total DoFs=501083             @ /work/harpy/src/solver/viscoplastic/VPSolver.cpp:634
  NL step  0, |residual|_2 = 1.989025e+09
# Info:     ____ Assembling poroelastic problem - total DoFs=501083             @ /work/harpy/src/solver/viscoplastic/VPSolver.cpp:634
  NL step  1, |residual|_2 = 1.182980e+06
# Info:     ____ Assembling poroelastic problem - total DoFs=501083             @ /work/harpy/src/solver/viscoplastic/VPSolver.cpp:634
  NL step  2, |residual|_2 = 2.632563e+05
# Info:     ____ Assembling poroelastic problem - total DoFs=501083             @ /work/harpy/src/solver/viscoplastic/VPSolver.cpp:634
  NL step  3, |residual|_2 = 1.438868e+04
# Info:     ____ Nonlinear solver converged (CONVERGED_FNORM_RELATIVE).         @ /work/harpy/src/solver/viscoplastic/VPSolver.cpp:610
# Info:     ____ System solved at nonlinear iteration 3 , final nonlinear residual norm: 14388.7     @ /work/harpy/src/solver/viscoplastic/VPSolver.cpp:560
# Info:     ====================================================                @ /work/harpy/src/timeloop/Timeloop.cpp:42
# Info:     Solving timestep 23 @ 224435s (dt=74818.3) ...                      @ /work/harpy/src/timeloop/Timeloop.cpp:43
# Info:     ____ Assembling poroelastic problem - total DoFs=501083             @ /work/harpy/src/solver/viscoplastic/VPSolver.cpp:634
  NL step  0, |residual|_2 = 1.817026e+10
# Info:     ____ Assembling poroelastic problem - total DoFs=501083             @ /work/harpy/src/solver/viscoplastic/VPSolver.cpp:634
  NL step  1, |residual|_2 = 1.553171e+07
# Info:     ____ Assembling poroelastic problem - total DoFs=501083             @ /work/harpy/src/solver/viscoplastic/VPSolver.cpp:634
  NL step  2, |residual|_2 = 2.977123e+06
# Info:     ____ Assembling poroelastic problem - total DoFs=501083             @ /work/harpy/src/solver/viscoplastic/VPSolver.cpp:634
  NL step  3, |residual|_2 = 1.872919e+05
# Info:     ____ Assembling poroelastic problem - total DoFs=501083             @ /work/harpy/src/solver/viscoplastic/VPSolver.cpp:634
  NL step  4, |residual|_2 = 1.197722e+04
# Info:     ____ Nonlinear solver converged (CONVERGED_FNORM_RELATIVE).         @ /work/harpy/src/solver/viscoplastic/VPSolver.cpp:610
# Info:     ____ System solved at nonlinear iteration 4 , final nonlinear residual norm: 11977.2     @ /work/harpy/src/solver/viscoplastic/VPSolver.cpp:560
# Info:     ====================================================                @ /work/harpy/src/timeloop/Timeloop.cpp:42
# Info:     Solving timestep 24 @ 336662s (dt=112227) ...                       @ /work/harpy/src/timeloop/Timeloop.cpp:43
# Info:     ____ Assembling poroelastic problem - total DoFs=501083             @ /work/harpy/src/solver/viscoplastic/VPSolver.cpp:634
  NL step  0, |residual|_2 = 7.767159e+09
# Info:     ____ Assembling poroelastic problem - total DoFs=501083             @ /work/harpy/src/solver/viscoplastic/VPSolver.cpp:634
  NL step  1, |residual|_2 = 8.373071e+06
# Info:     ____ Assembling poroelastic problem - total DoFs=501083             @ /work/harpy/src/solver/viscoplastic/VPSolver.cpp:634
  NL step  2, |residual|_2 = 4.115006e+06
# Info:     ____ Assembling poroelastic problem - total DoFs=501083             @ /work/harpy/src/solver/viscoplastic/VPSolver.cpp:634
  NL step  3, |residual|_2 = 4.750774e+05
# Info:     ____ Assembling poroelastic problem - total DoFs=501083             @ /work/harpy/src/solver/viscoplastic/VPSolver.cpp:634
  NL step  4, |residual|_2 = 5.676912e+04
# Info:     ____ Nonlinear solver converged (CONVERGED_FNORM_RELATIVE).         @ /work/harpy/src/solver/viscoplastic/VPSolver.cpp:610
# Info:     ____ System solved at nonlinear iteration 4 , final nonlinear residual norm: 56769.1     @ /work/harpy/src/solver/viscoplastic/VPSolver.cpp:560
# Info:     ====================================================                @ /work/harpy/src/timeloop/Timeloop.cpp:42
# Info:     Solving timestep 25 @ 505003s (dt=168341) ...                       @ /work/harpy/src/timeloop/Timeloop.cpp:43
# Info:     ____ Assembling poroelastic problem - total DoFs=501083             @ /work/harpy/src/solver/viscoplastic/VPSolver.cpp:634
  NL step  0, |residual|_2 = 3.214681e+10
# Info:     ____ Assembling poroelastic problem - total DoFs=501083             @ /work/harpy/src/solver/viscoplastic/VPSolver.cpp:634
  NL step  1, |residual|_2 = 4.841266e+07
# Info:     ____ Assembling poroelastic problem - total DoFs=501083             @ /work/harpy/src/solver/viscoplastic/VPSolver.cpp:634
  NL step  2, |residual|_2 = 1.780252e+07
# Info:     ____ Assembling poroelastic problem - total DoFs=501083             @ /work/harpy/src/solver/viscoplastic/VPSolver.cpp:634
  NL step  3, |residual|_2 = 2.483187e+06
# Info:     ____ Assembling poroelastic problem - total DoFs=501083             @ /work/harpy/src/solver/viscoplastic/VPSolver.cpp:634
  NL step  4, |residual|_2 = 3.590918e+05
# Info:     ____ Assembling poroelastic problem - total DoFs=501083             @ /work/harpy/src/solver/viscoplastic/VPSolver.cpp:634
  NL step  5, |residual|_2 = 7.708137e+04
# Info:     ____ Nonlinear solver converged (CONVERGED_FNORM_RELATIVE).         @ /work/harpy/src/solver/viscoplastic/VPSolver.cpp:610
# Info:     ____ System solved at nonlinear iteration 5 , final nonlinear residual norm: 77081.4     @ /work/harpy/src/solver/viscoplastic/VPSolver.cpp:560
# Info:     ====================================================                @ /work/harpy/src/timeloop/Timeloop.cpp:42
# Info:     Solving timestep 26 @ 757515s (dt=252512) ...                       @ /work/harpy/src/timeloop/Timeloop.cpp:43
# Info:     ____ Assembling poroelastic problem - total DoFs=501083             @ /work/harpy/src/solver/viscoplastic/VPSolver.cpp:634
  NL step  0, |residual|_2 = 1.877950e+10
# Info:     ____ Assembling poroelastic problem - total DoFs=501083             @ /work/harpy/src/solver/viscoplastic/VPSolver.cpp:634
  NL step  1, |residual|_2 = 4.164022e+07
# Info:     ____ Assembling poroelastic problem - total DoFs=501083             @ /work/harpy/src/solver/viscoplastic/VPSolver.cpp:634
  NL step  2, |residual|_2 = 1.264759e+07
# Info:     ____ Assembling poroelastic problem - total DoFs=501083             @ /work/harpy/src/solver/viscoplastic/VPSolver.cpp:634
  NL step  3, |residual|_2 = 3.574320e+06
# Info:     ____ Assembling poroelastic problem - total DoFs=501083             @ /work/harpy/src/solver/viscoplastic/VPSolver.cpp:634
  NL step  4, |residual|_2 = 6.793161e+05
# Info:     ____ Assembling poroelastic problem - total DoFs=501083             @ /work/harpy/src/solver/viscoplastic/VPSolver.cpp:634
  NL step  5, |residual|_2 = 2.478656e+05
# Info:     ____ Assembling poroelastic problem - total DoFs=501083             @ /work/harpy/src/solver/viscoplastic/VPSolver.cpp:634
  NL step  6, |residual|_2 = 6.563024e+04
# Info:     ____ Nonlinear solver converged (CONVERGED_FNORM_RELATIVE).         @ /work/harpy/src/solver/viscoplastic/VPSolver.cpp:610
# Info:     ____ System solved at nonlinear iteration 6 , final nonlinear residual norm: 65630.2     @ /work/harpy/src/solver/viscoplastic/VPSolver.cpp:560
# Info:     ====================================================                @ /work/harpy/src/timeloop/Timeloop.cpp:42
# Info:     Solving timestep 27 @ 1.13628e+06s (dt=378768) ...                  @ /work/harpy/src/timeloop/Timeloop.cpp:43
# Info:     ____ Assembling poroelastic problem - total DoFs=501083             @ /work/harpy/src/solver/viscoplastic/VPSolver.cpp:634
  NL step  0, |residual|_2 = 2.409959e+10
# Info:     ____ Assembling poroelastic problem - total DoFs=501083             @ /work/harpy/src/solver/viscoplastic/VPSolver.cpp:634
  NL step  1, |residual|_2 = 9.567219e+07
# Info:     ____ Assembling poroelastic problem - total DoFs=501083             @ /work/harpy/src/solver/viscoplastic/VPSolver.cpp:634
  NL step  2, |residual|_2 = 4.431150e+07
# Info:     ____ Assembling poroelastic problem - total DoFs=501083             @ /work/harpy/src/solver/viscoplastic/VPSolver.cpp:634
  NL step  3, |residual|_2 = 1.849042e+07
# Info:     ____ Assembling poroelastic problem - total DoFs=501083             @ /work/harpy/src/solver/viscoplastic/VPSolver.cpp:634
  NL step  4, |residual|_2 = 3.550520e+06
# Info:     ____ Assembling poroelastic problem - total DoFs=501083             @ /work/harpy/src/solver/viscoplastic/VPSolver.cpp:634
  NL step  5, |residual|_2 = 1.639749e+06
# Info:     ____ Assembling poroelastic problem - total DoFs=501083             @ /work/harpy/src/solver/viscoplastic/VPSolver.cpp:634
  NL step  6, |residual|_2 = 7.226671e+05
# Info:     ____ Assembling poroelastic problem - total DoFs=501083             @ /work/harpy/src/solver/viscoplastic/VPSolver.cpp:634
  NL step  7, |residual|_2 = 1.469255e+05
# Info:     ____ Nonlinear solver converged (CONVERGED_FNORM_RELATIVE).         @ /work/harpy/src/solver/viscoplastic/VPSolver.cpp:610
# Info:     ____ System solved at nonlinear iteration 7 , final nonlinear residual norm: 146925     @ /work/harpy/src/solver/viscoplastic/VPSolver.cpp:560
# Info:     ====================================================                @ /work/harpy/src/timeloop/Timeloop.cpp:42
# Info:     Solving timestep 28 @ 1.63628e+06s (dt=500000) ...                  @ /work/harpy/src/timeloop/Timeloop.cpp:43
# Info:     ____ Assembling poroelastic problem - total DoFs=501083             @ /work/harpy/src/solver/viscoplastic/VPSolver.cpp:634
  NL step  0, |residual|_2 = 4.654901e+10
# Info:     ____ Assembling poroelastic problem - total DoFs=501083             @ /work/harpy/src/solver/viscoplastic/VPSolver.cpp:634
  NL step  1, |residual|_2 = 1.681972e+08
# Info:     ____ Assembling poroelastic problem - total DoFs=501083             @ /work/harpy/src/solver/viscoplastic/VPSolver.cpp:634
  NL step  2, |residual|_2 = 1.488878e+08
# Info:     ____ Assembling poroelastic problem - total DoFs=501083             @ /work/harpy/src/solver/viscoplastic/VPSolver.cpp:634
  NL step  3, |residual|_2 = 7.190411e+07
# Info:     ____ Assembling poroelastic problem - total DoFs=501083             @ /work/harpy/src/solver/viscoplastic/VPSolver.cpp:634
  NL step  4, |residual|_2 = 1.654967e+07
# Info:     ____ Assembling poroelastic problem - total DoFs=501083             @ /work/harpy/src/solver/viscoplastic/VPSolver.cpp:634
  NL step  5, |residual|_2 = 6.350678e+06
# Info:     ____ Assembling poroelastic problem - total DoFs=501083             @ /work/harpy/src/solver/viscoplastic/VPSolver.cpp:634
  NL step  6, |residual|_2 = 4.006716e+06
# Info:     ____ Assembling poroelastic problem - total DoFs=501083             @ /work/harpy/src/solver/viscoplastic/VPSolver.cpp:634
  NL step  7, |residual|_2 = 2.037645e+06
# Info:     ____ Assembling poroelastic problem - total DoFs=501083             @ /work/harpy/src/solver/viscoplastic/VPSolver.cpp:634
  NL step  8, |residual|_2 = 1.680724e+06
# Info:     ____ Assembling poroelastic problem - total DoFs=501083             @ /work/harpy/src/solver/viscoplastic/VPSolver.cpp:634
  NL step  9, |residual|_2 = 7.374688e+05
# Warn:     ____ Nonlinear solver diverged (DIVERGED_MAX_IT). Cutting timestep.     @ /work/harpy/src/solver/viscoplastic/VPSolver.cpp:615
# Info:     ====================================================                @ /work/harpy/src/timeloop/Timeloop.cpp:42
# Info:     Solving timestep 28 @ 1.46962e+06s (dt=333333) ...                  @ /work/harpy/src/timeloop/Timeloop.cpp:43
# Info:     ____ Assembling poroelastic problem - total DoFs=501083             @ /work/harpy/src/solver/viscoplastic/VPSolver.cpp:634
  NL step  0, |residual|_2 = 2.971339e+10
# Info:     ____ Assembling poroelastic problem - total DoFs=501083             @ /work/harpy/src/solver/viscoplastic/VPSolver.cpp:634
  NL step  1, |residual|_2 = 7.315021e+07
# Info:     ____ Assembling poroelastic problem - total DoFs=501083             @ /work/harpy/src/solver/viscoplastic/VPSolver.cpp:634
  NL step  2, |residual|_2 = 3.812343e+07
# Info:     ____ Assembling poroelastic problem - total DoFs=501083             @ /work/harpy/src/solver/viscoplastic/VPSolver.cpp:634
  NL step  3, |residual|_2 = 1.255433e+07
# Info:     ____ Assembling poroelastic problem - total DoFs=501083             @ /work/harpy/src/solver/viscoplastic/VPSolver.cpp:634
  NL step  4, |residual|_2 = 2.170334e+06
# Info:     ____ Assembling poroelastic problem - total DoFs=501083             @ /work/harpy/src/solver/viscoplastic/VPSolver.cpp:634
  NL step  5, |residual|_2 = 4.826389e+05
# Info:     ____ Assembling poroelastic problem - total DoFs=501083             @ /work/harpy/src/solver/viscoplastic/VPSolver.cpp:634
  NL step  6, |residual|_2 = 1.763419e+05
# Info:     ____ Nonlinear solver converged (CONVERGED_FNORM_RELATIVE).         @ /work/harpy/src/solver/viscoplastic/VPSolver.cpp:610
# Info:     ____ System solved at nonlinear iteration 6 , final nonlinear residual norm: 176342     @ /work/harpy/src/solver/viscoplastic/VPSolver.cpp:560
# Info:     ====================================================                @ /work/harpy/src/timeloop/Timeloop.cpp:42
# Info:     Solving timestep 29 @ 1.80295e+06s (dt=333333) ...                  @ /work/harpy/src/timeloop/Timeloop.cpp:43
# Info:     ____ Assembling poroelastic problem - total DoFs=501083             @ /work/harpy/src/solver/viscoplastic/VPSolver.cpp:634
  NL step  0, |residual|_2 = 1.695464e+10
# Info:     ____ Assembling poroelastic problem - total DoFs=501083             @ /work/harpy/src/solver/viscoplastic/VPSolver.cpp:634
  NL step  1, |residual|_2 = 7.355244e+07
# Info:     ____ Assembling poroelastic problem - total DoFs=501083             @ /work/harpy/src/solver/viscoplastic/VPSolver.cpp:634
  NL step  2, |residual|_2 = 2.992292e+07
# Info:     ____ Assembling poroelastic problem - total DoFs=501083             @ /work/harpy/src/solver/viscoplastic/VPSolver.cpp:634
  NL step  3, |residual|_2 = 1.050030e+07
# Info:     ____ Assembling poroelastic problem - total DoFs=501083             @ /work/harpy/src/solver/viscoplastic/VPSolver.cpp:634
  NL step  4, |residual|_2 = 1.946137e+06
# Info:     ____ Assembling poroelastic problem - total DoFs=501083             @ /work/harpy/src/solver/viscoplastic/VPSolver.cpp:634
  NL step  5, |residual|_2 = 2.211367e+05
# Info:     ____ Assembling poroelastic problem - total DoFs=501083             @ /work/harpy/src/solver/viscoplastic/VPSolver.cpp:634
  NL step  6, |residual|_2 = 9.629328e+04
# Info:     ____ Nonlinear solver converged (CONVERGED_FNORM_RELATIVE).         @ /work/harpy/src/solver/viscoplastic/VPSolver.cpp:610
# Info:     ____ System solved at nonlinear iteration 6 , final nonlinear residual norm: 96293.3     @ /work/harpy/src/solver/viscoplastic/VPSolver.cpp:560
# Info:     ====================================================                @ /work/harpy/src/timeloop/Timeloop.cpp:42
# Info:     Solving timestep 30 @ 2.13628e+06s (dt=333333) ...                  @ /work/harpy/src/timeloop/Timeloop.cpp:43
# Info:     ____ Assembling poroelastic problem - total DoFs=501083             @ /work/harpy/src/solver/viscoplastic/VPSolver.cpp:634
  NL step  0, |residual|_2 = 1.823719e+10
# Info:     ____ Assembling poroelastic problem - total DoFs=501083             @ /work/harpy/src/solver/viscoplastic/VPSolver.cpp:634
  NL step  1, |residual|_2 = 7.404910e+07
# Info:     ____ Assembling poroelastic problem - total DoFs=501083             @ /work/harpy/src/solver/viscoplastic/VPSolver.cpp:634
  NL step  2, |residual|_2 = 2.943095e+07
# Info:     ____ Assembling poroelastic problem - total DoFs=501083             @ /work/harpy/src/solver/viscoplastic/VPSolver.cpp:634
  NL step  3, |residual|_2 = 1.036065e+07
# Info:     ____ Assembling poroelastic problem - total DoFs=501083             @ /work/harpy/src/solver/viscoplastic/VPSolver.cpp:634
  NL step  4, |residual|_2 = 1.934928e+06
# Info:     ____ Assembling poroelastic problem - total DoFs=501083             @ /work/harpy/src/solver/viscoplastic/VPSolver.cpp:634
  NL step  5, |residual|_2 = 1.850530e+05
# Info:     ____ Assembling poroelastic problem - total DoFs=501083             @ /work/harpy/src/solver/viscoplastic/VPSolver.cpp:634
  NL step  6, |residual|_2 = 7.416049e+04
# Info:     ____ Nonlinear solver converged (CONVERGED_FNORM_RELATIVE).         @ /work/harpy/src/solver/viscoplastic/VPSolver.cpp:610
# Info:     ____ System solved at nonlinear iteration 6 , final nonlinear residual norm: 74160.5     @ /work/harpy/src/solver/viscoplastic/VPSolver.cpp:560
# Info:     ====================================================                @ /work/harpy/src/timeloop/Timeloop.cpp:42
# Info:     Solving timestep 31 @ 2.46962e+06s (dt=333333) ...                  @ /work/harpy/src/timeloop/Timeloop.cpp:43
# Info:     ____ Assembling poroelastic problem - total DoFs=501083             @ /work/harpy/src/solver/viscoplastic/VPSolver.cpp:634
  NL step  0, |residual|_2 = 1.944460e+10
# Info:     ____ Assembling poroelastic problem - total DoFs=501083             @ /work/harpy/src/solver/viscoplastic/VPSolver.cpp:634
  NL step  1, |residual|_2 = 7.742900e+07
# Info:     ____ Assembling poroelastic problem - total DoFs=501083             @ /work/harpy/src/solver/viscoplastic/VPSolver.cpp:634
  NL step  2, |residual|_2 = 2.828914e+07
# Info:     ____ Assembling poroelastic problem - total DoFs=501083             @ /work/harpy/src/solver/viscoplastic/VPSolver.cpp:634
  NL step  3, |residual|_2 = 9.971244e+06
# Info:     ____ Assembling poroelastic problem - total DoFs=501083             @ /work/harpy/src/solver/viscoplastic/VPSolver.cpp:634
  NL step  4, |residual|_2 = 1.885383e+06
# Info:     ____ Assembling poroelastic problem - total DoFs=501083             @ /work/harpy/src/solver/viscoplastic/VPSolver.cpp:634
  NL step  5, |residual|_2 = 1.842612e+05
# Info:     ____ Nonlinear solver converged (CONVERGED_FNORM_RELATIVE).         @ /work/harpy/src/solver/viscoplastic/VPSolver.cpp:610
# Info:     ____ System solved at nonlinear iteration 5 , final nonlinear residual norm: 184261     @ /work/harpy/src/solver/viscoplastic/VPSolver.cpp:560
# Info:     ====================================================                @ /work/harpy/src/timeloop/Timeloop.cpp:42
# Info:     Solving timestep 32 @ 2.96962e+06s (dt=500000) ...                  @ /work/harpy/src/timeloop/Timeloop.cpp:43
# Info:     ____ Assembling poroelastic problem - total DoFs=501083             @ /work/harpy/src/solver/viscoplastic/VPSolver.cpp:634
  NL step  0, |residual|_2 = 2.068781e+10
# Info:     ____ Assembling poroelastic problem - total DoFs=501083             @ /work/harpy/src/solver/viscoplastic/VPSolver.cpp:634
  NL step  1, |residual|_2 = 1.853543e+08
# Info:     ____ Assembling poroelastic problem - total DoFs=501083             @ /work/harpy/src/solver/viscoplastic/VPSolver.cpp:634
  NL step  2, |residual|_2 = 8.344345e+07
# Info:     ____ Assembling poroelastic problem - total DoFs=501083             @ /work/harpy/src/solver/viscoplastic/VPSolver.cpp:634
  NL step  3, |residual|_2 = 4.855676e+07
# Info:     ____ Assembling poroelastic problem - total DoFs=501083             @ /work/harpy/src/solver/viscoplastic/VPSolver.cpp:634
  NL step  4, |residual|_2 = 1.376673e+07
# Info:     ____ Assembling poroelastic problem - total DoFs=501083             @ /work/harpy/src/solver/viscoplastic/VPSolver.cpp:634
  NL step  5, |residual|_2 = 2.144997e+06
# Info:     ____ Assembling poroelastic problem - total DoFs=501083             @ /work/harpy/src/solver/viscoplastic/VPSolver.cpp:634
  NL step  6, |residual|_2 = 1.715719e+06
# Info:     ____ Assembling poroelastic problem - total DoFs=501083             @ /work/harpy/src/solver/viscoplastic/VPSolver.cpp:634
  NL step  7, |residual|_2 = 2.552203e+05
# Info:     ____ Assembling poroelastic problem - total DoFs=501083             @ /work/harpy/src/solver/viscoplastic/VPSolver.cpp:634
  NL step  8, |residual|_2 = 5.606849e+05
# Info:     ____ Assembling poroelastic problem - total DoFs=501083             @ /work/harpy/src/solver/viscoplastic/VPSolver.cpp:634
  NL step  9, |residual|_2 = 3.128299e+05
# Warn:     ____ Nonlinear solver diverged (DIVERGED_MAX_IT). Cutting timestep.     @ /work/harpy/src/solver/viscoplastic/VPSolver.cpp:615
# Info:     ====================================================                @ /work/harpy/src/timeloop/Timeloop.cpp:42
# Info:     Solving timestep 32 @ 2.80295e+06s (dt=333333) ...                  @ /work/harpy/src/timeloop/Timeloop.cpp:43
# Info:     ____ Assembling poroelastic problem - total DoFs=501083             @ /work/harpy/src/solver/viscoplastic/VPSolver.cpp:634
  NL step  0, |residual|_2 = 5.358469e+08
# Info:     ____ Assembling poroelastic problem - total DoFs=501083             @ /work/harpy/src/solver/viscoplastic/VPSolver.cpp:634
  NL step  1, |residual|_2 = 8.137470e+07
# Info:     ____ Assembling poroelastic problem - total DoFs=501083             @ /work/harpy/src/solver/viscoplastic/VPSolver.cpp:634
  NL step  2, |residual|_2 = 1.511396e+07
# Info:     ____ Assembling poroelastic problem - total DoFs=501083             @ /work/harpy/src/solver/viscoplastic/VPSolver.cpp:634
  NL step  3, |residual|_2 = 7.033138e+06
# Info:     ____ Assembling poroelastic problem - total DoFs=501083             @ /work/harpy/src/solver/viscoplastic/VPSolver.cpp:634
  NL step  4, |residual|_2 = 1.724272e+06
# Info:     ____ Assembling poroelastic problem - total DoFs=501083             @ /work/harpy/src/solver/viscoplastic/VPSolver.cpp:634
  NL step  5, |residual|_2 = 2.399146e+05
# Info:     ____ Assembling poroelastic problem - total DoFs=501083             @ /work/harpy/src/solver/viscoplastic/VPSolver.cpp:634
  NL step  6, |residual|_2 = 7.646467e+04
# Info:     ____ Assembling poroelastic problem - total DoFs=501083             @ /work/harpy/src/solver/viscoplastic/VPSolver.cpp:634
  NL step  7, |residual|_2 = 1.462268e+04
# Info:     ____ Assembling poroelastic problem - total DoFs=501083             @ /work/harpy/src/solver/viscoplastic/VPSolver.cpp:634
  NL step  8, |residual|_2 = 7.478735e+03
# Info:     ____ Assembling poroelastic problem - total DoFs=501083             @ /work/harpy/src/solver/viscoplastic/VPSolver.cpp:634
  NL step  9, |residual|_2 = 4.297150e+03
# Info:     ____ Nonlinear solver converged (CONVERGED_FNORM_RELATIVE).         @ /work/harpy/src/solver/viscoplastic/VPSolver.cpp:610
# Info:     ____ System solved at nonlinear iteration 9 , final nonlinear residual norm: 4297.15     @ /work/harpy/src/solver/viscoplastic/VPSolver.cpp:560
# Info:     ====================================================                @ /work/harpy/src/timeloop/Timeloop.cpp:42
# Info:     Solving timestep 33 @ 3.13628e+06s (dt=333333) ...                  @ /work/harpy/src/timeloop/Timeloop.cpp:43
# Info:     ____ Assembling poroelastic problem - total DoFs=501083             @ /work/harpy/src/solver/viscoplastic/VPSolver.cpp:634
  NL step  0, |residual|_2 = 2.054318e+10
# Info:     ____ Assembling poroelastic problem - total DoFs=501083             @ /work/harpy/src/solver/viscoplastic/VPSolver.cpp:634
  NL step  1, |residual|_2 = 8.217569e+07
# Info:     ____ Assembling poroelastic problem - total DoFs=501083             @ /work/harpy/src/solver/viscoplastic/VPSolver.cpp:634
  NL step  2, |residual|_2 = 2.570904e+07
# Info:     ____ Assembling poroelastic problem - total DoFs=501083             @ /work/harpy/src/solver/viscoplastic/VPSolver.cpp:634
  NL step  3, |residual|_2 = 9.380239e+06
# Info:     ____ Assembling poroelastic problem - total DoFs=501083             @ /work/harpy/src/solver/viscoplastic/VPSolver.cpp:634
  NL step  4, |residual|_2 = 1.798490e+06
# Info:     ____ Assembling poroelastic problem - total DoFs=501083             @ /work/harpy/src/solver/viscoplastic/VPSolver.cpp:634
  NL step  5, |residual|_2 = 1.681359e+05
# Info:     ____ Nonlinear solver converged (CONVERGED_FNORM_RELATIVE).         @ /work/harpy/src/solver/viscoplastic/VPSolver.cpp:610
# Info:     ____ System solved at nonlinear iteration 5 , final nonlinear residual norm: 168136     @ /work/harpy/src/solver/viscoplastic/VPSolver.cpp:560
# Info:     ====================================================                @ /work/harpy/src/timeloop/Timeloop.cpp:42
# Info:     Solving timestep 34 @ 3.46962e+06s (dt=333333) ...                  @ /work/harpy/src/timeloop/Timeloop.cpp:43
# Info:     ____ Assembling poroelastic problem - total DoFs=501083             @ /work/harpy/src/solver/viscoplastic/VPSolver.cpp:634
  NL step  0, |residual|_2 = 2.152509e+10
# Info:     ____ Assembling poroelastic problem - total DoFs=501083             @ /work/harpy/src/solver/viscoplastic/VPSolver.cpp:634
  NL step  1, |residual|_2 = 8.951218e+07
# Info:     ____ Assembling poroelastic problem - total DoFs=501083             @ /work/harpy/src/solver/viscoplastic/VPSolver.cpp:634
  NL step  2, |residual|_2 = 2.372243e+07
# Info:     ____ Assembling poroelastic problem - total DoFs=501083             @ /work/harpy/src/solver/viscoplastic/VPSolver.cpp:634
  NL step  3, |residual|_2 = 8.570854e+06
# Info:     ____ Assembling poroelastic problem - total DoFs=501083             @ /work/harpy/src/solver/viscoplastic/VPSolver.cpp:634
  NL step  4, |residual|_2 = 1.635728e+06
# Info:     ____ Assembling poroelastic problem - total DoFs=501083             @ /work/harpy/src/solver/viscoplastic/VPSolver.cpp:634
  NL step  5, |residual|_2 = 1.680476e+05
# Info:     ____ Nonlinear solver converged (CONVERGED_FNORM_RELATIVE).         @ /work/harpy/src/solver/viscoplastic/VPSolver.cpp:610
# Info:     ____ System solved at nonlinear iteration 5 , final nonlinear residual norm: 168048     @ /work/harpy/src/solver/viscoplastic/VPSolver.cpp:560
# Info:     ====================================================                @ /work/harpy/src/timeloop/Timeloop.cpp:42
# Info:     Solving timestep 35 @ 3.80295e+06s (dt=333333) ...                  @ /work/harpy/src/timeloop/Timeloop.cpp:43
# Info:     ____ Assembling poroelastic problem - total DoFs=501083             @ /work/harpy/src/solver/viscoplastic/VPSolver.cpp:634
  NL step  0, |residual|_2 = 6.456070e+08
# Info:     ____ Assembling poroelastic problem - total DoFs=501083             @ /work/harpy/src/solver/viscoplastic/VPSolver.cpp:634
  NL step  1, |residual|_2 = 9.467121e+07
# Info:     ____ Assembling poroelastic problem - total DoFs=501083             @ /work/harpy/src/solver/viscoplastic/VPSolver.cpp:634
  NL step  2, |residual|_2 = 1.052858e+07
# Info:     ____ Assembling poroelastic problem - total DoFs=501083             @ /work/harpy/src/solver/viscoplastic/VPSolver.cpp:634
  NL step  3, |residual|_2 = 5.498477e+06
# Info:     ____ Assembling poroelastic problem - total DoFs=501083             @ /work/harpy/src/solver/viscoplastic/VPSolver.cpp:634
  NL step  4, |residual|_2 = 1.400120e+06
# Info:     ____ Assembling poroelastic problem - total DoFs=501083             @ /work/harpy/src/solver/viscoplastic/VPSolver.cpp:634
  NL step  5, |residual|_2 = 2.139874e+05
# Info:     ____ Assembling poroelastic problem - total DoFs=501083             @ /work/harpy/src/solver/viscoplastic/VPSolver.cpp:634
  NL step  6, |residual|_2 = 7.143975e+04
# Info:     ____ Assembling poroelastic problem - total DoFs=501083             @ /work/harpy/src/solver/viscoplastic/VPSolver.cpp:634
  NL step  7, |residual|_2 = 1.395489e+04
# Info:     ____ Assembling poroelastic problem - total DoFs=501083             @ /work/harpy/src/solver/viscoplastic/VPSolver.cpp:634
  NL step  8, |residual|_2 = 6.756945e+03
# Info:     ____ Assembling poroelastic problem - total DoFs=501083             @ /work/harpy/src/solver/viscoplastic/VPSolver.cpp:634
  NL step  9, |residual|_2 = 3.638258e+03
# Info:     ____ Nonlinear solver converged (CONVERGED_FNORM_RELATIVE).         @ /work/harpy/src/solver/viscoplastic/VPSolver.cpp:610
# Info:     ____ System solved at nonlinear iteration 9 , final nonlinear residual norm: 3638.26     @ /work/harpy/src/solver/viscoplastic/VPSolver.cpp:560
# Info:     ====================================================                @ /work/harpy/src/timeloop/Timeloop.cpp:42
# Info:     Solving timestep 36 @ 4.30295e+06s (dt=500000) ...                  @ /work/harpy/src/timeloop/Timeloop.cpp:43
# Info:     ____ Assembling poroelastic problem - total DoFs=501083             @ /work/harpy/src/solver/viscoplastic/VPSolver.cpp:634
  NL step  0, |residual|_2 = 2.260730e+10
# Info:     ____ Assembling poroelastic problem - total DoFs=501083             @ /work/harpy/src/solver/viscoplastic/VPSolver.cpp:634
  NL step  1, |residual|_2 = 2.142644e+08
# Info:     ____ Assembling poroelastic problem - total DoFs=501083             @ /work/harpy/src/solver/viscoplastic/VPSolver.cpp:634
  NL step  2, |residual|_2 = 6.183790e+07
# Info:     ____ Assembling poroelastic problem - total DoFs=501083             @ /work/harpy/src/solver/viscoplastic/VPSolver.cpp:634
  NL step  3, |residual|_2 = 3.956309e+07
# Info:     ____ Assembling poroelastic problem - total DoFs=501083             @ /work/harpy/src/solver/viscoplastic/VPSolver.cpp:634
  NL step  4, |residual|_2 = 1.143522e+07
# Info:     ____ Assembling poroelastic problem - total DoFs=501083             @ /work/harpy/src/solver/viscoplastic/VPSolver.cpp:634
  NL step  5, |residual|_2 = 1.825644e+06
# Info:     ____ Assembling poroelastic problem - total DoFs=501083             @ /work/harpy/src/solver/viscoplastic/VPSolver.cpp:634
  NL step  6, |residual|_2 = 1.640157e+06
# Info:     ____ Assembling poroelastic problem - total DoFs=501083             @ /work/harpy/src/solver/viscoplastic/VPSolver.cpp:634
  NL step  7, |residual|_2 = 3.024861e+05
# Info:     ____ Assembling poroelastic problem - total DoFs=501083             @ /work/harpy/src/solver/viscoplastic/VPSolver.cpp:634
  NL step  8, |residual|_2 = 5.299194e+05
# Info:     ____ Assembling poroelastic problem - total DoFs=501083             @ /work/harpy/src/solver/viscoplastic/VPSolver.cpp:634
  NL step  9, |residual|_2 = 3.272379e+05
# Warn:     ____ Nonlinear solver diverged (DIVERGED_MAX_IT). Cutting timestep.     @ /work/harpy/src/solver/viscoplastic/VPSolver.cpp:615
# Info:     ====================================================                @ /work/harpy/src/timeloop/Timeloop.cpp:42
# Info:     Solving timestep 36 @ 4.13628e+06s (dt=333333) ...                  @ /work/harpy/src/timeloop/Timeloop.cpp:43
# Info:     ____ Assembling poroelastic problem - total DoFs=501083             @ /work/harpy/src/solver/viscoplastic/VPSolver.cpp:634
  NL step  0, |residual|_2 = 2.238542e+10
# Info:     ____ Assembling poroelastic problem - total DoFs=501083             @ /work/harpy/src/solver/viscoplastic/VPSolver.cpp:634
  NL step  1, |residual|_2 = 9.595077e+07
# Info:     ____ Assembling poroelastic problem - total DoFs=501083             @ /work/harpy/src/solver/viscoplastic/VPSolver.cpp:634
  NL step  2, |residual|_2 = 2.152921e+07
# Info:     ____ Assembling poroelastic problem - total DoFs=501083             @ /work/harpy/src/solver/viscoplastic/VPSolver.cpp:634
  NL step  3, |residual|_2 = 7.854544e+06
# Info:     ____ Assembling poroelastic problem - total DoFs=501083             @ /work/harpy/src/solver/viscoplastic/VPSolver.cpp:634
  NL step  4, |residual|_2 = 1.484208e+06
# Info:     ____ Assembling poroelastic problem - total DoFs=501083             @ /work/harpy/src/solver/viscoplastic/VPSolver.cpp:634
  NL step  5, |residual|_2 = 1.511029e+05
# Info:     ____ Nonlinear solver converged (CONVERGED_FNORM_RELATIVE).         @ /work/harpy/src/solver/viscoplastic/VPSolver.cpp:610
# Info:     ____ System solved at nonlinear iteration 5 , final nonlinear residual norm: 151103     @ /work/harpy/src/solver/viscoplastic/VPSolver.cpp:560
# Info:     ====================================================                @ /work/harpy/src/timeloop/Timeloop.cpp:42
# Info:     Solving timestep 37 @ 4.46962e+06s (dt=333333) ...                  @ /work/harpy/src/timeloop/Timeloop.cpp:43
# Info:     ____ Assembling poroelastic problem - total DoFs=501083             @ /work/harpy/src/solver/viscoplastic/VPSolver.cpp:634
  NL step  0, |residual|_2 = 6.927033e+08
# Info:     ____ Assembling poroelastic problem - total DoFs=501083             @ /work/harpy/src/solver/viscoplastic/VPSolver.cpp:634
  NL step  1, |residual|_2 = 1.009513e+08
# Info:     ____ Assembling poroelastic problem - total DoFs=501083             @ /work/harpy/src/solver/viscoplastic/VPSolver.cpp:634
  NL step  2, |residual|_2 = 8.842990e+06
# Info:     ____ Assembling poroelastic problem - total DoFs=501083             @ /work/harpy/src/solver/viscoplastic/VPSolver.cpp:634
  NL step  3, |residual|_2 = 4.770370e+06
# Info:     ____ Assembling poroelastic problem - total DoFs=501083             @ /work/harpy/src/solver/viscoplastic/VPSolver.cpp:634
  NL step  4, |residual|_2 = 1.239424e+06
# Info:     ____ Assembling poroelastic problem - total DoFs=501083             @ /work/harpy/src/solver/viscoplastic/VPSolver.cpp:634
  NL step  5, |residual|_2 = 1.957924e+05
# Info:     ____ Assembling poroelastic problem - total DoFs=501083             @ /work/harpy/src/solver/viscoplastic/VPSolver.cpp:634
  NL step  6, |residual|_2 = 7.321054e+04
# Info:     ____ Assembling poroelastic problem - total DoFs=501083             @ /work/harpy/src/solver/viscoplastic/VPSolver.cpp:634
  NL step  7, |residual|_2 = 1.424459e+04
# Info:     ____ Assembling poroelastic problem - total DoFs=501083             @ /work/harpy/src/solver/viscoplastic/VPSolver.cpp:634
  NL step  8, |residual|_2 = 6.924825e+03
# Info:     ____ Nonlinear solver converged (CONVERGED_FNORM_RELATIVE).         @ /work/harpy/src/solver/viscoplastic/VPSolver.cpp:610
# Info:     ____ System solved at nonlinear iteration 8 , final nonlinear residual norm: 6924.83     @ /work/harpy/src/solver/viscoplastic/VPSolver.cpp:560
# Info:     ====================================================                @ /work/harpy/src/timeloop/Timeloop.cpp:42
# Info:     Solving timestep 38 @ 4.80295e+06s (dt=333333) ...                  @ /work/harpy/src/timeloop/Timeloop.cpp:43
# Info:     ____ Assembling poroelastic problem - total DoFs=501083             @ /work/harpy/src/solver/viscoplastic/VPSolver.cpp:634
  NL step  0, |residual|_2 = 6.694413e+08
# Info:     ____ Assembling poroelastic problem - total DoFs=501083             @ /work/harpy/src/solver/viscoplastic/VPSolver.cpp:634
  NL step  1, |residual|_2 = 9.891595e+07
# Info:     ____ Assembling poroelastic problem - total DoFs=501083             @ /work/harpy/src/solver/viscoplastic/VPSolver.cpp:634
  NL step  2, |residual|_2 = 8.296439e+06
# Info:     ____ Assembling poroelastic problem - total DoFs=501083             @ /work/harpy/src/solver/viscoplastic/VPSolver.cpp:634
  NL step  3, |residual|_2 = 4.789144e+06
# Info:     ____ Assembling poroelastic problem - total DoFs=501083             @ /work/harpy/src/solver/viscoplastic/VPSolver.cpp:634
  NL step  4, |residual|_2 = 1.282573e+06
# Info:     ____ Assembling poroelastic problem - total DoFs=501083             @ /work/harpy/src/solver/viscoplastic/VPSolver.cpp:634
  NL step  5, |residual|_2 = 2.121471e+05
# Info:     ____ Assembling poroelastic problem - total DoFs=501083             @ /work/harpy/src/solver/viscoplastic/VPSolver.cpp:634
  NL step  6, |residual|_2 = 9.109514e+04
# Info:     ____ Assembling poroelastic problem - total DoFs=501083             @ /work/harpy/src/solver/viscoplastic/VPSolver.cpp:634
  NL step  7, |residual|_2 = 1.768781e+04
# Info:     ____ Assembling poroelastic problem - total DoFs=501083             @ /work/harpy/src/solver/viscoplastic/VPSolver.cpp:634
  NL step  8, |residual|_2 = 9.664466e+03
# Info:     ____ Assembling poroelastic problem - total DoFs=501083             @ /work/harpy/src/solver/viscoplastic/VPSolver.cpp:634
  NL step  9, |residual|_2 = 5.380275e+03
# Info:     ____ Nonlinear solver converged (CONVERGED_FNORM_RELATIVE).         @ /work/harpy/src/solver/viscoplastic/VPSolver.cpp:610
# Info:     ____ System solved at nonlinear iteration 9 , final nonlinear residual norm: 5380.27     @ /work/harpy/src/solver/viscoplastic/VPSolver.cpp:560
# Info:     ====================================================                @ /work/harpy/src/timeloop/Timeloop.cpp:42
# Info:     Solving timestep 39 @ 5.13628e+06s (dt=333333) ...                  @ /work/harpy/src/timeloop/Timeloop.cpp:43
# Info:     ____ Assembling poroelastic problem - total DoFs=501083             @ /work/harpy/src/solver/viscoplastic/VPSolver.cpp:634
  NL step  0, |residual|_2 = 2.312454e+10
# Info:     ____ Assembling poroelastic problem - total DoFs=501083             @ /work/harpy/src/solver/viscoplastic/VPSolver.cpp:634
  NL step  1, |residual|_2 = 1.001742e+08
# Info:     ____ Assembling poroelastic problem - total DoFs=501083             @ /work/harpy/src/solver/viscoplastic/VPSolver.cpp:634
  NL step  2, |residual|_2 = 2.015638e+07
# Info:     ____ Assembling poroelastic problem - total DoFs=501083             @ /work/harpy/src/solver/viscoplastic/VPSolver.cpp:634
  NL step  3, |residual|_2 = 7.351239e+06
# Info:     ____ Assembling poroelastic problem - total DoFs=501083             @ /work/harpy/src/solver/viscoplastic/VPSolver.cpp:634
  NL step  4, |residual|_2 = 1.340767e+06
# Info:     ____ Assembling poroelastic problem - total DoFs=501083             @ /work/harpy/src/solver/viscoplastic/VPSolver.cpp:634
  NL step  5, |residual|_2 = 1.200071e+05
# Info:     ____ Nonlinear solver converged (CONVERGED_FNORM_RELATIVE).         @ /work/harpy/src/solver/viscoplastic/VPSolver.cpp:610
# Info:     ____ System solved at nonlinear iteration 5 , final nonlinear residual norm: 120007     @ /work/harpy/src/solver/viscoplastic/VPSolver.cpp:560
# Info:     ====================================================                @ /work/harpy/src/timeloop/Timeloop.cpp:42
# Info:     Solving timestep 40 @ 5.63628e+06s (dt=500000) ...                  @ /work/harpy/src/timeloop/Timeloop.cpp:43
# Info:     ____ Assembling poroelastic problem - total DoFs=501083             @ /work/harpy/src/solver/viscoplastic/VPSolver.cpp:634
  NL step  0, |residual|_2 = 1.068904e+09
# Info:     ____ Assembling poroelastic problem - total DoFs=501083             @ /work/harpy/src/solver/viscoplastic/VPSolver.cpp:634
  NL step  1, |residual|_2 = 2.354345e+08
# Info:     ____ Assembling poroelastic problem - total DoFs=501083             @ /work/harpy/src/solver/viscoplastic/VPSolver.cpp:634
  NL step  2, |residual|_2 = 2.873845e+07
# Info:     ____ Assembling poroelastic problem - total DoFs=501083             @ /work/harpy/src/solver/viscoplastic/VPSolver.cpp:634
  NL step  3, |residual|_2 = 2.653894e+07
# Info:     ____ Assembling poroelastic problem - total DoFs=501083             @ /work/harpy/src/solver/viscoplastic/VPSolver.cpp:634
  NL step  4, |residual|_2 = 9.366899e+06
# Info:     ____ Assembling poroelastic problem - total DoFs=501083             @ /work/harpy/src/solver/viscoplastic/VPSolver.cpp:634
  NL step  5, |residual|_2 = 3.882385e+06
# Info:     ____ Assembling poroelastic problem - total DoFs=501083             @ /work/harpy/src/solver/viscoplastic/VPSolver.cpp:634
  NL step  6, |residual|_2 = 2.930808e+06
# Info:     ____ Assembling poroelastic problem - total DoFs=501083             @ /work/harpy/src/solver/viscoplastic/VPSolver.cpp:634
  NL step  7, |residual|_2 = 5.258397e+05
# Info:     ____ Assembling poroelastic problem - total DoFs=501083             @ /work/harpy/src/solver/viscoplastic/VPSolver.cpp:634
  NL step  8, |residual|_2 = 1.445957e+06
# Info:     ____ Assembling poroelastic problem - total DoFs=501083             @ /work/harpy/src/solver/viscoplastic/VPSolver.cpp:634
  NL step  9, |residual|_2 = 6.696333e+05
# Warn:     ____ Nonlinear solver diverged (DIVERGED_MAX_IT). Cutting timestep.     @ /work/harpy/src/solver/viscoplastic/VPSolver.cpp:615
# Info:     ====================================================                @ /work/harpy/src/timeloop/Timeloop.cpp:42
# Info:     Solving timestep 40 @ 5.46962e+06s (dt=333333) ...                  @ /work/harpy/src/timeloop/Timeloop.cpp:43
# Info:     ____ Assembling poroelastic problem - total DoFs=501083             @ /work/harpy/src/solver/viscoplastic/VPSolver.cpp:634
  NL step  0, |residual|_2 = 7.126334e+08
# Info:     ____ Assembling poroelastic problem - total DoFs=501083             @ /work/harpy/src/solver/viscoplastic/VPSolver.cpp:634
  NL step  1, |residual|_2 = 1.046510e+08
# Info:     ____ Assembling poroelastic problem - total DoFs=501083             @ /work/harpy/src/solver/viscoplastic/VPSolver.cpp:634
  NL step  2, |residual|_2 = 7.703183e+06
# Info:     ____ Assembling poroelastic problem - total DoFs=501083             @ /work/harpy/src/solver/viscoplastic/VPSolver.cpp:634
  NL step  3, |residual|_2 = 4.138331e+06
# Info:     ____ Assembling poroelastic problem - total DoFs=501083             @ /work/harpy/src/solver/viscoplastic/VPSolver.cpp:634
  NL step  4, |residual|_2 = 1.111483e+06
# Info:     ____ Assembling poroelastic problem - total DoFs=501083             @ /work/harpy/src/solver/viscoplastic/VPSolver.cpp:634
  NL step  5, |residual|_2 = 1.866374e+05
# Info:     ____ Assembling poroelastic problem - total DoFs=501083             @ /work/harpy/src/solver/viscoplastic/VPSolver.cpp:634
  NL step  6, |residual|_2 = 8.583687e+04
# Info:     ____ Assembling poroelastic problem - total DoFs=501083             @ /work/harpy/src/solver/viscoplastic/VPSolver.cpp:634
  NL step  7, |residual|_2 = 1.626505e+04
# Info:     ____ Assembling poroelastic problem - total DoFs=501083             @ /work/harpy/src/solver/viscoplastic/VPSolver.cpp:634
  NL step  8, |residual|_2 = 8.624372e+03
# Info:     ____ Assembling poroelastic problem - total DoFs=501083             @ /work/harpy/src/solver/viscoplastic/VPSolver.cpp:634
  NL step  9, |residual|_2 = 4.772840e+03
# Info:     ____ Nonlinear solver converged (CONVERGED_FNORM_RELATIVE).         @ /work/harpy/src/solver/viscoplastic/VPSolver.cpp:610
# Info:     ____ System solved at nonlinear iteration 9 , final nonlinear residual norm: 4772.84     @ /work/harpy/src/solver/viscoplastic/VPSolver.cpp:560
# Info:     ====================================================                @ /work/harpy/src/timeloop/Timeloop.cpp:42
# Info:     Solving timestep 41 @ 5.80295e+06s (dt=333333) ...                  @ /work/harpy/src/timeloop/Timeloop.cpp:43
# Info:     ____ Assembling poroelastic problem - total DoFs=501083             @ /work/harpy/src/solver/viscoplastic/VPSolver.cpp:634
  NL step  0, |residual|_2 = 2.377887e+10
# Info:     ____ Assembling poroelastic problem - total DoFs=501083             @ /work/harpy/src/solver/viscoplastic/VPSolver.cpp:634
  NL step  1, |residual|_2 = 1.050167e+08
# Info:     ____ Assembling poroelastic problem - total DoFs=501083             @ /work/harpy/src/solver/viscoplastic/VPSolver.cpp:634
  NL step  2, |residual|_2 = 1.899735e+07
# Info:     ____ Assembling poroelastic problem - total DoFs=501083             @ /work/harpy/src/solver/viscoplastic/VPSolver.cpp:634
  NL step  3, |residual|_2 = 6.830841e+06
# Info:     ____ Assembling poroelastic problem - total DoFs=501083             @ /work/harpy/src/solver/viscoplastic/VPSolver.cpp:634
  NL step  4, |residual|_2 = 1.205624e+06
# Info:     ____ Assembling poroelastic problem - total DoFs=501083             @ /work/harpy/src/solver/viscoplastic/VPSolver.cpp:634
  NL step  5, |residual|_2 = 1.056711e+05
# Info:     ____ Nonlinear solver converged (CONVERGED_FNORM_RELATIVE).         @ /work/harpy/src/solver/viscoplastic/VPSolver.cpp:610
# Info:     ____ System solved at nonlinear iteration 5 , final nonlinear residual norm: 105671     @ /work/harpy/src/solver/viscoplastic/VPSolver.cpp:560
# Info:     ====================================================                @ /work/harpy/src/timeloop/Timeloop.cpp:42
# Info:     Solving timestep 42 @ 6.13628e+06s (dt=333333) ...                  @ /work/harpy/src/timeloop/Timeloop.cpp:43
# Info:     ____ Assembling poroelastic problem - total DoFs=501083             @ /work/harpy/src/solver/viscoplastic/VPSolver.cpp:634
  NL step  0, |residual|_2 = 7.502165e+08
# Info:     ____ Assembling poroelastic problem - total DoFs=501083             @ /work/harpy/src/solver/viscoplastic/VPSolver.cpp:634
  NL step  1, |residual|_2 = 1.094429e+08
# Info:     ____ Assembling poroelastic problem - total DoFs=501083             @ /work/harpy/src/solver/viscoplastic/VPSolver.cpp:634
  NL step  2, |residual|_2 = 7.649394e+06
# Info:     ____ Assembling poroelastic problem - total DoFs=501083             @ /work/harpy/src/solver/viscoplastic/VPSolver.cpp:634
  NL step  3, |residual|_2 = 3.635353e+06
# Info:     ____ Assembling poroelastic problem - total DoFs=501083             @ /work/harpy/src/solver/viscoplastic/VPSolver.cpp:634
  NL step  4, |residual|_2 = 9.801283e+05
# Info:     ____ Assembling poroelastic problem - total DoFs=501083             @ /work/harpy/src/solver/viscoplastic/VPSolver.cpp:634
  NL step  5, |residual|_2 = 1.679290e+05
# Info:     ____ Assembling poroelastic problem - total DoFs=501083             @ /work/harpy/src/solver/viscoplastic/VPSolver.cpp:634
  NL step  6, |residual|_2 = 8.012563e+04
# Info:     ____ Assembling poroelastic problem - total DoFs=501083             @ /work/harpy/src/solver/viscoplastic/VPSolver.cpp:634
  NL step  7, |residual|_2 = 1.493717e+04
# Info:     ____ Assembling poroelastic problem - total DoFs=501083             @ /work/harpy/src/solver/viscoplastic/VPSolver.cpp:634
  NL step  8, |residual|_2 = 7.596368e+03
# Info:     ____ Assembling poroelastic problem - total DoFs=501083             @ /work/harpy/src/solver/viscoplastic/VPSolver.cpp:634
  NL step  9, |residual|_2 = 4.191358e+03
# Info:     ____ Nonlinear solver converged (CONVERGED_FNORM_RELATIVE).         @ /work/harpy/src/solver/viscoplastic/VPSolver.cpp:610
# Info:     ____ System solved at nonlinear iteration 9 , final nonlinear residual norm: 4191.36     @ /work/harpy/src/solver/viscoplastic/VPSolver.cpp:560
# Info:     ====================================================                @ /work/harpy/src/timeloop/Timeloop.cpp:42
# Info:     Solving timestep 43 @ 6.46962e+06s (dt=333333) ...                  @ /work/harpy/src/timeloop/Timeloop.cpp:43
# Info:     ____ Assembling poroelastic problem - total DoFs=501083             @ /work/harpy/src/solver/viscoplastic/VPSolver.cpp:634
  NL step  0, |residual|_2 = 7.173305e+08
# Info:     ____ Assembling poroelastic problem - total DoFs=501083             @ /work/harpy/src/solver/viscoplastic/VPSolver.cpp:634
  NL step  1, |residual|_2 = 1.062278e+08
# Info:     ____ Assembling poroelastic problem - total DoFs=501083             @ /work/harpy/src/solver/viscoplastic/VPSolver.cpp:634
  NL step  2, |residual|_2 = 7.395432e+06
# Info:     ____ Assembling poroelastic problem - total DoFs=501083             @ /work/harpy/src/solver/viscoplastic/VPSolver.cpp:634
  NL step  3, |residual|_2 = 3.712972e+06
# Info:     ____ Assembling poroelastic problem - total DoFs=501083             @ /work/harpy/src/solver/viscoplastic/VPSolver.cpp:634
  NL step  4, |residual|_2 = 1.023572e+06
# Info:     ____ Assembling poroelastic problem - total DoFs=501083             @ /work/harpy/src/solver/viscoplastic/VPSolver.cpp:634
  NL step  5, |residual|_2 = 1.866807e+05
# Info:     ____ Assembling poroelastic problem - total DoFs=501083             @ /work/harpy/src/solver/viscoplastic/VPSolver.cpp:634
  NL step  6, |residual|_2 = 1.006702e+05
# Info:     ____ Assembling poroelastic problem - total DoFs=501083             @ /work/harpy/src/solver/viscoplastic/VPSolver.cpp:634
  NL step  7, |residual|_2 = 1.850887e+04
# Info:     ____ Assembling poroelastic problem - total DoFs=501083             @ /work/harpy/src/solver/viscoplastic/VPSolver.cpp:634
  NL step  8, |residual|_2 = 1.086461e+04
# Info:     ____ Assembling poroelastic problem - total DoFs=501083             @ /work/harpy/src/solver/viscoplastic/VPSolver.cpp:634
  NL step  9, |residual|_2 = 6.142258e+03
# Info:     ____ Nonlinear solver converged (CONVERGED_FNORM_RELATIVE).         @ /work/harpy/src/solver/viscoplastic/VPSolver.cpp:610
# Info:     ____ System solved at nonlinear iteration 9 , final nonlinear residual norm: 6142.26     @ /work/harpy/src/solver/viscoplastic/VPSolver.cpp:560
# Info:     ====================================================                @ /work/harpy/src/timeloop/Timeloop.cpp:42
# Info:     Solving timestep 44 @ 6.96962e+06s (dt=500000) ...                  @ /work/harpy/src/timeloop/Timeloop.cpp:43
# Info:     ____ Assembling poroelastic problem - total DoFs=501083             @ /work/harpy/src/solver/viscoplastic/VPSolver.cpp:634
  NL step  0, |residual|_2 = 2.204577e+10
# Info:     ____ Assembling poroelastic problem - total DoFs=501083             @ /work/harpy/src/solver/viscoplastic/VPSolver.cpp:634
  NL step  1, |residual|_2 = 2.355461e+08
# Info:     ____ Assembling poroelastic problem - total DoFs=501083             @ /work/harpy/src/solver/viscoplastic/VPSolver.cpp:634
  NL step  2, |residual|_2 = 4.239955e+07
# Info:     ____ Assembling poroelastic problem - total DoFs=501083             @ /work/harpy/src/solver/viscoplastic/VPSolver.cpp:634
  NL step  3, |residual|_2 = 3.095206e+07
# Info:     ____ Assembling poroelastic problem - total DoFs=501083             @ /work/harpy/src/solver/viscoplastic/VPSolver.cpp:634
  NL step  4, |residual|_2 = 8.793400e+06
# Info:     ____ Assembling poroelastic problem - total DoFs=501083             @ /work/harpy/src/solver/viscoplastic/VPSolver.cpp:634
  NL step  5, |residual|_2 = 1.610306e+06
# Info:     ____ Assembling poroelastic problem - total DoFs=501083             @ /work/harpy/src/solver/viscoplastic/VPSolver.cpp:634
  NL step  6, |residual|_2 = 2.084821e+06
# Info:     ____ Assembling poroelastic problem - total DoFs=501083             @ /work/harpy/src/solver/viscoplastic/VPSolver.cpp:634
  NL step  7, |residual|_2 = 5.092077e+05
# Info:     ____ Assembling poroelastic problem - total DoFs=501083             @ /work/harpy/src/solver/viscoplastic/VPSolver.cpp:634
  NL step  8, |residual|_2 = 7.119409e+05
# Info:     ____ Assembling poroelastic problem - total DoFs=501083             @ /work/harpy/src/solver/viscoplastic/VPSolver.cpp:634
  NL step  9, |residual|_2 = 4.949170e+05
# Warn:     ____ Nonlinear solver diverged (DIVERGED_MAX_IT). Cutting timestep.     @ /work/harpy/src/solver/viscoplastic/VPSolver.cpp:615
# Info:     ====================================================                @ /work/harpy/src/timeloop/Timeloop.cpp:42
# Info:     Solving timestep 44 @ 6.80295e+06s (dt=333333) ...                  @ /work/harpy/src/timeloop/Timeloop.cpp:43
# Info:     ____ Assembling poroelastic problem - total DoFs=501083             @ /work/harpy/src/solver/viscoplastic/VPSolver.cpp:634
  NL step  0, |residual|_2 = 2.178380e+10
# Info:     ____ Assembling poroelastic problem - total DoFs=501083             @ /work/harpy/src/solver/viscoplastic/VPSolver.cpp:634
  NL step  1, |residual|_2 = 1.055170e+08
# Info:     ____ Assembling poroelastic problem - total DoFs=501083             @ /work/harpy/src/solver/viscoplastic/VPSolver.cpp:634
  NL step  2, |residual|_2 = 1.715024e+07
# Info:     ____ Assembling poroelastic problem - total DoFs=501083             @ /work/harpy/src/solver/viscoplastic/VPSolver.cpp:634
  NL step  3, |residual|_2 = 6.437033e+06
# Info:     ____ Assembling poroelastic problem - total DoFs=501083             @ /work/harpy/src/solver/viscoplastic/VPSolver.cpp:634
  NL step  4, |residual|_2 = 1.142956e+06
# Info:     ____ Assembling poroelastic problem - total DoFs=501083             @ /work/harpy/src/solver/viscoplastic/VPSolver.cpp:634
  NL step  5, |residual|_2 = 1.004102e+05
# Info:     ____ Nonlinear solver converged (CONVERGED_FNORM_RELATIVE).         @ /work/harpy/src/solver/viscoplastic/VPSolver.cpp:610
# Info:     ____ System solved at nonlinear iteration 5 , final nonlinear residual norm: 100410     @ /work/harpy/src/solver/viscoplastic/VPSolver.cpp:560
# Info:     ====================================================                @ /work/harpy/src/timeloop/Timeloop.cpp:42
# Info:     Solving timestep 45 @ 7.13628e+06s (dt=333333) ...                  @ /work/harpy/src/timeloop/Timeloop.cpp:43
# Info:     ____ Assembling poroelastic problem - total DoFs=501083             @ /work/harpy/src/solver/viscoplastic/VPSolver.cpp:634
  NL step  0, |residual|_2 = 7.425229e+08
# Info:     ____ Assembling poroelastic problem - total DoFs=501083             @ /work/harpy/src/solver/viscoplastic/VPSolver.cpp:634
  NL step  1, |residual|_2 = 1.095463e+08
# Info:     ____ Assembling poroelastic problem - total DoFs=501083             @ /work/harpy/src/solver/viscoplastic/VPSolver.cpp:634
  NL step  2, |residual|_2 = 7.659876e+06
# Info:     ____ Assembling poroelastic problem - total DoFs=501083             @ /work/harpy/src/solver/viscoplastic/VPSolver.cpp:634
  NL step  3, |residual|_2 = 3.352311e+06
# Info:     ____ Assembling poroelastic problem - total DoFs=501083             @ /work/harpy/src/solver/viscoplastic/VPSolver.cpp:634
  NL step  4, |residual|_2 = 9.299826e+05
# Info:     ____ Assembling poroelastic problem - total DoFs=501083             @ /work/harpy/src/solver/viscoplastic/VPSolver.cpp:634
  NL step  5, |residual|_2 = 1.746924e+05
# Info:     ____ Assembling poroelastic problem - total DoFs=501083             @ /work/harpy/src/solver/viscoplastic/VPSolver.cpp:634
  NL step  6, |residual|_2 = 9.312738e+04
# Info:     ____ Assembling poroelastic problem - total DoFs=501083             @ /work/harpy/src/solver/viscoplastic/VPSolver.cpp:634
  NL step  7, |residual|_2 = 1.700239e+04
# Info:     ____ Assembling poroelastic problem - total DoFs=501083             @ /work/harpy/src/solver/viscoplastic/VPSolver.cpp:634
  NL step  8, |residual|_2 = 9.543637e+03
# Info:     ____ Assembling poroelastic problem - total DoFs=501083             @ /work/harpy/src/solver/viscoplastic/VPSolver.cpp:634
  NL step  9, |residual|_2 = 5.349346e+03
# Info:     ____ Nonlinear solver converged (CONVERGED_FNORM_RELATIVE).         @ /work/harpy/src/solver/viscoplastic/VPSolver.cpp:610
# Info:     ____ System solved at nonlinear iteration 9 , final nonlinear residual norm: 5349.35     @ /work/harpy/src/solver/viscoplastic/VPSolver.cpp:560
# Info:     ====================================================                @ /work/harpy/src/timeloop/Timeloop.cpp:42
# Info:     Solving timestep 46 @ 7.46962e+06s (dt=333333) ...                  @ /work/harpy/src/timeloop/Timeloop.cpp:43
# Info:     ____ Assembling poroelastic problem - total DoFs=501083             @ /work/harpy/src/solver/viscoplastic/VPSolver.cpp:634
  NL step  0, |residual|_2 = 7.070138e+08
# Info:     ____ Assembling poroelastic problem - total DoFs=501083             @ /work/harpy/src/solver/viscoplastic/VPSolver.cpp:634
  NL step  1, |residual|_2 = 1.059392e+08
# Info:     ____ Assembling poroelastic problem - total DoFs=501083             @ /work/harpy/src/solver/viscoplastic/VPSolver.cpp:634
  NL step  2, |residual|_2 = 7.447979e+06
# Info:     ____ Assembling poroelastic problem - total DoFs=501083             @ /work/harpy/src/solver/viscoplastic/VPSolver.cpp:634
  NL step  3, |residual|_2 = 3.464841e+06
# Info:     ____ Assembling poroelastic problem - total DoFs=501083             @ /work/harpy/src/solver/viscoplastic/VPSolver.cpp:634
  NL step  4, |residual|_2 = 9.787122e+05
# Info:     ____ Assembling poroelastic problem - total DoFs=501083             @ /work/harpy/src/solver/viscoplastic/VPSolver.cpp:634
  NL step  5, |residual|_2 = 1.991221e+05
# Info:     ____ Assembling poroelastic problem - total DoFs=501083             @ /work/harpy/src/solver/viscoplastic/VPSolver.cpp:634
  NL step  6, |residual|_2 = 1.181821e+05
# Info:     ____ Assembling poroelastic problem - total DoFs=501083             @ /work/harpy/src/solver/viscoplastic/VPSolver.cpp:634
  NL step  7, |residual|_2 = 2.112840e+04
# Info:     ____ Assembling poroelastic problem - total DoFs=501083             @ /work/harpy/src/solver/viscoplastic/VPSolver.cpp:634
  NL step  8, |residual|_2 = 1.396532e+04
# Info:     ____ Assembling poroelastic problem - total DoFs=501083             @ /work/harpy/src/solver/viscoplastic/VPSolver.cpp:634
  NL step  9, |residual|_2 = 7.960423e+03
# Warn:     ____ Nonlinear solver diverged (DIVERGED_MAX_IT). Cutting timestep.     @ /work/harpy/src/solver/viscoplastic/VPSolver.cpp:615
# Info:     ====================================================                @ /work/harpy/src/timeloop/Timeloop.cpp:42
# Info:     Solving timestep 46 @ 7.3585e+06s (dt=222222) ...                   @ /work/harpy/src/timeloop/Timeloop.cpp:43
# Info:     ____ Assembling poroelastic problem - total DoFs=501083             @ /work/harpy/src/solver/viscoplastic/VPSolver.cpp:634
  NL step  0, |residual|_2 = 4.713430e+08
# Info:     ____ Assembling poroelastic problem - total DoFs=501083             @ /work/harpy/src/solver/viscoplastic/VPSolver.cpp:634
  NL step  1, |residual|_2 = 4.704822e+07
# Info:     ____ Assembling poroelastic problem - total DoFs=501083             @ /work/harpy/src/solver/viscoplastic/VPSolver.cpp:634
  NL step  2, |residual|_2 = 2.245719e+06
# Info:     ____ Assembling poroelastic problem - total DoFs=501083             @ /work/harpy/src/solver/viscoplastic/VPSolver.cpp:634
  NL step  3, |residual|_2 = 5.730126e+05
# Info:     ____ Assembling poroelastic problem - total DoFs=501083             @ /work/harpy/src/solver/viscoplastic/VPSolver.cpp:634
  NL step  4, |residual|_2 = 1.164496e+05
# Info:     ____ Assembling poroelastic problem - total DoFs=501083             @ /work/harpy/src/solver/viscoplastic/VPSolver.cpp:634
  NL step  5, |residual|_2 = 1.338805e+04
# Info:     ____ Assembling poroelastic problem - total DoFs=501083             @ /work/harpy/src/solver/viscoplastic/VPSolver.cpp:634
  NL step  6, |residual|_2 = 4.344569e+03
# Info:     ____ Nonlinear solver converged (CONVERGED_FNORM_RELATIVE).         @ /work/harpy/src/solver/viscoplastic/VPSolver.cpp:610
# Info:     ____ System solved at nonlinear iteration 6 , final nonlinear residual norm: 4344.57     @ /work/harpy/src/solver/viscoplastic/VPSolver.cpp:560
# Info:     ====================================================                @ /work/harpy/src/timeloop/Timeloop.cpp:42
# Info:     Solving timestep 47 @ 7.58073e+06s (dt=222222) ...                  @ /work/harpy/src/timeloop/Timeloop.cpp:43
# Info:     ____ Assembling poroelastic problem - total DoFs=501083             @ /work/harpy/src/solver/viscoplastic/VPSolver.cpp:634
  NL step  0, |residual|_2 = 4.558643e+08
# Info:     ____ Assembling poroelastic problem - total DoFs=501083             @ /work/harpy/src/solver/viscoplastic/VPSolver.cpp:634
  NL step  1, |residual|_2 = 4.598035e+07
# Info:     ____ Assembling poroelastic problem - total DoFs=501083             @ /work/harpy/src/solver/viscoplastic/VPSolver.cpp:634
  NL step  2, |residual|_2 = 2.208328e+06
# Info:     ____ Assembling poroelastic problem - total DoFs=501083             @ /work/harpy/src/solver/viscoplastic/VPSolver.cpp:634
  NL step  3, |residual|_2 = 5.830140e+05
# Info:     ____ Assembling poroelastic problem - total DoFs=501083             @ /work/harpy/src/solver/viscoplastic/VPSolver.cpp:634
  NL step  4, |residual|_2 = 1.205687e+05
# Info:     ____ Assembling poroelastic problem - total DoFs=501083             @ /work/harpy/src/solver/viscoplastic/VPSolver.cpp:634
  NL step  5, |residual|_2 = 1.404567e+04
# Info:     ____ Assembling poroelastic problem - total DoFs=501083             @ /work/harpy/src/solver/viscoplastic/VPSolver.cpp:634
  NL step  6, |residual|_2 = 5.026080e+03
# Info:     ____ Nonlinear solver converged (CONVERGED_SNORM_RELATIVE).         @ /work/harpy/src/solver/viscoplastic/VPSolver.cpp:610
# Info:     ____ System solved at nonlinear iteration 6 , final nonlinear residual norm: 5026.08     @ /work/harpy/src/solver/viscoplastic/VPSolver.cpp:560
# Info:     ====================================================                @ /work/harpy/src/timeloop/Timeloop.cpp:42
# Info:     Solving timestep 48 @ 7.80295e+06s (dt=222222) ...                  @ /work/harpy/src/timeloop/Timeloop.cpp:43
# Info:     ____ Assembling poroelastic problem - total DoFs=501083             @ /work/harpy/src/solver/viscoplastic/VPSolver.cpp:634
  NL step  0, |residual|_2 = 1.899135e+10
# Info:     ____ Assembling poroelastic problem - total DoFs=501083             @ /work/harpy/src/solver/viscoplastic/VPSolver.cpp:634
  NL step  1, |residual|_2 = 4.652447e+07
# Info:     ____ Assembling poroelastic problem - total DoFs=501083             @ /work/harpy/src/solver/viscoplastic/VPSolver.cpp:634
  NL step  2, |residual|_2 = 7.085537e+06
# Info:     ____ Assembling poroelastic problem - total DoFs=501083             @ /work/harpy/src/solver/viscoplastic/VPSolver.cpp:634
  NL step  3, |residual|_2 = 1.543756e+06
# Info:     ____ Assembling poroelastic problem - total DoFs=501083             @ /work/harpy/src/solver/viscoplastic/VPSolver.cpp:634
  NL step  4, |residual|_2 = 1.702350e+05
# Info:     ____ Nonlinear solver converged (CONVERGED_FNORM_RELATIVE).         @ /work/harpy/src/solver/viscoplastic/VPSolver.cpp:610
# Info:     ____ System solved at nonlinear iteration 4 , final nonlinear residual norm: 170235     @ /work/harpy/src/solver/viscoplastic/VPSolver.cpp:560
# Info:     ====================================================                @ /work/harpy/src/timeloop/Timeloop.cpp:42
# Info:     Solving timestep 49 @ 8.02517e+06s (dt=222222) ...                  @ /work/harpy/src/timeloop/Timeloop.cpp:43
# Info:     ____ Assembling poroelastic problem - total DoFs=501083             @ /work/harpy/src/solver/viscoplastic/VPSolver.cpp:634
  NL step  0, |residual|_2 = 4.804508e+08
# Info:     ____ Assembling poroelastic problem - total DoFs=501083             @ /work/harpy/src/solver/viscoplastic/VPSolver.cpp:634
  NL step  1, |residual|_2 = 4.797342e+07
# Info:     ____ Assembling poroelastic problem - total DoFs=501083             @ /work/harpy/src/solver/viscoplastic/VPSolver.cpp:634
  NL step  2, |residual|_2 = 2.362428e+06
# Info:     ____ Assembling poroelastic problem - total DoFs=501083             @ /work/harpy/src/solver/viscoplastic/VPSolver.cpp:634
  NL step  3, |residual|_2 = 5.298043e+05
# Info:     ____ Assembling poroelastic problem - total DoFs=501083             @ /work/harpy/src/solver/viscoplastic/VPSolver.cpp:634
  NL step  4, |residual|_2 = 1.088876e+05
# Info:     ____ Assembling poroelastic problem - total DoFs=501083             @ /work/harpy/src/solver/viscoplastic/VPSolver.cpp:634
  NL step  5, |residual|_2 = 1.306500e+04
# Info:     ____ Assembling poroelastic problem - total DoFs=501083             @ /work/harpy/src/solver/viscoplastic/VPSolver.cpp:634
  NL step  6, |residual|_2 = 4.066084e+03
# Info:     ____ Nonlinear solver converged (CONVERGED_FNORM_RELATIVE).         @ /work/harpy/src/solver/viscoplastic/VPSolver.cpp:610
# Info:     ____ System solved at nonlinear iteration 6 , final nonlinear residual norm: 4066.08     @ /work/harpy/src/solver/viscoplastic/VPSolver.cpp:560
# Info:     ====================================================                @ /work/harpy/src/timeloop/Timeloop.cpp:42
# Info:     Solving timestep 50 @ 8.3585e+06s (dt=333333) ...                   @ /work/harpy/src/timeloop/Timeloop.cpp:43
# Info:     ____ Assembling poroelastic problem - total DoFs=501083             @ /work/harpy/src/solver/viscoplastic/VPSolver.cpp:634
  NL step  0, |residual|_2 = 6.959494e+08
# Info:     ____ Assembling poroelastic problem - total DoFs=501083             @ /work/harpy/src/solver/viscoplastic/VPSolver.cpp:634
  NL step  1, |residual|_2 = 1.054263e+08
# Info:     ____ Assembling poroelastic problem - total DoFs=501083             @ /work/harpy/src/solver/viscoplastic/VPSolver.cpp:634
  NL step  2, |residual|_2 = 7.654959e+06
# Info:     ____ Assembling poroelastic problem - total DoFs=501083             @ /work/harpy/src/solver/viscoplastic/VPSolver.cpp:634
  NL step  3, |residual|_2 = 3.298527e+06
# Info:     ____ Assembling poroelastic problem - total DoFs=501083             @ /work/harpy/src/solver/viscoplastic/VPSolver.cpp:634
  NL step  4, |residual|_2 = 9.515568e+05
# Info:     ____ Assembling poroelastic problem - total DoFs=501083             @ /work/harpy/src/solver/viscoplastic/VPSolver.cpp:634
  NL step  5, |residual|_2 = 2.126821e+05
# Info:     ____ Assembling poroelastic problem - total DoFs=501083             @ /work/harpy/src/solver/viscoplastic/VPSolver.cpp:634
  NL step  6, |residual|_2 = 1.292432e+05
# Info:     ____ Assembling poroelastic problem - total DoFs=501083             @ /work/harpy/src/solver/viscoplastic/VPSolver.cpp:634
  NL step  7, |residual|_2 = 2.272179e+04
# Info:     ____ Assembling poroelastic problem - total DoFs=501083             @ /work/harpy/src/solver/viscoplastic/VPSolver.cpp:634
  NL step  8, |residual|_2 = 1.628015e+04
# Info:     ____ Assembling poroelastic problem - total DoFs=501083             @ /work/harpy/src/solver/viscoplastic/VPSolver.cpp:634
  NL step  9, |residual|_2 = 9.252700e+03
# Warn:     ____ Nonlinear solver diverged (DIVERGED_MAX_IT). Cutting timestep.     @ /work/harpy/src/solver/viscoplastic/VPSolver.cpp:615
# Info:     ====================================================                @ /work/harpy/src/timeloop/Timeloop.cpp:42
# Info:     Solving timestep 50 @ 8.24739e+06s (dt=222222) ...                  @ /work/harpy/src/timeloop/Timeloop.cpp:43
# Info:     ____ Assembling poroelastic problem - total DoFs=501083             @ /work/harpy/src/solver/viscoplastic/VPSolver.cpp:634
  NL step  0, |residual|_2 = 4.639663e+08
# Info:     ____ Assembling poroelastic problem - total DoFs=501083             @ /work/harpy/src/solver/viscoplastic/VPSolver.cpp:634
  NL step  1, |residual|_2 = 4.681321e+07
# Info:     ____ Assembling poroelastic problem - total DoFs=501083             @ /work/harpy/src/solver/viscoplastic/VPSolver.cpp:634
  NL step  2, |residual|_2 = 2.320647e+06
# Info:     ____ Assembling poroelastic problem - total DoFs=501083             @ /work/harpy/src/solver/viscoplastic/VPSolver.cpp:634
  NL step  3, |residual|_2 = 5.409245e+05
# Info:     ____ Assembling poroelastic problem - total DoFs=501083             @ /work/harpy/src/solver/viscoplastic/VPSolver.cpp:634
  NL step  4, |residual|_2 = 1.129617e+05
# Info:     ____ Assembling poroelastic problem - total DoFs=501083             @ /work/harpy/src/solver/viscoplastic/VPSolver.cpp:634
  NL step  5, |residual|_2 = 1.374021e+04
# Info:     ____ Assembling poroelastic problem - total DoFs=501083             @ /work/harpy/src/solver/viscoplastic/VPSolver.cpp:634
  NL step  6, |residual|_2 = 4.707846e+03
# Info:     ____ Nonlinear solver converged (CONVERGED_SNORM_RELATIVE).         @ /work/harpy/src/solver/viscoplastic/VPSolver.cpp:610
# Info:     ____ System solved at nonlinear iteration 6 , final nonlinear residual norm: 4707.85     @ /work/harpy/src/solver/viscoplastic/VPSolver.cpp:560
# Info:     ====================================================                @ /work/harpy/src/timeloop/Timeloop.cpp:42
# Info:     Solving timestep 51 @ 8.46962e+06s (dt=222222) ...                  @ /work/harpy/src/timeloop/Timeloop.cpp:43
# Info:     ____ Assembling poroelastic problem - total DoFs=501083             @ /work/harpy/src/solver/viscoplastic/VPSolver.cpp:634
  NL step  0, |residual|_2 = 4.477625e+08
# Info:     ____ Assembling poroelastic problem - total DoFs=501083             @ /work/harpy/src/solver/viscoplastic/VPSolver.cpp:634
  NL step  1, |residual|_2 = 4.566665e+07
# Info:     ____ Assembling poroelastic problem - total DoFs=501083             @ /work/harpy/src/solver/viscoplastic/VPSolver.cpp:634
  NL step  2, |residual|_2 = 2.281693e+06
# Info:     ____ Assembling poroelastic problem - total DoFs=501083             @ /work/harpy/src/solver/viscoplastic/VPSolver.cpp:634
  NL step  3, |residual|_2 = 5.537791e+05
# Info:     ____ Assembling poroelastic problem - total DoFs=501083             @ /work/harpy/src/solver/viscoplastic/VPSolver.cpp:634
  NL step  4, |residual|_2 = 1.174664e+05
# Info:     ____ Assembling poroelastic problem - total DoFs=501083             @ /work/harpy/src/solver/viscoplastic/VPSolver.cpp:634
  NL step  5, |residual|_2 = 1.452258e+04
# Info:     ____ Assembling poroelastic problem - total DoFs=501083             @ /work/harpy/src/solver/viscoplastic/VPSolver.cpp:634
  NL step  6, |residual|_2 = 5.475454e+03
# Info:     ____ Assembling poroelastic problem - total DoFs=501083             @ /work/harpy/src/solver/viscoplastic/VPSolver.cpp:634
  NL step  7, |residual|_2 = 9.406969e+02
# Info:     ____ Nonlinear solver converged (CONVERGED_FNORM_RELATIVE).         @ /work/harpy/src/solver/viscoplastic/VPSolver.cpp:610
# Info:     ____ System solved at nonlinear iteration 7 , final nonlinear residual norm: 940.697     @ /work/harpy/src/solver/viscoplastic/VPSolver.cpp:560
# Info:     ====================================================                @ /work/harpy/src/timeloop/Timeloop.cpp:42
# Info:     Solving timestep 52 @ 8.69184e+06s (dt=222222) ...                  @ /work/harpy/src/timeloop/Timeloop.cpp:43
# Info:     ____ Assembling poroelastic problem - total DoFs=501083             @ /work/harpy/src/solver/viscoplastic/VPSolver.cpp:634
  NL step  0, |residual|_2 = 1.691377e+10
# Info:     ____ Assembling poroelastic problem - total DoFs=501083             @ /work/harpy/src/solver/viscoplastic/VPSolver.cpp:634
  NL step  1, |residual|_2 = 4.581030e+07
# Info:     ____ Assembling poroelastic problem - total DoFs=501083             @ /work/harpy/src/solver/viscoplastic/VPSolver.cpp:634
  NL step  2, |residual|_2 = 6.451270e+06
# Info:     ____ Assembling poroelastic problem - total DoFs=501083             @ /work/harpy/src/solver/viscoplastic/VPSolver.cpp:634
  NL step  3, |residual|_2 = 1.475736e+06
# Info:     ____ Assembling poroelastic problem - total DoFs=501083             @ /work/harpy/src/solver/viscoplastic/VPSolver.cpp:634
  NL step  4, |residual|_2 = 1.677984e+05
# Info:     ____ Nonlinear solver converged (CONVERGED_FNORM_RELATIVE).         @ /work/harpy/src/solver/viscoplastic/VPSolver.cpp:610
# Info:     ____ System solved at nonlinear iteration 4 , final nonlinear residual norm: 167798     @ /work/harpy/src/solver/viscoplastic/VPSolver.cpp:560
# Info:     ====================================================                @ /work/harpy/src/timeloop/Timeloop.cpp:42
# Info:     Solving timestep 53 @ 8.91406e+06s (dt=222222) ...                  @ /work/harpy/src/timeloop/Timeloop.cpp:43
# Info:     ____ Assembling poroelastic problem - total DoFs=501083             @ /work/harpy/src/solver/viscoplastic/VPSolver.cpp:634
  NL step  0, |residual|_2 = 4.663611e+08
# Info:     ____ Assembling poroelastic problem - total DoFs=501083             @ /work/harpy/src/solver/viscoplastic/VPSolver.cpp:634
  NL step  1, |residual|_2 = 4.723930e+07
# Info:     ____ Assembling poroelastic problem - total DoFs=501083             @ /work/harpy/src/solver/viscoplastic/VPSolver.cpp:634
  NL step  2, |residual|_2 = 2.415719e+06
# Info:     ____ Assembling poroelastic problem - total DoFs=501083             @ /work/harpy/src/solver/viscoplastic/VPSolver.cpp:634
  NL step  3, |residual|_2 = 5.121097e+05
# Info:     ____ Assembling poroelastic problem - total DoFs=501083             @ /work/harpy/src/solver/viscoplastic/VPSolver.cpp:634
  NL step  4, |residual|_2 = 1.083816e+05
# Info:     ____ Assembling poroelastic problem - total DoFs=501083             @ /work/harpy/src/solver/viscoplastic/VPSolver.cpp:634
  NL step  5, |residual|_2 = 1.386019e+04
# Info:     ____ Assembling poroelastic problem - total DoFs=501083             @ /work/harpy/src/solver/viscoplastic/VPSolver.cpp:634
  NL step  6, |residual|_2 = 4.506273e+03
# Info:     ____ Nonlinear solver converged (CONVERGED_FNORM_RELATIVE).         @ /work/harpy/src/solver/viscoplastic/VPSolver.cpp:610
# Info:     ____ System solved at nonlinear iteration 6 , final nonlinear residual norm: 4506.27     @ /work/harpy/src/solver/viscoplastic/VPSolver.cpp:560
# Info:     ====================================================                @ /work/harpy/src/timeloop/Timeloop.cpp:42
# Info:     Solving timestep 54 @ 9.24739e+06s (dt=333333) ...                  @ /work/harpy/src/timeloop/Timeloop.cpp:43
# Info:     ____ Assembling poroelastic problem - total DoFs=501083             @ /work/harpy/src/solver/viscoplastic/VPSolver.cpp:634
  NL step  0, |residual|_2 = 6.742975e+08
# Info:     ____ Assembling poroelastic problem - total DoFs=501083             @ /work/harpy/src/solver/viscoplastic/VPSolver.cpp:634
  NL step  1, |residual|_2 = 1.036666e+08
# Info:     ____ Assembling poroelastic problem - total DoFs=501083             @ /work/harpy/src/solver/viscoplastic/VPSolver.cpp:634
  NL step  2, |residual|_2 = 7.809629e+06
# Info:     ____ Assembling poroelastic problem - total DoFs=501083             @ /work/harpy/src/solver/viscoplastic/VPSolver.cpp:634
  NL step  3, |residual|_2 = 3.231016e+06
# Info:     ____ Assembling poroelastic problem - total DoFs=501083             @ /work/harpy/src/solver/viscoplastic/VPSolver.cpp:634
  NL step  4, |residual|_2 = 9.522951e+05
# Info:     ____ Assembling poroelastic problem - total DoFs=501083             @ /work/harpy/src/solver/viscoplastic/VPSolver.cpp:634
  NL step  5, |residual|_2 = 2.357835e+05
# Info:     ____ Assembling poroelastic problem - total DoFs=501083             @ /work/harpy/src/solver/viscoplastic/VPSolver.cpp:634
  NL step  6, |residual|_2 = 1.458152e+05
# Info:     ____ Assembling poroelastic problem - total DoFs=501083             @ /work/harpy/src/solver/viscoplastic/VPSolver.cpp:634
  NL step  7, |residual|_2 = 2.511074e+04
# Info:     ____ Assembling poroelastic problem - total DoFs=501083             @ /work/harpy/src/solver/viscoplastic/VPSolver.cpp:634
  NL step  8, |residual|_2 = 2.019081e+04
# Info:     ____ Assembling poroelastic problem - total DoFs=501083             @ /work/harpy/src/solver/viscoplastic/VPSolver.cpp:634
  NL step  9, |residual|_2 = 1.143197e+04
# Warn:     ____ Nonlinear solver diverged (DIVERGED_MAX_IT). Cutting timestep.     @ /work/harpy/src/solver/viscoplastic/VPSolver.cpp:615
# Info:     ====================================================                @ /work/harpy/src/timeloop/Timeloop.cpp:42
# Info:     Solving timestep 54 @ 9.13628e+06s (dt=222222) ...                  @ /work/harpy/src/timeloop/Timeloop.cpp:43
# Info:     ____ Assembling poroelastic problem - total DoFs=501083             @ /work/harpy/src/solver/viscoplastic/VPSolver.cpp:634
  NL step  0, |residual|_2 = 4.495318e+08
# Info:     ____ Assembling poroelastic problem - total DoFs=501083             @ /work/harpy/src/solver/viscoplastic/VPSolver.cpp:634
  NL step  1, |residual|_2 = 4.602677e+07
# Info:     ____ Assembling poroelastic problem - total DoFs=501083             @ /work/harpy/src/solver/viscoplastic/VPSolver.cpp:634
  NL step  2, |residual|_2 = 2.371790e+06
# Info:     ____ Assembling poroelastic problem - total DoFs=501083             @ /work/harpy/src/solver/viscoplastic/VPSolver.cpp:634
  NL step  3, |residual|_2 = 5.257483e+05
# Info:     ____ Assembling poroelastic problem - total DoFs=501083             @ /work/harpy/src/solver/viscoplastic/VPSolver.cpp:634
  NL step  4, |residual|_2 = 1.128146e+05
# Info:     ____ Assembling poroelastic problem - total DoFs=501083             @ /work/harpy/src/solver/viscoplastic/VPSolver.cpp:634
  NL step  5, |residual|_2 = 1.466985e+04
# Info:     ____ Assembling poroelastic problem - total DoFs=501083             @ /work/harpy/src/solver/viscoplastic/VPSolver.cpp:634
  NL step  6, |residual|_2 = 5.247626e+03
# Info:     ____ Assembling poroelastic problem - total DoFs=501083             @ /work/harpy/src/solver/viscoplastic/VPSolver.cpp:634
  NL step  7, |residual|_2 = 8.985594e+02
# Info:     ____ Nonlinear solver converged (CONVERGED_FNORM_RELATIVE).         @ /work/harpy/src/solver/viscoplastic/VPSolver.cpp:610
# Info:     ____ System solved at nonlinear iteration 7 , final nonlinear residual norm: 898.559     @ /work/harpy/src/solver/viscoplastic/VPSolver.cpp:560
# Info:     ====================================================                @ /work/harpy/src/timeloop/Timeloop.cpp:42
# Info:     Solving timestep 55 @ 9.3585e+06s (dt=222222) ...                   @ /work/harpy/src/timeloop/Timeloop.cpp:43
# Info:     ____ Assembling poroelastic problem - total DoFs=501083             @ /work/harpy/src/solver/viscoplastic/VPSolver.cpp:634
  NL step  0, |residual|_2 = 4.330490e+08
# Info:     ____ Assembling poroelastic problem - total DoFs=501083             @ /work/harpy/src/solver/viscoplastic/VPSolver.cpp:634
  NL step  1, |residual|_2 = 4.483251e+07
# Info:     ____ Assembling poroelastic problem - total DoFs=501083             @ /work/harpy/src/solver/viscoplastic/VPSolver.cpp:634
  NL step  2, |residual|_2 = 2.330718e+06
# Info:     ____ Assembling poroelastic problem - total DoFs=501083             @ /work/harpy/src/solver/viscoplastic/VPSolver.cpp:634
  NL step  3, |residual|_2 = 5.414309e+05
# Info:     ____ Assembling poroelastic problem - total DoFs=501083             @ /work/harpy/src/solver/viscoplastic/VPSolver.cpp:634
  NL step  4, |residual|_2 = 1.177641e+05
# Info:     ____ Assembling poroelastic problem - total DoFs=501083             @ /work/harpy/src/solver/viscoplastic/VPSolver.cpp:634
  NL step  5, |residual|_2 = 1.562196e+04
# Info:     ____ Assembling poroelastic problem - total DoFs=501083             @ /work/harpy/src/solver/viscoplastic/VPSolver.cpp:634
  NL step  6, |residual|_2 = 6.139626e+03
# Info:     ____ Assembling poroelastic problem - total DoFs=501083             @ /work/harpy/src/solver/viscoplastic/VPSolver.cpp:634
  NL step  7, |residual|_2 = 1.062501e+03
# Info:     ____ Nonlinear solver converged (CONVERGED_FNORM_RELATIVE).         @ /work/harpy/src/solver/viscoplastic/VPSolver.cpp:610
# Info:     ____ System solved at nonlinear iteration 7 , final nonlinear residual norm: 1062.5     @ /work/harpy/src/solver/viscoplastic/VPSolver.cpp:560
# Info:     ====================================================                @ /work/harpy/src/timeloop/Timeloop.cpp:42
# Info:     Solving timestep 56 @ 9.58073e+06s (dt=222222) ...                  @ /work/harpy/src/timeloop/Timeloop.cpp:43
# Info:     ____ Assembling poroelastic problem - total DoFs=501083             @ /work/harpy/src/solver/viscoplastic/VPSolver.cpp:634
  NL step  0, |residual|_2 = 4.170164e+08
# Info:     ____ Assembling poroelastic problem - total DoFs=501083             @ /work/harpy/src/solver/viscoplastic/VPSolver.cpp:634
  NL step  1, |residual|_2 = 4.365447e+07
# Info:     ____ Assembling poroelastic problem - total DoFs=501083             @ /work/harpy/src/solver/viscoplastic/VPSolver.cpp:634
  NL step  2, |residual|_2 = 2.290191e+06
# Info:     ____ Assembling poroelastic problem - total DoFs=501083             @ /work/harpy/src/solver/viscoplastic/VPSolver.cpp:634
  NL step  3, |residual|_2 = 5.599139e+05
# Info:     ____ Assembling poroelastic problem - total DoFs=501083             @ /work/harpy/src/solver/viscoplastic/VPSolver.cpp:634
  NL step  4, |residual|_2 = 1.233043e+05
# Info:     ____ Assembling poroelastic problem - total DoFs=501083             @ /work/harpy/src/solver/viscoplastic/VPSolver.cpp:634
  NL step  5, |residual|_2 = 1.677975e+04
# Info:     ____ Assembling poroelastic problem - total DoFs=501083             @ /work/harpy/src/solver/viscoplastic/VPSolver.cpp:634
  NL step  6, |residual|_2 = 7.224005e+03
# Info:     ____ Assembling poroelastic problem - total DoFs=501083             @ /work/harpy/src/solver/viscoplastic/VPSolver.cpp:634
  NL step  7, |residual|_2 = 1.263177e+03
# Info:     ____ Nonlinear solver converged (CONVERGED_FNORM_RELATIVE).         @ /work/harpy/src/solver/viscoplastic/VPSolver.cpp:610
# Info:     ____ System solved at nonlinear iteration 7 , final nonlinear residual norm: 1263.18     @ /work/harpy/src/solver/viscoplastic/VPSolver.cpp:560
# Info:     ====================================================                @ /work/harpy/src/timeloop/Timeloop.cpp:42
# Info:     Solving timestep 57 @ 9.80295e+06s (dt=222222) ...                  @ /work/harpy/src/timeloop/Timeloop.cpp:43
# Info:     ____ Assembling poroelastic problem - total DoFs=501083             @ /work/harpy/src/solver/viscoplastic/VPSolver.cpp:634
  NL step  0, |residual|_2 = 1.522721e+10
# Info:     ____ Assembling poroelastic problem - total DoFs=501083             @ /work/harpy/src/solver/viscoplastic/VPSolver.cpp:634
  NL step  1, |residual|_2 = 4.381049e+07
# Info:     ____ Assembling poroelastic problem - total DoFs=501083             @ /work/harpy/src/solver/viscoplastic/VPSolver.cpp:634
  NL step  2, |residual|_2 = 6.542607e+06
# Info:     ____ Assembling poroelastic problem - total DoFs=501083             @ /work/harpy/src/solver/viscoplastic/VPSolver.cpp:634
  NL step  3, |residual|_2 = 1.563160e+06
# Info:     ____ Assembling poroelastic problem - total DoFs=501083             @ /work/harpy/src/solver/viscoplastic/VPSolver.cpp:634
  NL step  4, |residual|_2 = 1.863887e+05
# Info:     ____ Assembling poroelastic problem - total DoFs=501083             @ /work/harpy/src/solver/viscoplastic/VPSolver.cpp:634
  NL step  5, |residual|_2 = 1.931292e+04
# Info:     ____ Nonlinear solver converged (CONVERGED_FNORM_RELATIVE).         @ /work/harpy/src/solver/viscoplastic/VPSolver.cpp:610
# Info:     ____ System solved at nonlinear iteration 5 , final nonlinear residual norm: 19312.9     @ /work/harpy/src/solver/viscoplastic/VPSolver.cpp:560
# Info:     ====================================================                @ /work/harpy/src/timeloop/Timeloop.cpp:42
# Info:     Solving timestep 58 @ 1.01363e+07s (dt=333333) ...                  @ /work/harpy/src/timeloop/Timeloop.cpp:43
# Info:     ____ Assembling poroelastic problem - total DoFs=501083             @ /work/harpy/src/solver/viscoplastic/VPSolver.cpp:634
  NL step  0, |residual|_2 = 6.495723e+08
# Info:     ____ Assembling poroelastic problem - total DoFs=501083             @ /work/harpy/src/solver/viscoplastic/VPSolver.cpp:634
  NL step  1, |residual|_2 = 1.016431e+08
# Info:     ____ Assembling poroelastic problem - total DoFs=501083             @ /work/harpy/src/solver/viscoplastic/VPSolver.cpp:634
  NL step  2, |residual|_2 = 8.002303e+06
# Info:     ____ Assembling poroelastic problem - total DoFs=501083             @ /work/harpy/src/solver/viscoplastic/VPSolver.cpp:634
  NL step  3, |residual|_2 = 3.209733e+06
# Info:     ____ Assembling poroelastic problem - total DoFs=501083             @ /work/harpy/src/solver/viscoplastic/VPSolver.cpp:634
  NL step  4, |residual|_2 = 9.678991e+05
# Info:     ____ Assembling poroelastic problem - total DoFs=501083             @ /work/harpy/src/solver/viscoplastic/VPSolver.cpp:634
  NL step  5, |residual|_2 = 2.619782e+05
# Info:     ____ Assembling poroelastic problem - total DoFs=501083             @ /work/harpy/src/solver/viscoplastic/VPSolver.cpp:634
  NL step  6, |residual|_2 = 1.594284e+05
# Info:     ____ Assembling poroelastic problem - total DoFs=501083             @ /work/harpy/src/solver/viscoplastic/VPSolver.cpp:634
  NL step  7, |residual|_2 = 2.714330e+04
# Info:     ____ Assembling poroelastic problem - total DoFs=501083             @ /work/harpy/src/solver/viscoplastic/VPSolver.cpp:634
  NL step  8, |residual|_2 = 2.407790e+04
# Info:     ____ Assembling poroelastic problem - total DoFs=501083             @ /work/harpy/src/solver/viscoplastic/VPSolver.cpp:634
  NL step  9, |residual|_2 = 1.348041e+04
# Warn:     ____ Nonlinear solver diverged (DIVERGED_MAX_IT). Cutting timestep.     @ /work/harpy/src/solver/viscoplastic/VPSolver.cpp:615
# Info:     ====================================================                @ /work/harpy/src/timeloop/Timeloop.cpp:42
# Info:     Solving timestep 58 @ 1.00252e+07s (dt=222222) ...                  @ /work/harpy/src/timeloop/Timeloop.cpp:43
# Info:     ____ Assembling poroelastic problem - total DoFs=501083             @ /work/harpy/src/solver/viscoplastic/VPSolver.cpp:634
  NL step  0, |residual|_2 = 4.330495e+08
# Info:     ____ Assembling poroelastic problem - total DoFs=501083             @ /work/harpy/src/solver/viscoplastic/VPSolver.cpp:634
  NL step  1, |residual|_2 = 4.512330e+07
# Info:     ____ Assembling poroelastic problem - total DoFs=501083             @ /work/harpy/src/solver/viscoplastic/VPSolver.cpp:634
  NL step  2, |residual|_2 = 2.426970e+06
# Info:     ____ Assembling poroelastic problem - total DoFs=501083             @ /work/harpy/src/solver/viscoplastic/VPSolver.cpp:634
  NL step  3, |residual|_2 = 5.206370e+05
# Info:     ____ Assembling poroelastic problem - total DoFs=501083             @ /work/harpy/src/solver/viscoplastic/VPSolver.cpp:634
  NL step  4, |residual|_2 = 1.144860e+05
# Info:     ____ Assembling poroelastic problem - total DoFs=501083             @ /work/harpy/src/solver/viscoplastic/VPSolver.cpp:634
  NL step  5, |residual|_2 = 1.614371e+04
# Info:     ____ Assembling poroelastic problem - total DoFs=501083             @ /work/harpy/src/solver/viscoplastic/VPSolver.cpp:634
  NL step  6, |residual|_2 = 5.721905e+03
# Info:     ____ Assembling poroelastic problem - total DoFs=501083             @ /work/harpy/src/solver/viscoplastic/VPSolver.cpp:634
  NL step  7, |residual|_2 = 9.892332e+02
# Info:     ____ Nonlinear solver converged (CONVERGED_FNORM_RELATIVE).         @ /work/harpy/src/solver/viscoplastic/VPSolver.cpp:610
# Info:     ____ System solved at nonlinear iteration 7 , final nonlinear residual norm: 989.233     @ /work/harpy/src/solver/viscoplastic/VPSolver.cpp:560
# Info:     ====================================================                @ /work/harpy/src/timeloop/Timeloop.cpp:42
# Info:     Solving timestep 59 @ 1.02474e+07s (dt=222222) ...                  @ /work/harpy/src/timeloop/Timeloop.cpp:43
# Info:     ____ Assembling poroelastic problem - total DoFs=501083             @ /work/harpy/src/solver/viscoplastic/VPSolver.cpp:634
  NL step  0, |residual|_2 = 4.164599e+08
# Info:     ____ Assembling poroelastic problem - total DoFs=501083             @ /work/harpy/src/solver/viscoplastic/VPSolver.cpp:634
  NL step  1, |residual|_2 = 4.389492e+07
# Info:     ____ Assembling poroelastic problem - total DoFs=501083             @ /work/harpy/src/solver/viscoplastic/VPSolver.cpp:634
  NL step  2, |residual|_2 = 2.383831e+06
# Info:     ____ Assembling poroelastic problem - total DoFs=501083             @ /work/harpy/src/solver/viscoplastic/VPSolver.cpp:634
  NL step  3, |residual|_2 = 5.385177e+05
# Info:     ____ Assembling poroelastic problem - total DoFs=501083             @ /work/harpy/src/solver/viscoplastic/VPSolver.cpp:634
  NL step  4, |residual|_2 = 1.197591e+05
# Info:     ____ Assembling poroelastic problem - total DoFs=501083             @ /work/harpy/src/solver/viscoplastic/VPSolver.cpp:634
  NL step  5, |residual|_2 = 1.727224e+04
# Info:     ____ Assembling poroelastic problem - total DoFs=501083             @ /work/harpy/src/solver/viscoplastic/VPSolver.cpp:634
  NL step  6, |residual|_2 = 6.727596e+03
# Info:     ____ Assembling poroelastic problem - total DoFs=501083             @ /work/harpy/src/solver/viscoplastic/VPSolver.cpp:634
  NL step  7, |residual|_2 = 1.172286e+03
# Info:     ____ Nonlinear solver converged (CONVERGED_FNORM_RELATIVE).         @ /work/harpy/src/solver/viscoplastic/VPSolver.cpp:610
# Info:     ____ System solved at nonlinear iteration 7 , final nonlinear residual norm: 1172.29     @ /work/harpy/src/solver/viscoplastic/VPSolver.cpp:560
# Info:     ====================================================                @ /work/harpy/src/timeloop/Timeloop.cpp:42
# Info:     Solving timestep 60 @ 1.04696e+07s (dt=222222) ...                  @ /work/harpy/src/timeloop/Timeloop.cpp:43
# Info:     ____ Assembling poroelastic problem - total DoFs=501083             @ /work/harpy/src/solver/viscoplastic/VPSolver.cpp:634
  NL step  0, |residual|_2 = 4.003687e+08
# Info:     ____ Assembling poroelastic problem - total DoFs=501083             @ /work/harpy/src/solver/viscoplastic/VPSolver.cpp:634
  NL step  1, |residual|_2 = 4.268640e+07
# Info:     ____ Assembling poroelastic problem - total DoFs=501083             @ /work/harpy/src/solver/viscoplastic/VPSolver.cpp:634
  NL step  2, |residual|_2 = 2.341548e+06
# Info:     ____ Assembling poroelastic problem - total DoFs=501083             @ /work/harpy/src/solver/viscoplastic/VPSolver.cpp:634
  NL step  3, |residual|_2 = 5.597123e+05
# Info:     ____ Assembling poroelastic problem - total DoFs=501083             @ /work/harpy/src/solver/viscoplastic/VPSolver.cpp:634
  NL step  4, |residual|_2 = 1.256839e+05
# Info:     ____ Assembling poroelastic problem - total DoFs=501083             @ /work/harpy/src/solver/viscoplastic/VPSolver.cpp:634
  NL step  5, |residual|_2 = 1.865725e+04
# Info:     ____ Assembling poroelastic problem - total DoFs=501083             @ /work/harpy/src/solver/viscoplastic/VPSolver.cpp:634
  NL step  6, |residual|_2 = 7.963386e+03
# Info:     ____ Assembling poroelastic problem - total DoFs=501083             @ /work/harpy/src/solver/viscoplastic/VPSolver.cpp:634
  NL step  7, |residual|_2 = 1.397832e+03
# Info:     ____ Nonlinear solver converged (CONVERGED_FNORM_RELATIVE).         @ /work/harpy/src/solver/viscoplastic/VPSolver.cpp:610
# Info:     ____ System solved at nonlinear iteration 7 , final nonlinear residual norm: 1397.83     @ /work/harpy/src/solver/viscoplastic/VPSolver.cpp:560
# Info:     ====================================================                @ /work/harpy/src/timeloop/Timeloop.cpp:42
# Info:     Solving timestep 61 @ 1.06918e+07s (dt=222222) ...                  @ /work/harpy/src/timeloop/Timeloop.cpp:43
# Info:     ____ Assembling poroelastic problem - total DoFs=501083             @ /work/harpy/src/solver/viscoplastic/VPSolver.cpp:634
  NL step  0, |residual|_2 = 1.386559e+10
# Info:     ____ Assembling poroelastic problem - total DoFs=501083             @ /work/harpy/src/solver/viscoplastic/VPSolver.cpp:634
  NL step  1, |residual|_2 = 4.266948e+07
# Info:     ____ Assembling poroelastic problem - total DoFs=501083             @ /work/harpy/src/solver/viscoplastic/VPSolver.cpp:634
  NL step  2, |residual|_2 = 6.233481e+06
# Info:     ____ Assembling poroelastic problem - total DoFs=501083             @ /work/harpy/src/solver/viscoplastic/VPSolver.cpp:634
  NL step  3, |residual|_2 = 1.548712e+06
# Info:     ____ Assembling poroelastic problem - total DoFs=501083             @ /work/harpy/src/solver/viscoplastic/VPSolver.cpp:634
  NL step  4, |residual|_2 = 1.900851e+05
# Info:     ____ Assembling poroelastic problem - total DoFs=501083             @ /work/harpy/src/solver/viscoplastic/VPSolver.cpp:634
  NL step  5, |residual|_2 = 1.969762e+04
# Info:     ____ Nonlinear solver converged (CONVERGED_FNORM_RELATIVE).         @ /work/harpy/src/solver/viscoplastic/VPSolver.cpp:610
# Info:     ____ System solved at nonlinear iteration 5 , final nonlinear residual norm: 19697.6     @ /work/harpy/src/solver/viscoplastic/VPSolver.cpp:560
# Info:     ====================================================                @ /work/harpy/src/timeloop/Timeloop.cpp:42
# Info:     Solving timestep 62 @ 1.10252e+07s (dt=333333) ...                  @ /work/harpy/src/timeloop/Timeloop.cpp:43
# Info:     ____ Assembling poroelastic problem - total DoFs=501083             @ /work/harpy/src/solver/viscoplastic/VPSolver.cpp:634
  NL step  0, |residual|_2 = 6.201770e+08
# Info:     ____ Assembling poroelastic problem - total DoFs=501083             @ /work/harpy/src/solver/viscoplastic/VPSolver.cpp:634
  NL step  1, |residual|_2 = 9.903585e+07
# Info:     ____ Assembling poroelastic problem - total DoFs=501083             @ /work/harpy/src/solver/viscoplastic/VPSolver.cpp:634
  NL step  2, |residual|_2 = 8.141422e+06
# Info:     ____ Assembling poroelastic problem - total DoFs=501083             @ /work/harpy/src/solver/viscoplastic/VPSolver.cpp:634
  NL step  3, |residual|_2 = 3.241707e+06
# Info:     ____ Assembling poroelastic problem - total DoFs=501083             @ /work/harpy/src/solver/viscoplastic/VPSolver.cpp:634
  NL step  4, |residual|_2 = 9.957847e+05
# Info:     ____ Assembling poroelastic problem - total DoFs=501083             @ /work/harpy/src/solver/viscoplastic/VPSolver.cpp:634
  NL step  5, |residual|_2 = 2.953709e+05
# Info:     ____ Assembling poroelastic problem - total DoFs=501083             @ /work/harpy/src/solver/viscoplastic/VPSolver.cpp:634
  NL step  6, |residual|_2 = 1.782711e+05
# Info:     ____ Assembling poroelastic problem - total DoFs=501083             @ /work/harpy/src/solver/viscoplastic/VPSolver.cpp:634
  NL step  7, |residual|_2 = 2.979675e+04
# Info:     ____ Assembling poroelastic problem - total DoFs=501083             @ /work/harpy/src/solver/viscoplastic/VPSolver.cpp:634
  NL step  8, |residual|_2 = 2.990454e+04
# Info:     ____ Assembling poroelastic problem - total DoFs=501083             @ /work/harpy/src/solver/viscoplastic/VPSolver.cpp:634
  NL step  9, |residual|_2 = 1.656318e+04
# Warn:     ____ Nonlinear solver diverged (DIVERGED_MAX_IT). Cutting timestep.     @ /work/harpy/src/solver/viscoplastic/VPSolver.cpp:615
# Info:     ====================================================                @ /work/harpy/src/timeloop/Timeloop.cpp:42
# Info:     Solving timestep 62 @ 1.09141e+07s (dt=222222) ...                  @ /work/harpy/src/timeloop/Timeloop.cpp:43
# Info:     ____ Assembling poroelastic problem - total DoFs=501083             @ /work/harpy/src/solver/viscoplastic/VPSolver.cpp:634
  NL step  0, |residual|_2 = 4.134525e+08
# Info:     ____ Assembling poroelastic problem - total DoFs=501083             @ /work/harpy/src/solver/viscoplastic/VPSolver.cpp:634
  NL step  1, |residual|_2 = 4.396177e+07
# Info:     ____ Assembling poroelastic problem - total DoFs=501083             @ /work/harpy/src/solver/viscoplastic/VPSolver.cpp:634
  NL step  2, |residual|_2 = 2.463428e+06
# Info:     ____ Assembling poroelastic problem - total DoFs=501083             @ /work/harpy/src/solver/viscoplastic/VPSolver.cpp:634
  NL step  3, |residual|_2 = 5.239195e+05
# Info:     ____ Assembling poroelastic problem - total DoFs=501083             @ /work/harpy/src/solver/viscoplastic/VPSolver.cpp:634
  NL step  4, |residual|_2 = 1.175981e+05
# Info:     ____ Assembling poroelastic problem - total DoFs=501083             @ /work/harpy/src/solver/viscoplastic/VPSolver.cpp:634
  NL step  5, |residual|_2 = 1.788146e+04
# Info:     ____ Assembling poroelastic problem - total DoFs=501083             @ /work/harpy/src/solver/viscoplastic/VPSolver.cpp:634
  NL step  6, |residual|_2 = 6.356414e+03
# Info:     ____ Assembling poroelastic problem - total DoFs=501083             @ /work/harpy/src/solver/viscoplastic/VPSolver.cpp:634
  NL step  7, |residual|_2 = 1.108551e+03
# Info:     ____ Nonlinear solver converged (CONVERGED_FNORM_RELATIVE).         @ /work/harpy/src/solver/viscoplastic/VPSolver.cpp:610
# Info:     ____ System solved at nonlinear iteration 7 , final nonlinear residual norm: 1108.55     @ /work/harpy/src/solver/viscoplastic/VPSolver.cpp:560
# Info:     ====================================================                @ /work/harpy/src/timeloop/Timeloop.cpp:42
# Info:     Solving timestep 63 @ 1.11363e+07s (dt=222222) ...                  @ /work/harpy/src/timeloop/Timeloop.cpp:43
# Info:     ____ Assembling poroelastic problem - total DoFs=501083             @ /work/harpy/src/solver/viscoplastic/VPSolver.cpp:634
  NL step  0, |residual|_2 = 3.969926e+08
# Info:     ____ Assembling poroelastic problem - total DoFs=501083             @ /work/harpy/src/solver/viscoplastic/VPSolver.cpp:634
  NL step  1, |residual|_2 = 4.271459e+07
# Info:     ____ Assembling poroelastic problem - total DoFs=501083             @ /work/harpy/src/solver/viscoplastic/VPSolver.cpp:634
  NL step  2, |residual|_2 = 2.419405e+06
# Info:     ____ Assembling poroelastic problem - total DoFs=501083             @ /work/harpy/src/solver/viscoplastic/VPSolver.cpp:634
  NL step  3, |residual|_2 = 5.447922e+05
# Info:     ____ Assembling poroelastic problem - total DoFs=501083             @ /work/harpy/src/solver/viscoplastic/VPSolver.cpp:634
  NL step  4, |residual|_2 = 1.233055e+05
# Info:     ____ Assembling poroelastic problem - total DoFs=501083             @ /work/harpy/src/solver/viscoplastic/VPSolver.cpp:634
  NL step  5, |residual|_2 = 1.926004e+04
# Info:     ____ Assembling poroelastic problem - total DoFs=501083             @ /work/harpy/src/solver/viscoplastic/VPSolver.cpp:634
  NL step  6, |residual|_2 = 7.522725e+03
# Info:     ____ Assembling poroelastic problem - total DoFs=501083             @ /work/harpy/src/solver/viscoplastic/VPSolver.cpp:634
  NL step  7, |residual|_2 = 1.317862e+03
# Info:     ____ Nonlinear solver converged (CONVERGED_FNORM_RELATIVE).         @ /work/harpy/src/solver/viscoplastic/VPSolver.cpp:610
# Info:     ____ System solved at nonlinear iteration 7 , final nonlinear residual norm: 1317.86     @ /work/harpy/src/solver/viscoplastic/VPSolver.cpp:560
# Info:     ====================================================                @ /work/harpy/src/timeloop/Timeloop.cpp:42
# Info:     Solving timestep 64 @ 1.13585e+07s (dt=222222) ...                  @ /work/harpy/src/timeloop/Timeloop.cpp:43
# Info:     ____ Assembling poroelastic problem - total DoFs=501083             @ /work/harpy/src/solver/viscoplastic/VPSolver.cpp:634
  NL step  0, |residual|_2 = 3.810634e+08
# Info:     ____ Assembling poroelastic problem - total DoFs=501083             @ /work/harpy/src/solver/viscoplastic/VPSolver.cpp:634
  NL step  1, |residual|_2 = 4.149011e+07
# Info:     ____ Assembling poroelastic problem - total DoFs=501083             @ /work/harpy/src/solver/viscoplastic/VPSolver.cpp:634
  NL step  2, |residual|_2 = 2.376685e+06
# Info:     ____ Assembling poroelastic problem - total DoFs=501083             @ /work/harpy/src/solver/viscoplastic/VPSolver.cpp:634
  NL step  3, |residual|_2 = 5.696166e+05
# Info:     ____ Assembling poroelastic problem - total DoFs=501083             @ /work/harpy/src/solver/viscoplastic/VPSolver.cpp:634
  NL step  4, |residual|_2 = 1.297604e+05
# Info:     ____ Assembling poroelastic problem - total DoFs=501083             @ /work/harpy/src/solver/viscoplastic/VPSolver.cpp:634
  NL step  5, |residual|_2 = 2.097100e+04
# Info:     ____ Assembling poroelastic problem - total DoFs=501083             @ /work/harpy/src/solver/viscoplastic/VPSolver.cpp:634
  NL step  6, |residual|_2 = 8.970547e+03
# Info:     ____ Assembling poroelastic problem - total DoFs=501083             @ /work/harpy/src/solver/viscoplastic/VPSolver.cpp:634
  NL step  7, |residual|_2 = 1.577925e+03
# Info:     ____ Nonlinear solver converged (CONVERGED_FNORM_RELATIVE).         @ /work/harpy/src/solver/viscoplastic/VPSolver.cpp:610
# Info:     ____ System solved at nonlinear iteration 7 , final nonlinear residual norm: 1577.92     @ /work/harpy/src/solver/viscoplastic/VPSolver.cpp:560
# Info:     ====================================================                @ /work/harpy/src/timeloop/Timeloop.cpp:42
# Info:     Solving timestep 65 @ 1.15807e+07s (dt=222222) ...                  @ /work/harpy/src/timeloop/Timeloop.cpp:43
# Info:     ____ Assembling poroelastic problem - total DoFs=501083             @ /work/harpy/src/solver/viscoplastic/VPSolver.cpp:634
  NL step  0, |residual|_2 = 3.656514e+08
# Info:     ____ Assembling poroelastic problem - total DoFs=501083             @ /work/harpy/src/solver/viscoplastic/VPSolver.cpp:634
  NL step  1, |residual|_2 = 4.028886e+07
# Info:     ____ Assembling poroelastic problem - total DoFs=501083             @ /work/harpy/src/solver/viscoplastic/VPSolver.cpp:634
  NL step  2, |residual|_2 = 2.335617e+06
# Info:     ____ Assembling poroelastic problem - total DoFs=501083             @ /work/harpy/src/solver/viscoplastic/VPSolver.cpp:634
  NL step  3, |residual|_2 = 5.988424e+05
# Info:     ____ Assembling poroelastic problem - total DoFs=501083             @ /work/harpy/src/solver/viscoplastic/VPSolver.cpp:634
  NL step  4, |residual|_2 = 1.371249e+05
# Info:     ____ Assembling poroelastic problem - total DoFs=501083             @ /work/harpy/src/solver/viscoplastic/VPSolver.cpp:634
