# Info:     ____ Setting up variables for CG...                                 @ /work/harpy/src/solver/viscoplastic/VPSolver.cpp:190
# Info:     ____ Adding stress: order 2                                         @ /work/harpy/src/solver/viscoplastic/VPSolver.cpp:211
# Info:     ____ Reading grid file 'model//temperature.csv.gz' ...              @ /work/harpy/src/util/GridFile.cpp:39
# Info:     ____ Reading grid file 'model//pressure.csv.gz' ...                 @ /work/harpy/src/util/GridFile.cpp:39
# Info:     __ Reading 'model//sig0.bin' ...                                    @ /work/harpy/src/solverloop/SLViscoplastic.cpp:86
# Info:     ====================================================                @ /work/harpy/src/timeloop/Timeloop.cpp:42
# Info:     Solving timestep 0 @ -1s (dt=10) ...                                @ /work/harpy/src/timeloop/Timeloop.cpp:43
# Info:     ____ Assembling poroelastic problem - total DoFs=501083             @ /work/harpy/src/solver/viscoplastic/VPSolver.cpp:634
  NL step  0, |residual|_2 = 8.987687e+04
  0 SNES Function norm 8.987687220228e+04
    Linear solve converged due to CONVERGED_RTOL iterations 114
# Info:     ____ Assembling poroelastic problem - total DoFs=501083             @ /work/harpy/src/solver/viscoplastic/VPSolver.cpp:634
  NL step  1, |residual|_2 = 2.519380e-01
  1 SNES Function norm 2.519379749488e-01
  Nonlinear solve converged due to CONVERGED_FNORM_RELATIVE iterations 1
# Info:     ____ Nonlinear solver converged (CONVERGED_FNORM_RELATIVE).         @ /work/harpy/src/solver/viscoplastic/VPSolver.cpp:610
# Info:     ____ System solved at nonlinear iteration 1 , final nonlinear residual norm: 0.251938     @ /work/harpy/src/solver/viscoplastic/VPSolver.cpp:560
# Info:     ====================================================                @ /work/harpy/src/timeloop/Timeloop.cpp:42
# Info:     Solving timestep 1 @ 10s (dt=10) ...                                @ /work/harpy/src/timeloop/Timeloop.cpp:43
# Info:     ____ Assembling poroelastic problem - total DoFs=501083             @ /work/harpy/src/solver/viscoplastic/VPSolver.cpp:634
  NL step  0, |residual|_2 = 8.022170e+03
  0 SNES Function norm 8.022169707526e+03
    Linear solve converged due to CONVERGED_RTOL iterations 110
# Info:     ____ Assembling poroelastic problem - total DoFs=501083             @ /work/harpy/src/solver/viscoplastic/VPSolver.cpp:634
  NL step  1, |residual|_2 = 1.918668e-01
  1 SNES Function norm 1.918668044677e-01
    Linear solve converged due to CONVERGED_RTOL iterations 116
# Info:     ____ Assembling poroelastic problem - total DoFs=501083             @ /work/harpy/src/solver/viscoplastic/VPSolver.cpp:634
  NL step  2, |residual|_2 = 7.613964e-02
  2 SNES Function norm 7.613963607959e-02
  Nonlinear solve converged due to CONVERGED_FNORM_RELATIVE iterations 2
# Info:     ____ Nonlinear solver converged (CONVERGED_FNORM_RELATIVE).         @ /work/harpy/src/solver/viscoplastic/VPSolver.cpp:610
# Info:     ____ System solved at nonlinear iteration 2 , final nonlinear residual norm: 0.0761396     @ /work/harpy/src/solver/viscoplastic/VPSolver.cpp:560
# Info:     ====================================================                @ /work/harpy/src/timeloop/Timeloop.cpp:42
# Info:     Solving timestep 2 @ 25s (dt=15) ...                                @ /work/harpy/src/timeloop/Timeloop.cpp:43
# Info:     ____ Assembling poroelastic problem - total DoFs=501083             @ /work/harpy/src/solver/viscoplastic/VPSolver.cpp:634
  NL step  0, |residual|_2 = 1.203353e+04
  0 SNES Function norm 1.203352533414e+04
    Linear solve converged due to CONVERGED_RTOL iterations 114
# Info:     ____ Assembling poroelastic problem - total DoFs=501083             @ /work/harpy/src/solver/viscoplastic/VPSolver.cpp:634
  NL step  1, |residual|_2 = 2.683455e-01
  1 SNES Function norm 2.683454992314e-01
    Linear solve converged due to CONVERGED_RTOL iterations 114
# Info:     ____ Assembling poroelastic problem - total DoFs=501083             @ /work/harpy/src/solver/viscoplastic/VPSolver.cpp:634
  NL step  2, |residual|_2 = 2.897838e-02
  2 SNES Function norm 2.897837695881e-02
  Nonlinear solve converged due to CONVERGED_FNORM_RELATIVE iterations 2
# Info:     ____ Nonlinear solver converged (CONVERGED_FNORM_RELATIVE).         @ /work/harpy/src/solver/viscoplastic/VPSolver.cpp:610
# Info:     ____ System solved at nonlinear iteration 2 , final nonlinear residual norm: 0.0289784     @ /work/harpy/src/solver/viscoplastic/VPSolver.cpp:560
# Info:     ====================================================                @ /work/harpy/src/timeloop/Timeloop.cpp:42
# Info:     Solving timestep 3 @ 47.5s (dt=22.5) ...                            @ /work/harpy/src/timeloop/Timeloop.cpp:43
# Info:     ____ Assembling poroelastic problem - total DoFs=501083             @ /work/harpy/src/solver/viscoplastic/VPSolver.cpp:634
  NL step  0, |residual|_2 = 1.805016e+04
  0 SNES Function norm 1.805015773699e+04
    Linear solve converged due to CONVERGED_RTOL iterations 116
# Info:     ____ Assembling poroelastic problem - total DoFs=501083             @ /work/harpy/src/solver/viscoplastic/VPSolver.cpp:634
  NL step  1, |residual|_2 = 2.873056e-01
  1 SNES Function norm 2.873056161949e-01
    Linear solve converged due to CONVERGED_RTOL iterations 114
# Info:     ____ Assembling poroelastic problem - total DoFs=501083             @ /work/harpy/src/solver/viscoplastic/VPSolver.cpp:634
  NL step  2, |residual|_2 = 1.058367e-01
  2 SNES Function norm 1.058367104719e-01
  Nonlinear solve converged due to CONVERGED_FNORM_RELATIVE iterations 2
# Info:     ____ Nonlinear solver converged (CONVERGED_FNORM_RELATIVE).         @ /work/harpy/src/solver/viscoplastic/VPSolver.cpp:610
# Info:     ____ System solved at nonlinear iteration 2 , final nonlinear residual norm: 0.105837     @ /work/harpy/src/solver/viscoplastic/VPSolver.cpp:560
# Info:     ====================================================                @ /work/harpy/src/timeloop/Timeloop.cpp:42
# Info:     Solving timestep 4 @ 81.25s (dt=33.75) ...                          @ /work/harpy/src/timeloop/Timeloop.cpp:43
# Info:     ____ Assembling poroelastic problem - total DoFs=501083             @ /work/harpy/src/solver/viscoplastic/VPSolver.cpp:634
  NL step  0, |residual|_2 = 6.346335e+08
  0 SNES Function norm 6.346334711454e+08
    Linear solve converged due to CONVERGED_RTOL iterations 110
# Info:     ____ Assembling poroelastic problem - total DoFs=501083             @ /work/harpy/src/solver/viscoplastic/VPSolver.cpp:634
  NL step  1, |residual|_2 = 3.406916e+02
  1 SNES Function norm 3.406916195387e+02
  Nonlinear solve converged due to CONVERGED_FNORM_RELATIVE iterations 1
# Info:     ____ Nonlinear solver converged (CONVERGED_FNORM_RELATIVE).         @ /work/harpy/src/solver/viscoplastic/VPSolver.cpp:610
# Info:     ____ System solved at nonlinear iteration 1 , final nonlinear residual norm: 340.692     @ /work/harpy/src/solver/viscoplastic/VPSolver.cpp:560
# Info:     ====================================================                @ /work/harpy/src/timeloop/Timeloop.cpp:42
# Info:     Solving timestep 5 @ 131.875s (dt=50.625) ...                       @ /work/harpy/src/timeloop/Timeloop.cpp:43
# Info:     ____ Assembling poroelastic problem - total DoFs=501083             @ /work/harpy/src/solver/viscoplastic/VPSolver.cpp:634
  NL step  0, |residual|_2 = 6.592723e+08
  0 SNES Function norm 6.592723428200e+08
    Linear solve converged due to CONVERGED_RTOL iterations 116
# Info:     ____ Assembling poroelastic problem - total DoFs=501083             @ /work/harpy/src/solver/viscoplastic/VPSolver.cpp:634
  NL step  1, |residual|_2 = 3.081083e+02
  1 SNES Function norm 3.081083267203e+02
  Nonlinear solve converged due to CONVERGED_FNORM_RELATIVE iterations 1
# Info:     ____ Nonlinear solver converged (CONVERGED_FNORM_RELATIVE).         @ /work/harpy/src/solver/viscoplastic/VPSolver.cpp:610
# Info:     ____ System solved at nonlinear iteration 1 , final nonlinear residual norm: 308.108     @ /work/harpy/src/solver/viscoplastic/VPSolver.cpp:560
# Info:     ====================================================                @ /work/harpy/src/timeloop/Timeloop.cpp:42
# Info:     Solving timestep 6 @ 207.812s (dt=75.9375) ...                      @ /work/harpy/src/timeloop/Timeloop.cpp:43
# Info:     ____ Assembling poroelastic problem - total DoFs=501083             @ /work/harpy/src/solver/viscoplastic/VPSolver.cpp:634
  NL step  0, |residual|_2 = 5.982500e+04
  0 SNES Function norm 5.982500314269e+04
    Linear solve converged due to CONVERGED_RTOL iterations 114
# Info:     ____ Assembling poroelastic problem - total DoFs=501083             @ /work/harpy/src/solver/viscoplastic/VPSolver.cpp:634
  NL step  1, |residual|_2 = 2.528369e+00
  1 SNES Function norm 2.528368696210e+00
    Linear solve converged due to CONVERGED_RTOL iterations 114
# Info:     ____ Assembling poroelastic problem - total DoFs=501083             @ /work/harpy/src/solver/viscoplastic/VPSolver.cpp:634
  NL step  2, |residual|_2 = 8.982314e-02
  2 SNES Function norm 8.982313755364e-02
  Nonlinear solve converged due to CONVERGED_FNORM_RELATIVE iterations 2
# Info:     ____ Nonlinear solver converged (CONVERGED_FNORM_RELATIVE).         @ /work/harpy/src/solver/viscoplastic/VPSolver.cpp:610
# Info:     ____ System solved at nonlinear iteration 2 , final nonlinear residual norm: 0.0898231     @ /work/harpy/src/solver/viscoplastic/VPSolver.cpp:560
# Info:     ====================================================                @ /work/harpy/src/timeloop/Timeloop.cpp:42
# Info:     Solving timestep 7 @ 321.719s (dt=113.906) ...                      @ /work/harpy/src/timeloop/Timeloop.cpp:43
# Info:     ____ Assembling poroelastic problem - total DoFs=501083             @ /work/harpy/src/solver/viscoplastic/VPSolver.cpp:634
  NL step  0, |residual|_2 = 6.231346e+08
  0 SNES Function norm 6.231345955430e+08
    Linear solve converged due to CONVERGED_RTOL iterations 114
# Info:     ____ Assembling poroelastic problem - total DoFs=501083             @ /work/harpy/src/solver/viscoplastic/VPSolver.cpp:634
  NL step  1, |residual|_2 = 3.878408e+02
  1 SNES Function norm 3.878408447303e+02
  Nonlinear solve converged due to CONVERGED_FNORM_RELATIVE iterations 1
# Info:     ____ Nonlinear solver converged (CONVERGED_FNORM_RELATIVE).         @ /work/harpy/src/solver/viscoplastic/VPSolver.cpp:610
# Info:     ____ System solved at nonlinear iteration 1 , final nonlinear residual norm: 387.841     @ /work/harpy/src/solver/viscoplastic/VPSolver.cpp:560
# Info:     ====================================================                @ /work/harpy/src/timeloop/Timeloop.cpp:42
# Info:     Solving timestep 8 @ 492.578s (dt=170.859) ...                      @ /work/harpy/src/timeloop/Timeloop.cpp:43
# Info:     ____ Assembling poroelastic problem - total DoFs=501083             @ /work/harpy/src/solver/viscoplastic/VPSolver.cpp:634
  NL step  0, |residual|_2 = 1.225729e+09
  0 SNES Function norm 1.225729283360e+09
    Linear solve converged due to CONVERGED_RTOL iterations 116
# Info:     ____ Assembling poroelastic problem - total DoFs=501083             @ /work/harpy/src/solver/viscoplastic/VPSolver.cpp:634
  NL step  1, |residual|_2 = 1.288181e+03
  1 SNES Function norm 1.288180747940e+03
  Nonlinear solve converged due to CONVERGED_FNORM_RELATIVE iterations 1
# Info:     ____ Nonlinear solver converged (CONVERGED_FNORM_RELATIVE).         @ /work/harpy/src/solver/viscoplastic/VPSolver.cpp:610
# Info:     ____ System solved at nonlinear iteration 1 , final nonlinear residual norm: 1288.18     @ /work/harpy/src/solver/viscoplastic/VPSolver.cpp:560
# Info:     ====================================================                @ /work/harpy/src/timeloop/Timeloop.cpp:42
# Info:     Solving timestep 9 @ 748.867s (dt=256.289) ...                      @ /work/harpy/src/timeloop/Timeloop.cpp:43
# Info:     ____ Assembling poroelastic problem - total DoFs=501083             @ /work/harpy/src/solver/viscoplastic/VPSolver.cpp:634
  NL step  0, |residual|_2 = 6.006736e+08
  0 SNES Function norm 6.006735689539e+08
    Linear solve converged due to CONVERGED_RTOL iterations 116
# Info:     ____ Assembling poroelastic problem - total DoFs=501083             @ /work/harpy/src/solver/viscoplastic/VPSolver.cpp:634
  NL step  1, |residual|_2 = 2.952430e+02
  1 SNES Function norm 2.952429555304e+02
  Nonlinear solve converged due to CONVERGED_FNORM_RELATIVE iterations 1
# Info:     ____ Nonlinear solver converged (CONVERGED_FNORM_RELATIVE).         @ /work/harpy/src/solver/viscoplastic/VPSolver.cpp:610
# Info:     ____ System solved at nonlinear iteration 1 , final nonlinear residual norm: 295.243     @ /work/harpy/src/solver/viscoplastic/VPSolver.cpp:560
# Info:     ====================================================                @ /work/harpy/src/timeloop/Timeloop.cpp:42
# Info:     Solving timestep 10 @ 1133.3s (dt=384.434) ...                      @ /work/harpy/src/timeloop/Timeloop.cpp:43
# Info:     ____ Assembling poroelastic problem - total DoFs=501083             @ /work/harpy/src/solver/viscoplastic/VPSolver.cpp:634
  NL step  0, |residual|_2 = 1.130549e+09
  0 SNES Function norm 1.130549177781e+09
    Linear solve converged due to CONVERGED_RTOL iterations 112
# Info:     ____ Assembling poroelastic problem - total DoFs=501083             @ /work/harpy/src/solver/viscoplastic/VPSolver.cpp:634
  NL step  1, |residual|_2 = 1.194446e+03
  1 SNES Function norm 1.194445755817e+03
  Nonlinear solve converged due to CONVERGED_FNORM_RELATIVE iterations 1
# Info:     ____ Nonlinear solver converged (CONVERGED_FNORM_RELATIVE).         @ /work/harpy/src/solver/viscoplastic/VPSolver.cpp:610
# Info:     ____ System solved at nonlinear iteration 1 , final nonlinear residual norm: 1194.45     @ /work/harpy/src/solver/viscoplastic/VPSolver.cpp:560
# Info:     ====================================================                @ /work/harpy/src/timeloop/Timeloop.cpp:42
# Info:     Solving timestep 11 @ 1709.95s (dt=576.65) ...                      @ /work/harpy/src/timeloop/Timeloop.cpp:43
# Info:     ____ Assembling poroelastic problem - total DoFs=501083             @ /work/harpy/src/solver/viscoplastic/VPSolver.cpp:634
  NL step  0, |residual|_2 = 9.573961e+08
  0 SNES Function norm 9.573960746993e+08
    Linear solve converged due to CONVERGED_RTOL iterations 114
# Info:     ____ Assembling poroelastic problem - total DoFs=501083             @ /work/harpy/src/solver/viscoplastic/VPSolver.cpp:634
  NL step  1, |residual|_2 = 1.128642e+03
  1 SNES Function norm 1.128642410609e+03
  Nonlinear solve converged due to CONVERGED_FNORM_RELATIVE iterations 1
# Info:     ____ Nonlinear solver converged (CONVERGED_FNORM_RELATIVE).         @ /work/harpy/src/solver/viscoplastic/VPSolver.cpp:610
# Info:     ____ System solved at nonlinear iteration 1 , final nonlinear residual norm: 1128.64     @ /work/harpy/src/solver/viscoplastic/VPSolver.cpp:560
# Info:     ====================================================                @ /work/harpy/src/timeloop/Timeloop.cpp:42
# Info:     Solving timestep 12 @ 2574.93s (dt=864.976) ...                     @ /work/harpy/src/timeloop/Timeloop.cpp:43
# Info:     ____ Assembling poroelastic problem - total DoFs=501083             @ /work/harpy/src/solver/viscoplastic/VPSolver.cpp:634
  NL step  0, |residual|_2 = 6.739008e+08
  0 SNES Function norm 6.739007631358e+08
    Linear solve converged due to CONVERGED_RTOL iterations 116
# Info:     ____ Assembling poroelastic problem - total DoFs=501083             @ /work/harpy/src/solver/viscoplastic/VPSolver.cpp:634
  NL step  1, |residual|_2 = 1.254074e+03
  1 SNES Function norm 1.254073920865e+03
  Nonlinear solve converged due to CONVERGED_FNORM_RELATIVE iterations 1
# Info:     ____ Nonlinear solver converged (CONVERGED_FNORM_RELATIVE).         @ /work/harpy/src/solver/viscoplastic/VPSolver.cpp:610
# Info:     ____ System solved at nonlinear iteration 1 , final nonlinear residual norm: 1254.07     @ /work/harpy/src/solver/viscoplastic/VPSolver.cpp:560
# Info:     ====================================================                @ /work/harpy/src/timeloop/Timeloop.cpp:42
# Info:     Solving timestep 13 @ 3872.39s (dt=1297.46) ...                     @ /work/harpy/src/timeloop/Timeloop.cpp:43
# Info:     ____ Assembling poroelastic problem - total DoFs=501083             @ /work/harpy/src/solver/viscoplastic/VPSolver.cpp:634
  NL step  0, |residual|_2 = 3.820859e+08
  0 SNES Function norm 3.820858527145e+08
    Linear solve converged due to CONVERGED_RTOL iterations 116
# Info:     ____ Assembling poroelastic problem - total DoFs=501083             @ /work/harpy/src/solver/viscoplastic/VPSolver.cpp:634
  NL step  1, |residual|_2 = 2.019025e+03
  1 SNES Function norm 2.019025254314e+03
  Nonlinear solve converged due to CONVERGED_FNORM_RELATIVE iterations 1
# Info:     ____ Nonlinear solver converged (CONVERGED_FNORM_RELATIVE).         @ /work/harpy/src/solver/viscoplastic/VPSolver.cpp:610
# Info:     ____ System solved at nonlinear iteration 1 , final nonlinear residual norm: 2019.03     @ /work/harpy/src/solver/viscoplastic/VPSolver.cpp:560
# Info:     ====================================================                @ /work/harpy/src/timeloop/Timeloop.cpp:42
# Info:     Solving timestep 14 @ 5818.59s (dt=1946.2) ...                      @ /work/harpy/src/timeloop/Timeloop.cpp:43
# Info:     ____ Assembling poroelastic problem - total DoFs=501083             @ /work/harpy/src/solver/viscoplastic/VPSolver.cpp:634
  NL step  0, |residual|_2 = 2.324693e+08
  0 SNES Function norm 2.324692696022e+08
    Linear solve converged due to CONVERGED_RTOL iterations 116
# Info:     ____ Assembling poroelastic problem - total DoFs=501083             @ /work/harpy/src/solver/viscoplastic/VPSolver.cpp:634
  NL step  1, |residual|_2 = 3.835574e+03
  1 SNES Function norm 3.835574153965e+03
    Linear solve converged due to CONVERGED_RTOL iterations 116
# Info:     ____ Assembling poroelastic problem - total DoFs=501083             @ /work/harpy/src/solver/viscoplastic/VPSolver.cpp:634
  NL step  2, |residual|_2 = 7.780300e+01
  2 SNES Function norm 7.780300420720e+01
  Nonlinear solve converged due to CONVERGED_FNORM_RELATIVE iterations 2
# Info:     ____ Nonlinear solver converged (CONVERGED_FNORM_RELATIVE).         @ /work/harpy/src/solver/viscoplastic/VPSolver.cpp:610
# Info:     ____ System solved at nonlinear iteration 2 , final nonlinear residual norm: 77.803     @ /work/harpy/src/solver/viscoplastic/VPSolver.cpp:560
# Info:     ====================================================                @ /work/harpy/src/timeloop/Timeloop.cpp:42
# Info:     Solving timestep 15 @ 8737.88s (dt=2919.29) ...                     @ /work/harpy/src/timeloop/Timeloop.cpp:43
# Info:     ____ Assembling poroelastic problem - total DoFs=501083             @ /work/harpy/src/solver/viscoplastic/VPSolver.cpp:634
  NL step  0, |residual|_2 = 2.374722e+08
  0 SNES Function norm 2.374721668571e+08
    Linear solve converged due to CONVERGED_RTOL iterations 116
# Info:     ____ Assembling poroelastic problem - total DoFs=501083             @ /work/harpy/src/solver/viscoplastic/VPSolver.cpp:634
  NL step  1, |residual|_2 = 7.696953e+03
  1 SNES Function norm 7.696953186471e+03
    Linear solve converged due to CONVERGED_RTOL iterations 114
# Info:     ____ Assembling poroelastic problem - total DoFs=501083             @ /work/harpy/src/solver/viscoplastic/VPSolver.cpp:634
  NL step  2, |residual|_2 = 2.112312e+02
  2 SNES Function norm 2.112311821991e+02
  Nonlinear solve converged due to CONVERGED_FNORM_RELATIVE iterations 2
# Info:     ____ Nonlinear solver converged (CONVERGED_FNORM_RELATIVE).         @ /work/harpy/src/solver/viscoplastic/VPSolver.cpp:610
# Info:     ____ System solved at nonlinear iteration 2 , final nonlinear residual norm: 211.231     @ /work/harpy/src/solver/viscoplastic/VPSolver.cpp:560
# Info:     ====================================================                @ /work/harpy/src/timeloop/Timeloop.cpp:42
# Info:     Solving timestep 16 @ 13116.8s (dt=4378.94) ...                     @ /work/harpy/src/timeloop/Timeloop.cpp:43
# Info:     ____ Assembling poroelastic problem - total DoFs=501083             @ /work/harpy/src/solver/viscoplastic/VPSolver.cpp:634
  NL step  0, |residual|_2 = 2.948649e+08
  0 SNES Function norm 2.948648738384e+08
    Linear solve converged due to CONVERGED_RTOL iterations 112
# Info:     ____ Assembling poroelastic problem - total DoFs=501083             @ /work/harpy/src/solver/viscoplastic/VPSolver.cpp:634
  NL step  1, |residual|_2 = 1.580588e+04
  1 SNES Function norm 1.580588192751e+04
    Linear solve converged due to CONVERGED_RTOL iterations 112
# Info:     ____ Assembling poroelastic problem - total DoFs=501083             @ /work/harpy/src/solver/viscoplastic/VPSolver.cpp:634
  NL step  2, |residual|_2 = 6.073051e+02
  2 SNES Function norm 6.073051224789e+02
  Nonlinear solve converged due to CONVERGED_FNORM_RELATIVE iterations 2
# Info:     ____ Nonlinear solver converged (CONVERGED_FNORM_RELATIVE).         @ /work/harpy/src/solver/viscoplastic/VPSolver.cpp:610
# Info:     ____ System solved at nonlinear iteration 2 , final nonlinear residual norm: 607.305     @ /work/harpy/src/solver/viscoplastic/VPSolver.cpp:560
# Info:     ====================================================                @ /work/harpy/src/timeloop/Timeloop.cpp:42
# Info:     Solving timestep 17 @ 19685.2s (dt=6568.41) ...                     @ /work/harpy/src/timeloop/Timeloop.cpp:43
# Info:     ____ Assembling poroelastic problem - total DoFs=501083             @ /work/harpy/src/solver/viscoplastic/VPSolver.cpp:634
  NL step  0, |residual|_2 = 6.531500e+08
  0 SNES Function norm 6.531499909273e+08
    Linear solve converged due to CONVERGED_RTOL iterations 112
# Info:     ____ Assembling poroelastic problem - total DoFs=501083             @ /work/harpy/src/solver/viscoplastic/VPSolver.cpp:634
  NL step  1, |residual|_2 = 6.055648e+04
  1 SNES Function norm 6.055647939351e+04
    Linear solve converged due to CONVERGED_RTOL iterations 116
# Info:     ____ Assembling poroelastic problem - total DoFs=501083             @ /work/harpy/src/solver/viscoplastic/VPSolver.cpp:634
  NL step  2, |residual|_2 = 2.866710e+03
  2 SNES Function norm 2.866710082320e+03
  Nonlinear solve converged due to CONVERGED_FNORM_RELATIVE iterations 2
# Info:     ____ Nonlinear solver converged (CONVERGED_FNORM_RELATIVE).         @ /work/harpy/src/solver/viscoplastic/VPSolver.cpp:610
# Info:     ____ System solved at nonlinear iteration 2 , final nonlinear residual norm: 2866.71     @ /work/harpy/src/solver/viscoplastic/VPSolver.cpp:560
# Info:     ====================================================                @ /work/harpy/src/timeloop/Timeloop.cpp:42
# Info:     Solving timestep 18 @ 29537.8s (dt=9852.61) ...                     @ /work/harpy/src/timeloop/Timeloop.cpp:43
# Info:     ____ Assembling poroelastic problem - total DoFs=501083             @ /work/harpy/src/solver/viscoplastic/VPSolver.cpp:634
  NL step  0, |residual|_2 = 7.470421e+08
  0 SNES Function norm 7.470421049848e+08
    Linear solve converged due to CONVERGED_RTOL iterations 112
# Info:     ____ Assembling poroelastic problem - total DoFs=501083             @ /work/harpy/src/solver/viscoplastic/VPSolver.cpp:634
  NL step  1, |residual|_2 = 6.983547e+04
  1 SNES Function norm 6.983546587797e+04
    Linear solve converged due to CONVERGED_RTOL iterations 122
# Info:     ____ Assembling poroelastic problem - total DoFs=501083             @ /work/harpy/src/solver/viscoplastic/VPSolver.cpp:634
  NL step  2, |residual|_2 = 6.097687e+03
  2 SNES Function norm 6.097687023462e+03
  Nonlinear solve converged due to CONVERGED_FNORM_RELATIVE iterations 2
# Info:     ____ Nonlinear solver converged (CONVERGED_FNORM_RELATIVE).         @ /work/harpy/src/solver/viscoplastic/VPSolver.cpp:610
# Info:     ____ System solved at nonlinear iteration 2 , final nonlinear residual norm: 6097.69     @ /work/harpy/src/solver/viscoplastic/VPSolver.cpp:560
# Info:     ====================================================                @ /work/harpy/src/timeloop/Timeloop.cpp:42
# Info:     Solving timestep 19 @ 44316.8s (dt=14778.9) ...                     @ /work/harpy/src/timeloop/Timeloop.cpp:43
# Info:     ____ Assembling poroelastic problem - total DoFs=501083             @ /work/harpy/src/solver/viscoplastic/VPSolver.cpp:634
  NL step  0, |residual|_2 = 1.226649e+09
  0 SNES Function norm 1.226649440772e+09
    Linear solve converged due to CONVERGED_RTOL iterations 110
# Info:     ____ Assembling poroelastic problem - total DoFs=501083             @ /work/harpy/src/solver/viscoplastic/VPSolver.cpp:634
  NL step  1, |residual|_2 = 1.408437e+05
  1 SNES Function norm 1.408436905743e+05
    Linear solve converged due to CONVERGED_RTOL iterations 114
# Info:     ____ Assembling poroelastic problem - total DoFs=501083             @ /work/harpy/src/solver/viscoplastic/VPSolver.cpp:634
  NL step  2, |residual|_2 = 1.754264e+04
  2 SNES Function norm 1.754263991663e+04
    Linear solve converged due to CONVERGED_RTOL iterations 116
# Info:     ____ Assembling poroelastic problem - total DoFs=501083             @ /work/harpy/src/solver/viscoplastic/VPSolver.cpp:634
  NL step  3, |residual|_2 = 3.007617e+02
  3 SNES Function norm 3.007617004641e+02
  Nonlinear solve converged due to CONVERGED_FNORM_RELATIVE iterations 3
# Info:     ____ Nonlinear solver converged (CONVERGED_FNORM_RELATIVE).         @ /work/harpy/src/solver/viscoplastic/VPSolver.cpp:610
# Info:     ____ System solved at nonlinear iteration 3 , final nonlinear residual norm: 300.762     @ /work/harpy/src/solver/viscoplastic/VPSolver.cpp:560
# Info:     ====================================================                @ /work/harpy/src/timeloop/Timeloop.cpp:42
# Info:     Solving timestep 20 @ 66485.1s (dt=22168.4) ...                     @ /work/harpy/src/timeloop/Timeloop.cpp:43
# Info:     ____ Assembling poroelastic problem - total DoFs=501083             @ /work/harpy/src/solver/viscoplastic/VPSolver.cpp:634
  NL step  0, |residual|_2 = 1.642080e+07
  0 SNES Function norm 1.642080351377e+07
    Linear solve converged due to CONVERGED_RTOL iterations 114
# Info:     ____ Assembling poroelastic problem - total DoFs=501083             @ /work/harpy/src/solver/viscoplastic/VPSolver.cpp:634
  NL step  1, |residual|_2 = 2.149315e+05
  1 SNES Function norm 2.149315224535e+05
    Linear solve converged due to CONVERGED_RTOL iterations 114
# Info:     ____ Assembling poroelastic problem - total DoFs=501083             @ /work/harpy/src/solver/viscoplastic/VPSolver.cpp:634
  NL step  2, |residual|_2 = 3.160597e+03
  2 SNES Function norm 3.160596595678e+03
    Linear solve converged due to CONVERGED_RTOL iterations 122
# Info:     ____ Assembling poroelastic problem - total DoFs=501083             @ /work/harpy/src/solver/viscoplastic/VPSolver.cpp:634
  NL step  3, |residual|_2 = 1.011306e+02
  3 SNES Function norm 1.011305628133e+02
  Nonlinear solve converged due to CONVERGED_FNORM_RELATIVE iterations 3
# Info:     ____ Nonlinear solver converged (CONVERGED_FNORM_RELATIVE).         @ /work/harpy/src/solver/viscoplastic/VPSolver.cpp:610
# Info:     ____ System solved at nonlinear iteration 3 , final nonlinear residual norm: 101.131     @ /work/harpy/src/solver/viscoplastic/VPSolver.cpp:560
# Info:     ====================================================                @ /work/harpy/src/timeloop/Timeloop.cpp:42
# Info:     Solving timestep 21 @ 99737.7s (dt=33252.6) ...                     @ /work/harpy/src/timeloop/Timeloop.cpp:43
# Info:     ____ Assembling poroelastic problem - total DoFs=501083             @ /work/harpy/src/solver/viscoplastic/VPSolver.cpp:634
  NL step  0, |residual|_2 = 2.450704e+07
  0 SNES Function norm 2.450703980740e+07
    Linear solve converged due to CONVERGED_RTOL iterations 112
# Info:     ____ Assembling poroelastic problem - total DoFs=501083             @ /work/harpy/src/solver/viscoplastic/VPSolver.cpp:634
  NL step  1, |residual|_2 = 4.818020e+05
  1 SNES Function norm 4.818019819871e+05
    Linear solve converged due to CONVERGED_RTOL iterations 116
# Info:     ____ Assembling poroelastic problem - total DoFs=501083             @ /work/harpy/src/solver/viscoplastic/VPSolver.cpp:634
  NL step  2, |residual|_2 = 1.074782e+04
  2 SNES Function norm 1.074781500840e+04
    Linear solve converged due to CONVERGED_RTOL iterations 122
# Info:     ____ Assembling poroelastic problem - total DoFs=501083             @ /work/harpy/src/solver/viscoplastic/VPSolver.cpp:634
  NL step  3, |residual|_2 = 5.263430e+02
  3 SNES Function norm 5.263429805166e+02
    Linear solve converged due to CONVERGED_RTOL iterations 112
# Info:     ____ Assembling poroelastic problem - total DoFs=501083             @ /work/harpy/src/solver/viscoplastic/VPSolver.cpp:634
  NL step  4, |residual|_2 = 2.229219e+01
  4 SNES Function norm 2.229219412216e+01
  Nonlinear solve converged due to CONVERGED_FNORM_RELATIVE iterations 4
# Info:     ____ Nonlinear solver converged (CONVERGED_FNORM_RELATIVE).         @ /work/harpy/src/solver/viscoplastic/VPSolver.cpp:610
# Info:     ____ System solved at nonlinear iteration 4 , final nonlinear residual norm: 22.2922     @ /work/harpy/src/solver/viscoplastic/VPSolver.cpp:560
# Info:     ====================================================                @ /work/harpy/src/timeloop/Timeloop.cpp:42
# Info:     Solving timestep 22 @ 149617s (dt=49878.9) ...                      @ /work/harpy/src/timeloop/Timeloop.cpp:43
# Info:     ____ Assembling poroelastic problem - total DoFs=501083             @ /work/harpy/src/solver/viscoplastic/VPSolver.cpp:634
  NL step  0, |residual|_2 = 1.989025e+09
  0 SNES Function norm 1.989025268403e+09
    Linear solve converged due to CONVERGED_RTOL iterations 110
# Info:     ____ Assembling poroelastic problem - total DoFs=501083             @ /work/harpy/src/solver/viscoplastic/VPSolver.cpp:634
  NL step  1, |residual|_2 = 1.182980e+06
  1 SNES Function norm 1.182979511589e+06
    Linear solve converged due to CONVERGED_RTOL iterations 116
# Info:     ____ Assembling poroelastic problem - total DoFs=501083             @ /work/harpy/src/solver/viscoplastic/VPSolver.cpp:634
  NL step  2, |residual|_2 = 2.632563e+05
  2 SNES Function norm 2.632563410102e+05
    Linear solve converged due to CONVERGED_RTOL iterations 114
# Info:     ____ Assembling poroelastic problem - total DoFs=501083             @ /work/harpy/src/solver/viscoplastic/VPSolver.cpp:634
  NL step  3, |residual|_2 = 1.438868e+04
  3 SNES Function norm 1.438868103632e+04
  Nonlinear solve converged due to CONVERGED_FNORM_RELATIVE iterations 3
# Info:     ____ Nonlinear solver converged (CONVERGED_FNORM_RELATIVE).         @ /work/harpy/src/solver/viscoplastic/VPSolver.cpp:610
# Info:     ____ System solved at nonlinear iteration 3 , final nonlinear residual norm: 14388.7     @ /work/harpy/src/solver/viscoplastic/VPSolver.cpp:560
# Info:     ====================================================                @ /work/harpy/src/timeloop/Timeloop.cpp:42
# Info:     Solving timestep 23 @ 224435s (dt=74818.3) ...                      @ /work/harpy/src/timeloop/Timeloop.cpp:43
# Info:     ____ Assembling poroelastic problem - total DoFs=501083             @ /work/harpy/src/solver/viscoplastic/VPSolver.cpp:634
  NL step  0, |residual|_2 = 1.817026e+10
  0 SNES Function norm 1.817026430407e+10
    Linear solve converged due to CONVERGED_RTOL iterations 116
# Info:     ____ Assembling poroelastic problem - total DoFs=501083             @ /work/harpy/src/solver/viscoplastic/VPSolver.cpp:634
  NL step  1, |residual|_2 = 1.553171e+07
  1 SNES Function norm 1.553171424613e+07
    Linear solve converged due to CONVERGED_RTOL iterations 114
# Info:     ____ Assembling poroelastic problem - total DoFs=501083             @ /work/harpy/src/solver/viscoplastic/VPSolver.cpp:634
  NL step  2, |residual|_2 = 2.977123e+06
  2 SNES Function norm 2.977122524621e+06
    Linear solve converged due to CONVERGED_RTOL iterations 116
# Info:     ____ Assembling poroelastic problem - total DoFs=501083             @ /work/harpy/src/solver/viscoplastic/VPSolver.cpp:634
  NL step  3, |residual|_2 = 1.872919e+05
  3 SNES Function norm 1.872919057198e+05
    Linear solve converged due to CONVERGED_RTOL iterations 128
# Info:     ____ Assembling poroelastic problem - total DoFs=501083             @ /work/harpy/src/solver/viscoplastic/VPSolver.cpp:634
  NL step  4, |residual|_2 = 1.197722e+04
  4 SNES Function norm 1.197722231646e+04
  Nonlinear solve converged due to CONVERGED_FNORM_RELATIVE iterations 4
# Info:     ____ Nonlinear solver converged (CONVERGED_FNORM_RELATIVE).         @ /work/harpy/src/solver/viscoplastic/VPSolver.cpp:610
# Info:     ____ System solved at nonlinear iteration 4 , final nonlinear residual norm: 11977.2     @ /work/harpy/src/solver/viscoplastic/VPSolver.cpp:560
# Info:     ====================================================                @ /work/harpy/src/timeloop/Timeloop.cpp:42
# Info:     Solving timestep 24 @ 336662s (dt=112227) ...                       @ /work/harpy/src/timeloop/Timeloop.cpp:43
# Info:     ____ Assembling poroelastic problem - total DoFs=501083             @ /work/harpy/src/solver/viscoplastic/VPSolver.cpp:634
  NL step  0, |residual|_2 = 7.767159e+09
  0 SNES Function norm 7.767158927813e+09
    Linear solve converged due to CONVERGED_RTOL iterations 112
# Info:     ____ Assembling poroelastic problem - total DoFs=501083             @ /work/harpy/src/solver/viscoplastic/VPSolver.cpp:634
  NL step  1, |residual|_2 = 8.373071e+06
  1 SNES Function norm 8.373071148036e+06
    Linear solve converged due to CONVERGED_RTOL iterations 112
# Info:     ____ Assembling poroelastic problem - total DoFs=501083             @ /work/harpy/src/solver/viscoplastic/VPSolver.cpp:634
  NL step  2, |residual|_2 = 4.115006e+06
  2 SNES Function norm 4.115005909497e+06
    Linear solve converged due to CONVERGED_RTOL iterations 112
# Info:     ____ Assembling poroelastic problem - total DoFs=501083             @ /work/harpy/src/solver/viscoplastic/VPSolver.cpp:634
  NL step  3, |residual|_2 = 4.750774e+05
  3 SNES Function norm 4.750774090623e+05
    Linear solve converged due to CONVERGED_RTOL iterations 116
# Info:     ____ Assembling poroelastic problem - total DoFs=501083             @ /work/harpy/src/solver/viscoplastic/VPSolver.cpp:634
  NL step  4, |residual|_2 = 5.676912e+04
  4 SNES Function norm 5.676911640691e+04
  Nonlinear solve converged due to CONVERGED_FNORM_RELATIVE iterations 4
# Info:     ____ Nonlinear solver converged (CONVERGED_FNORM_RELATIVE).         @ /work/harpy/src/solver/viscoplastic/VPSolver.cpp:610
# Info:     ____ System solved at nonlinear iteration 4 , final nonlinear residual norm: 56769.1     @ /work/harpy/src/solver/viscoplastic/VPSolver.cpp:560
# Info:     ====================================================                @ /work/harpy/src/timeloop/Timeloop.cpp:42
# Info:     Solving timestep 25 @ 505003s (dt=168341) ...                       @ /work/harpy/src/timeloop/Timeloop.cpp:43
# Info:     ____ Assembling poroelastic problem - total DoFs=501083             @ /work/harpy/src/solver/viscoplastic/VPSolver.cpp:634
  NL step  0, |residual|_2 = 3.214681e+10
  0 SNES Function norm 3.214681303123e+10
    Linear solve converged due to CONVERGED_RTOL iterations 114
# Info:     ____ Assembling poroelastic problem - total DoFs=501083             @ /work/harpy/src/solver/viscoplastic/VPSolver.cpp:634
  NL step  1, |residual|_2 = 4.841266e+07
  1 SNES Function norm 4.841266094227e+07
    Linear solve converged due to CONVERGED_RTOL iterations 116
# Info:     ____ Assembling poroelastic problem - total DoFs=501083             @ /work/harpy/src/solver/viscoplastic/VPSolver.cpp:634
  NL step  2, |residual|_2 = 1.780252e+07
  2 SNES Function norm 1.780252203179e+07
    Linear solve converged due to CONVERGED_RTOL iterations 122
# Info:     ____ Assembling poroelastic problem - total DoFs=501083             @ /work/harpy/src/solver/viscoplastic/VPSolver.cpp:634
  NL step  3, |residual|_2 = 2.483187e+06
  3 SNES Function norm 2.483187481994e+06
    Linear solve converged due to CONVERGED_RTOL iterations 116
# Info:     ____ Assembling poroelastic problem - total DoFs=501083             @ /work/harpy/src/solver/viscoplastic/VPSolver.cpp:634
  NL step  4, |residual|_2 = 3.590918e+05
  4 SNES Function norm 3.590918457271e+05
    Linear solve converged due to CONVERGED_RTOL iterations 114
# Info:     ____ Assembling poroelastic problem - total DoFs=501083             @ /work/harpy/src/solver/viscoplastic/VPSolver.cpp:634
  NL step  5, |residual|_2 = 7.708137e+04
  5 SNES Function norm 7.708136979669e+04
  Nonlinear solve converged due to CONVERGED_FNORM_RELATIVE iterations 5
# Info:     ____ Nonlinear solver converged (CONVERGED_FNORM_RELATIVE).         @ /work/harpy/src/solver/viscoplastic/VPSolver.cpp:610
# Info:     ____ System solved at nonlinear iteration 5 , final nonlinear residual norm: 77081.4     @ /work/harpy/src/solver/viscoplastic/VPSolver.cpp:560
# Info:     ====================================================                @ /work/harpy/src/timeloop/Timeloop.cpp:42
# Info:     Solving timestep 26 @ 757515s (dt=252512) ...                       @ /work/harpy/src/timeloop/Timeloop.cpp:43
# Info:     ____ Assembling poroelastic problem - total DoFs=501083             @ /work/harpy/src/solver/viscoplastic/VPSolver.cpp:634
  NL step  0, |residual|_2 = 1.877950e+10
  0 SNES Function norm 1.877949826229e+10
    Linear solve converged due to CONVERGED_RTOL iterations 116
# Info:     ____ Assembling poroelastic problem - total DoFs=501083             @ /work/harpy/src/solver/viscoplastic/VPSolver.cpp:634
  NL step  1, |residual|_2 = 4.164022e+07
  1 SNES Function norm 4.164022237481e+07
    Linear solve converged due to CONVERGED_RTOL iterations 114
# Info:     ____ Assembling poroelastic problem - total DoFs=501083             @ /work/harpy/src/solver/viscoplastic/VPSolver.cpp:634
  NL step  2, |residual|_2 = 1.264759e+07
  2 SNES Function norm 1.264759419351e+07
    Linear solve converged due to CONVERGED_RTOL iterations 116
# Info:     ____ Assembling poroelastic problem - total DoFs=501083             @ /work/harpy/src/solver/viscoplastic/VPSolver.cpp:634
  NL step  3, |residual|_2 = 3.574320e+06
  3 SNES Function norm 3.574320347733e+06
    Linear solve converged due to CONVERGED_RTOL iterations 110
# Info:     ____ Assembling poroelastic problem - total DoFs=501083             @ /work/harpy/src/solver/viscoplastic/VPSolver.cpp:634
  NL step  4, |residual|_2 = 6.793161e+05
  4 SNES Function norm 6.793160543917e+05
    Linear solve converged due to CONVERGED_RTOL iterations 114
# Info:     ____ Assembling poroelastic problem - total DoFs=501083             @ /work/harpy/src/solver/viscoplastic/VPSolver.cpp:634
  NL step  5, |residual|_2 = 2.478656e+05
  5 SNES Function norm 2.478656366888e+05
    Linear solve converged due to CONVERGED_RTOL iterations 116
# Info:     ____ Assembling poroelastic problem - total DoFs=501083             @ /work/harpy/src/solver/viscoplastic/VPSolver.cpp:634
  NL step  6, |residual|_2 = 6.563024e+04
  6 SNES Function norm 6.563023620978e+04
  Nonlinear solve converged due to CONVERGED_FNORM_RELATIVE iterations 6
# Info:     ____ Nonlinear solver converged (CONVERGED_FNORM_RELATIVE).         @ /work/harpy/src/solver/viscoplastic/VPSolver.cpp:610
# Info:     ____ System solved at nonlinear iteration 6 , final nonlinear residual norm: 65630.2     @ /work/harpy/src/solver/viscoplastic/VPSolver.cpp:560
# Info:     ====================================================                @ /work/harpy/src/timeloop/Timeloop.cpp:42
# Info:     Solving timestep 27 @ 1.13628e+06s (dt=378768) ...                  @ /work/harpy/src/timeloop/Timeloop.cpp:43
# Info:     ____ Assembling poroelastic problem - total DoFs=501083             @ /work/harpy/src/solver/viscoplastic/VPSolver.cpp:634
  NL step  0, |residual|_2 = 2.409959e+10
  0 SNES Function norm 2.409958516372e+10
    Linear solve converged due to CONVERGED_RTOL iterations 118
# Info:     ____ Assembling poroelastic problem - total DoFs=501083             @ /work/harpy/src/solver/viscoplastic/VPSolver.cpp:634
  NL step  1, |residual|_2 = 9.567219e+07
  1 SNES Function norm 9.567219167437e+07
    Linear solve converged due to CONVERGED_RTOL iterations 116
# Info:     ____ Assembling poroelastic problem - total DoFs=501083             @ /work/harpy/src/solver/viscoplastic/VPSolver.cpp:634
  NL step  2, |residual|_2 = 4.431150e+07
  2 SNES Function norm 4.431149881407e+07
    Linear solve converged due to CONVERGED_RTOL iterations 116
# Info:     ____ Assembling poroelastic problem - total DoFs=501083             @ /work/harpy/src/solver/viscoplastic/VPSolver.cpp:634
  NL step  3, |residual|_2 = 1.849042e+07
  3 SNES Function norm 1.849042383924e+07
    Linear solve converged due to CONVERGED_RTOL iterations 118
# Info:     ____ Assembling poroelastic problem - total DoFs=501083             @ /work/harpy/src/solver/viscoplastic/VPSolver.cpp:634
  NL step  4, |residual|_2 = 3.550520e+06
  4 SNES Function norm 3.550519881239e+06
    Linear solve converged due to CONVERGED_RTOL iterations 114
# Info:     ____ Assembling poroelastic problem - total DoFs=501083             @ /work/harpy/src/solver/viscoplastic/VPSolver.cpp:634
  NL step  5, |residual|_2 = 1.639749e+06
  5 SNES Function norm 1.639749264302e+06
    Linear solve converged due to CONVERGED_RTOL iterations 114
# Info:     ____ Assembling poroelastic problem - total DoFs=501083             @ /work/harpy/src/solver/viscoplastic/VPSolver.cpp:634
  NL step  6, |residual|_2 = 7.226671e+05
  6 SNES Function norm 7.226670915933e+05
    Linear solve converged due to CONVERGED_RTOL iterations 116
# Info:     ____ Assembling poroelastic problem - total DoFs=501083             @ /work/harpy/src/solver/viscoplastic/VPSolver.cpp:634
  NL step  7, |residual|_2 = 1.469255e+05
  7 SNES Function norm 1.469254500196e+05
  Nonlinear solve converged due to CONVERGED_FNORM_RELATIVE iterations 7
# Info:     ____ Nonlinear solver converged (CONVERGED_FNORM_RELATIVE).         @ /work/harpy/src/solver/viscoplastic/VPSolver.cpp:610
# Info:     ____ System solved at nonlinear iteration 7 , final nonlinear residual norm: 146925     @ /work/harpy/src/solver/viscoplastic/VPSolver.cpp:560
# Info:     ====================================================                @ /work/harpy/src/timeloop/Timeloop.cpp:42
# Info:     Solving timestep 28 @ 1.63628e+06s (dt=500000) ...                  @ /work/harpy/src/timeloop/Timeloop.cpp:43
# Info:     ____ Assembling poroelastic problem - total DoFs=501083             @ /work/harpy/src/solver/viscoplastic/VPSolver.cpp:634
  NL step  0, |residual|_2 = 4.654901e+10
  0 SNES Function norm 4.654901084426e+10
    Linear solve converged due to CONVERGED_RTOL iterations 120
# Info:     ____ Assembling poroelastic problem - total DoFs=501083             @ /work/harpy/src/solver/viscoplastic/VPSolver.cpp:634
  NL step  1, |residual|_2 = 1.681972e+08
  1 SNES Function norm 1.681971531149e+08
    Linear solve converged due to CONVERGED_RTOL iterations 116
# Info:     ____ Assembling poroelastic problem - total DoFs=501083             @ /work/harpy/src/solver/viscoplastic/VPSolver.cpp:634
  NL step  2, |residual|_2 = 1.488878e+08
  2 SNES Function norm 1.488877599708e+08
    Linear solve converged due to CONVERGED_RTOL iterations 122
# Info:     ____ Assembling poroelastic problem - total DoFs=501083             @ /work/harpy/src/solver/viscoplastic/VPSolver.cpp:634
  NL step  3, |residual|_2 = 7.190411e+07
  3 SNES Function norm 7.190411245134e+07
    Linear solve converged due to CONVERGED_RTOL iterations 114
# Info:     ____ Assembling poroelastic problem - total DoFs=501083             @ /work/harpy/src/solver/viscoplastic/VPSolver.cpp:634
  NL step  4, |residual|_2 = 1.654967e+07
  4 SNES Function norm 1.654966827592e+07
    Linear solve converged due to CONVERGED_RTOL iterations 116
# Info:     ____ Assembling poroelastic problem - total DoFs=501083             @ /work/harpy/src/solver/viscoplastic/VPSolver.cpp:634
  NL step  5, |residual|_2 = 6.350678e+06
  5 SNES Function norm 6.350677508375e+06
    Linear solve converged due to CONVERGED_RTOL iterations 114
# Info:     ____ Assembling poroelastic problem - total DoFs=501083             @ /work/harpy/src/solver/viscoplastic/VPSolver.cpp:634
  NL step  6, |residual|_2 = 4.006716e+06
  6 SNES Function norm 4.006716349768e+06
    Linear solve converged due to CONVERGED_RTOL iterations 118
# Info:     ____ Assembling poroelastic problem - total DoFs=501083             @ /work/harpy/src/solver/viscoplastic/VPSolver.cpp:634
  NL step  7, |residual|_2 = 2.037645e+06
  7 SNES Function norm 2.037645451447e+06
    Linear solve converged due to CONVERGED_RTOL iterations 116
# Info:     ____ Assembling poroelastic problem - total DoFs=501083             @ /work/harpy/src/solver/viscoplastic/VPSolver.cpp:634
  NL step  8, |residual|_2 = 1.680724e+06
  8 SNES Function norm 1.680723921692e+06
    Linear solve converged due to CONVERGED_RTOL iterations 114
# Info:     ____ Assembling poroelastic problem - total DoFs=501083             @ /work/harpy/src/solver/viscoplastic/VPSolver.cpp:634
  NL step  9, |residual|_2 = 7.374688e+05
  9 SNES Function norm 7.374688424559e+05
  Nonlinear solve did not converge due to DIVERGED_MAX_IT iterations 9
# Warn:     ____ Nonlinear solver diverged (DIVERGED_MAX_IT). Cutting timestep.     @ /work/harpy/src/solver/viscoplastic/VPSolver.cpp:615
# Info:     ====================================================                @ /work/harpy/src/timeloop/Timeloop.cpp:42
# Info:     Solving timestep 28 @ 1.46962e+06s (dt=333333) ...                  @ /work/harpy/src/timeloop/Timeloop.cpp:43
# Info:     ____ Assembling poroelastic problem - total DoFs=501083             @ /work/harpy/src/solver/viscoplastic/VPSolver.cpp:634
  NL step  0, |residual|_2 = 2.971339e+10
  0 SNES Function norm 2.971338693911e+10
    Linear solve converged due to CONVERGED_RTOL iterations 114
# Info:     ____ Assembling poroelastic problem - total DoFs=501083             @ /work/harpy/src/solver/viscoplastic/VPSolver.cpp:634
  NL step  1, |residual|_2 = 7.315021e+07
  1 SNES Function norm 7.315020732295e+07
    Linear solve converged due to CONVERGED_RTOL iterations 118
# Info:     ____ Assembling poroelastic problem - total DoFs=501083             @ /work/harpy/src/solver/viscoplastic/VPSolver.cpp:634
  NL step  2, |residual|_2 = 3.812343e+07
  2 SNES Function norm 3.812342987554e+07
    Linear solve converged due to CONVERGED_RTOL iterations 118
# Info:     ____ Assembling poroelastic problem - total DoFs=501083             @ /work/harpy/src/solver/viscoplastic/VPSolver.cpp:634
  NL step  3, |residual|_2 = 1.255433e+07
  3 SNES Function norm 1.255433054482e+07
    Linear solve converged due to CONVERGED_RTOL iterations 114
# Info:     ____ Assembling poroelastic problem - total DoFs=501083             @ /work/harpy/src/solver/viscoplastic/VPSolver.cpp:634
  NL step  4, |residual|_2 = 2.170334e+06
  4 SNES Function norm 2.170333796397e+06
    Linear solve converged due to CONVERGED_RTOL iterations 110
# Info:     ____ Assembling poroelastic problem - total DoFs=501083             @ /work/harpy/src/solver/viscoplastic/VPSolver.cpp:634
  NL step  5, |residual|_2 = 4.826389e+05
  5 SNES Function norm 4.826389170461e+05
    Linear solve converged due to CONVERGED_RTOL iterations 114
# Info:     ____ Assembling poroelastic problem - total DoFs=501083             @ /work/harpy/src/solver/viscoplastic/VPSolver.cpp:634
  NL step  6, |residual|_2 = 1.763419e+05
  6 SNES Function norm 1.763419091512e+05
  Nonlinear solve converged due to CONVERGED_FNORM_RELATIVE iterations 6
# Info:     ____ Nonlinear solver converged (CONVERGED_FNORM_RELATIVE).         @ /work/harpy/src/solver/viscoplastic/VPSolver.cpp:610
# Info:     ____ System solved at nonlinear iteration 6 , final nonlinear residual norm: 176342     @ /work/harpy/src/solver/viscoplastic/VPSolver.cpp:560
# Info:     ====================================================                @ /work/harpy/src/timeloop/Timeloop.cpp:42
# Info:     Solving timestep 29 @ 1.80295e+06s (dt=333333) ...                  @ /work/harpy/src/timeloop/Timeloop.cpp:43
# Info:     ____ Assembling poroelastic problem - total DoFs=501083             @ /work/harpy/src/solver/viscoplastic/VPSolver.cpp:634
  NL step  0, |residual|_2 = 1.695464e+10
  0 SNES Function norm 1.695464487814e+10
    Linear solve converged due to CONVERGED_RTOL iterations 116
# Info:     ____ Assembling poroelastic problem - total DoFs=501083             @ /work/harpy/src/solver/viscoplastic/VPSolver.cpp:634
  NL step  1, |residual|_2 = 7.355244e+07
  1 SNES Function norm 7.355243996702e+07
    Linear solve converged due to CONVERGED_RTOL iterations 120
# Info:     ____ Assembling poroelastic problem - total DoFs=501083             @ /work/harpy/src/solver/viscoplastic/VPSolver.cpp:634
  NL step  2, |residual|_2 = 2.992292e+07
  2 SNES Function norm 2.992291928270e+07
    Linear solve converged due to CONVERGED_RTOL iterations 116
# Info:     ____ Assembling poroelastic problem - total DoFs=501083             @ /work/harpy/src/solver/viscoplastic/VPSolver.cpp:634
  NL step  3, |residual|_2 = 1.050030e+07
  3 SNES Function norm 1.050030052967e+07
    Linear solve converged due to CONVERGED_RTOL iterations 118
# Info:     ____ Assembling poroelastic problem - total DoFs=501083             @ /work/harpy/src/solver/viscoplastic/VPSolver.cpp:634
  NL step  4, |residual|_2 = 1.946137e+06
  4 SNES Function norm 1.946137484835e+06
    Linear solve converged due to CONVERGED_RTOL iterations 114
# Info:     ____ Assembling poroelastic problem - total DoFs=501083             @ /work/harpy/src/solver/viscoplastic/VPSolver.cpp:634
  NL step  5, |residual|_2 = 2.211367e+05
  5 SNES Function norm 2.211366741310e+05
    Linear solve converged due to CONVERGED_RTOL iterations 120
# Info:     ____ Assembling poroelastic problem - total DoFs=501083             @ /work/harpy/src/solver/viscoplastic/VPSolver.cpp:634
  NL step  6, |residual|_2 = 9.629328e+04
  6 SNES Function norm 9.629327517282e+04
  Nonlinear solve converged due to CONVERGED_FNORM_RELATIVE iterations 6
# Info:     ____ Nonlinear solver converged (CONVERGED_FNORM_RELATIVE).         @ /work/harpy/src/solver/viscoplastic/VPSolver.cpp:610
# Info:     ____ System solved at nonlinear iteration 6 , final nonlinear residual norm: 96293.3     @ /work/harpy/src/solver/viscoplastic/VPSolver.cpp:560
# Info:     ====================================================                @ /work/harpy/src/timeloop/Timeloop.cpp:42
# Info:     Solving timestep 30 @ 2.13628e+06s (dt=333333) ...                  @ /work/harpy/src/timeloop/Timeloop.cpp:43
# Info:     ____ Assembling poroelastic problem - total DoFs=501083             @ /work/harpy/src/solver/viscoplastic/VPSolver.cpp:634
  NL step  0, |residual|_2 = 1.823719e+10
  0 SNES Function norm 1.823718905576e+10
    Linear solve converged due to CONVERGED_RTOL iterations 116
# Info:     ____ Assembling poroelastic problem - total DoFs=501083             @ /work/harpy/src/solver/viscoplastic/VPSolver.cpp:634
  NL step  1, |residual|_2 = 7.404910e+07
  1 SNES Function norm 7.404910368169e+07
    Linear solve converged due to CONVERGED_RTOL iterations 116
# Info:     ____ Assembling poroelastic problem - total DoFs=501083             @ /work/harpy/src/solver/viscoplastic/VPSolver.cpp:634
  NL step  2, |residual|_2 = 2.943095e+07
  2 SNES Function norm 2.943095132867e+07
    Linear solve converged due to CONVERGED_RTOL iterations 116
# Info:     ____ Assembling poroelastic problem - total DoFs=501083             @ /work/harpy/src/solver/viscoplastic/VPSolver.cpp:634
  NL step  3, |residual|_2 = 1.036065e+07
  3 SNES Function norm 1.036065076998e+07
    Linear solve converged due to CONVERGED_RTOL iterations 114
# Info:     ____ Assembling poroelastic problem - total DoFs=501083             @ /work/harpy/src/solver/viscoplastic/VPSolver.cpp:634
  NL step  4, |residual|_2 = 1.934928e+06
  4 SNES Function norm 1.934928061026e+06
    Linear solve converged due to CONVERGED_RTOL iterations 112
# Info:     ____ Assembling poroelastic problem - total DoFs=501083             @ /work/harpy/src/solver/viscoplastic/VPSolver.cpp:634
  NL step  5, |residual|_2 = 1.850530e+05
  5 SNES Function norm 1.850529536005e+05
    Linear solve converged due to CONVERGED_RTOL iterations 114
# Info:     ____ Assembling poroelastic problem - total DoFs=501083             @ /work/harpy/src/solver/viscoplastic/VPSolver.cpp:634
  NL step  6, |residual|_2 = 7.416049e+04
  6 SNES Function norm 7.416049196602e+04
  Nonlinear solve converged due to CONVERGED_FNORM_RELATIVE iterations 6
# Info:     ____ Nonlinear solver converged (CONVERGED_FNORM_RELATIVE).         @ /work/harpy/src/solver/viscoplastic/VPSolver.cpp:610
# Info:     ____ System solved at nonlinear iteration 6 , final nonlinear residual norm: 74160.5     @ /work/harpy/src/solver/viscoplastic/VPSolver.cpp:560
# Info:     ====================================================                @ /work/harpy/src/timeloop/Timeloop.cpp:42
# Info:     Solving timestep 31 @ 2.46962e+06s (dt=333333) ...                  @ /work/harpy/src/timeloop/Timeloop.cpp:43
# Info:     ____ Assembling poroelastic problem - total DoFs=501083             @ /work/harpy/src/solver/viscoplastic/VPSolver.cpp:634
  NL step  0, |residual|_2 = 1.944460e+10
  0 SNES Function norm 1.944460004773e+10
    Linear solve converged due to CONVERGED_RTOL iterations 118
# Info:     ____ Assembling poroelastic problem - total DoFs=501083             @ /work/harpy/src/solver/viscoplastic/VPSolver.cpp:634
  NL step  1, |residual|_2 = 7.742900e+07
  1 SNES Function norm 7.742899838739e+07
    Linear solve converged due to CONVERGED_RTOL iterations 118
# Info:     ____ Assembling poroelastic problem - total DoFs=501083             @ /work/harpy/src/solver/viscoplastic/VPSolver.cpp:634
  NL step  2, |residual|_2 = 2.828914e+07
  2 SNES Function norm 2.828913569021e+07
    Linear solve converged due to CONVERGED_RTOL iterations 116
# Info:     ____ Assembling poroelastic problem - total DoFs=501083             @ /work/harpy/src/solver/viscoplastic/VPSolver.cpp:634
  NL step  3, |residual|_2 = 9.971244e+06
  3 SNES Function norm 9.971244080610e+06
    Linear solve converged due to CONVERGED_RTOL iterations 118
# Info:     ____ Assembling poroelastic problem - total DoFs=501083             @ /work/harpy/src/solver/viscoplastic/VPSolver.cpp:634
  NL step  4, |residual|_2 = 1.885383e+06
  4 SNES Function norm 1.885382514788e+06
    Linear solve converged due to CONVERGED_RTOL iterations 114
# Info:     ____ Assembling poroelastic problem - total DoFs=501083             @ /work/harpy/src/solver/viscoplastic/VPSolver.cpp:634
  NL step  5, |residual|_2 = 1.842612e+05
  5 SNES Function norm 1.842611519607e+05
  Nonlinear solve converged due to CONVERGED_FNORM_RELATIVE iterations 5
# Info:     ____ Nonlinear solver converged (CONVERGED_FNORM_RELATIVE).         @ /work/harpy/src/solver/viscoplastic/VPSolver.cpp:610
# Info:     ____ System solved at nonlinear iteration 5 , final nonlinear residual norm: 184261     @ /work/harpy/src/solver/viscoplastic/VPSolver.cpp:560
# Info:     ====================================================                @ /work/harpy/src/timeloop/Timeloop.cpp:42
# Info:     Solving timestep 32 @ 2.96962e+06s (dt=500000) ...                  @ /work/harpy/src/timeloop/Timeloop.cpp:43
# Info:     ____ Assembling poroelastic problem - total DoFs=501083             @ /work/harpy/src/solver/viscoplastic/VPSolver.cpp:634
  NL step  0, |residual|_2 = 2.068781e+10
  0 SNES Function norm 2.068781155597e+10
    Linear solve converged due to CONVERGED_RTOL iterations 118
# Info:     ____ Assembling poroelastic problem - total DoFs=501083             @ /work/harpy/src/solver/viscoplastic/VPSolver.cpp:634
  NL step  1, |residual|_2 = 1.853543e+08
  1 SNES Function norm 1.853542858800e+08
    Linear solve converged due to CONVERGED_RTOL iterations 128
# Info:     ____ Assembling poroelastic problem - total DoFs=501083             @ /work/harpy/src/solver/viscoplastic/VPSolver.cpp:634
  NL step  2, |residual|_2 = 8.344345e+07
  2 SNES Function norm 8.344345289903e+07
    Linear solve converged due to CONVERGED_RTOL iterations 120
# Info:     ____ Assembling poroelastic problem - total DoFs=501083             @ /work/harpy/src/solver/viscoplastic/VPSolver.cpp:634
  NL step  3, |residual|_2 = 4.855676e+07
  3 SNES Function norm 4.855675866751e+07
    Linear solve converged due to CONVERGED_RTOL iterations 122
# Info:     ____ Assembling poroelastic problem - total DoFs=501083             @ /work/harpy/src/solver/viscoplastic/VPSolver.cpp:634
  NL step  4, |residual|_2 = 1.376673e+07
  4 SNES Function norm 1.376672756297e+07
    Linear solve converged due to CONVERGED_RTOL iterations 116
# Info:     ____ Assembling poroelastic problem - total DoFs=501083             @ /work/harpy/src/solver/viscoplastic/VPSolver.cpp:634
  NL step  5, |residual|_2 = 2.144997e+06
  5 SNES Function norm 2.144997290797e+06
    Linear solve converged due to CONVERGED_RTOL iterations 118
# Info:     ____ Assembling poroelastic problem - total DoFs=501083             @ /work/harpy/src/solver/viscoplastic/VPSolver.cpp:634
  NL step  6, |residual|_2 = 1.715719e+06
  6 SNES Function norm 1.715718902965e+06
    Linear solve converged due to CONVERGED_RTOL iterations 122
# Info:     ____ Assembling poroelastic problem - total DoFs=501083             @ /work/harpy/src/solver/viscoplastic/VPSolver.cpp:634
  NL step  7, |residual|_2 = 2.552203e+05
  7 SNES Function norm 2.552202959452e+05
    Linear solve converged due to CONVERGED_RTOL iterations 130
# Info:     ____ Assembling poroelastic problem - total DoFs=501083             @ /work/harpy/src/solver/viscoplastic/VPSolver.cpp:634
  NL step  8, |residual|_2 = 5.606849e+05
  8 SNES Function norm 5.606848537212e+05
    Linear solve converged due to CONVERGED_RTOL iterations 116
# Info:     ____ Assembling poroelastic problem - total DoFs=501083             @ /work/harpy/src/solver/viscoplastic/VPSolver.cpp:634
  NL step  9, |residual|_2 = 3.128299e+05
  9 SNES Function norm 3.128298883176e+05
  Nonlinear solve did not converge due to DIVERGED_MAX_IT iterations 9
# Warn:     ____ Nonlinear solver diverged (DIVERGED_MAX_IT). Cutting timestep.     @ /work/harpy/src/solver/viscoplastic/VPSolver.cpp:615
# Info:     ====================================================                @ /work/harpy/src/timeloop/Timeloop.cpp:42
# Info:     Solving timestep 32 @ 2.80295e+06s (dt=333333) ...                  @ /work/harpy/src/timeloop/Timeloop.cpp:43
# Info:     ____ Assembling poroelastic problem - total DoFs=501083             @ /work/harpy/src/solver/viscoplastic/VPSolver.cpp:634
  NL step  0, |residual|_2 = 5.358469e+08
  0 SNES Function norm 5.358468774413e+08
    Linear solve converged due to CONVERGED_RTOL iterations 116
# Info:     ____ Assembling poroelastic problem - total DoFs=501083             @ /work/harpy/src/solver/viscoplastic/VPSolver.cpp:634
  NL step  1, |residual|_2 = 8.137470e+07
  1 SNES Function norm 8.137469846825e+07
    Linear solve converged due to CONVERGED_RTOL iterations 116
# Info:     ____ Assembling poroelastic problem - total DoFs=501083             @ /work/harpy/src/solver/viscoplastic/VPSolver.cpp:634
  NL step  2, |residual|_2 = 1.511396e+07
  2 SNES Function norm 1.511395865493e+07
    Linear solve converged due to CONVERGED_RTOL iterations 116
# Info:     ____ Assembling poroelastic problem - total DoFs=501083             @ /work/harpy/src/solver/viscoplastic/VPSolver.cpp:634
  NL step  3, |residual|_2 = 7.033138e+06
  3 SNES Function norm 7.033138189393e+06
    Linear solve converged due to CONVERGED_RTOL iterations 116
# Info:     ____ Assembling poroelastic problem - total DoFs=501083             @ /work/harpy/src/solver/viscoplastic/VPSolver.cpp:634
  NL step  4, |residual|_2 = 1.724272e+06
  4 SNES Function norm 1.724271933929e+06
    Linear solve converged due to CONVERGED_RTOL iterations 114
# Info:     ____ Assembling poroelastic problem - total DoFs=501083             @ /work/harpy/src/solver/viscoplastic/VPSolver.cpp:634
  NL step  5, |residual|_2 = 2.399146e+05
  5 SNES Function norm 2.399146463662e+05
    Linear solve converged due to CONVERGED_RTOL iterations 118
# Info:     ____ Assembling poroelastic problem - total DoFs=501083             @ /work/harpy/src/solver/viscoplastic/VPSolver.cpp:634
  NL step  6, |residual|_2 = 7.646467e+04
  6 SNES Function norm 7.646467024568e+04
    Linear solve converged due to CONVERGED_RTOL iterations 118
# Info:     ____ Assembling poroelastic problem - total DoFs=501083             @ /work/harpy/src/solver/viscoplastic/VPSolver.cpp:634
  NL step  7, |residual|_2 = 1.462268e+04
  7 SNES Function norm 1.462267984008e+04
    Linear solve converged due to CONVERGED_RTOL iterations 118
# Info:     ____ Assembling poroelastic problem - total DoFs=501083             @ /work/harpy/src/solver/viscoplastic/VPSolver.cpp:634
  NL step  8, |residual|_2 = 7.478735e+03
  8 SNES Function norm 7.478735110299e+03
    Linear solve converged due to CONVERGED_RTOL iterations 120
# Info:     ____ Assembling poroelastic problem - total DoFs=501083             @ /work/harpy/src/solver/viscoplastic/VPSolver.cpp:634
  NL step  9, |residual|_2 = 4.297150e+03
  9 SNES Function norm 4.297149778442e+03
  Nonlinear solve converged due to CONVERGED_FNORM_RELATIVE iterations 9
# Info:     ____ Nonlinear solver converged (CONVERGED_FNORM_RELATIVE).         @ /work/harpy/src/solver/viscoplastic/VPSolver.cpp:610
# Info:     ____ System solved at nonlinear iteration 9 , final nonlinear residual norm: 4297.15     @ /work/harpy/src/solver/viscoplastic/VPSolver.cpp:560
# Info:     ====================================================                @ /work/harpy/src/timeloop/Timeloop.cpp:42
# Info:     Solving timestep 33 @ 3.13628e+06s (dt=333333) ...                  @ /work/harpy/src/timeloop/Timeloop.cpp:43
# Info:     ____ Assembling poroelastic problem - total DoFs=501083             @ /work/harpy/src/solver/viscoplastic/VPSolver.cpp:634
  NL step  0, |residual|_2 = 2.054318e+10
  0 SNES Function norm 2.054318473144e+10
    Linear solve converged due to CONVERGED_RTOL iterations 116
# Info:     ____ Assembling poroelastic problem - total DoFs=501083             @ /work/harpy/src/solver/viscoplastic/VPSolver.cpp:634
  NL step  1, |residual|_2 = 8.217569e+07
  1 SNES Function norm 8.217569084129e+07
    Linear solve converged due to CONVERGED_RTOL iterations 116
# Info:     ____ Assembling poroelastic problem - total DoFs=501083             @ /work/harpy/src/solver/viscoplastic/VPSolver.cpp:634
  NL step  2, |residual|_2 = 2.570904e+07
  2 SNES Function norm 2.570904140250e+07
    Linear solve converged due to CONVERGED_RTOL iterations 116
# Info:     ____ Assembling poroelastic problem - total DoFs=501083             @ /work/harpy/src/solver/viscoplastic/VPSolver.cpp:634
  NL step  3, |residual|_2 = 9.380239e+06
  3 SNES Function norm 9.380239026872e+06
    Linear solve converged due to CONVERGED_RTOL iterations 116
# Info:     ____ Assembling poroelastic problem - total DoFs=501083             @ /work/harpy/src/solver/viscoplastic/VPSolver.cpp:634
  NL step  4, |residual|_2 = 1.798490e+06
  4 SNES Function norm 1.798489503380e+06
    Linear solve converged due to CONVERGED_RTOL iterations 114
# Info:     ____ Assembling poroelastic problem - total DoFs=501083             @ /work/harpy/src/solver/viscoplastic/VPSolver.cpp:634
  NL step  5, |residual|_2 = 1.681359e+05
  5 SNES Function norm 1.681358685068e+05
  Nonlinear solve converged due to CONVERGED_FNORM_RELATIVE iterations 5
# Info:     ____ Nonlinear solver converged (CONVERGED_FNORM_RELATIVE).         @ /work/harpy/src/solver/viscoplastic/VPSolver.cpp:610
# Info:     ____ System solved at nonlinear iteration 5 , final nonlinear residual norm: 168136     @ /work/harpy/src/solver/viscoplastic/VPSolver.cpp:560
# Info:     ====================================================                @ /work/harpy/src/timeloop/Timeloop.cpp:42
# Info:     Solving timestep 34 @ 3.46962e+06s (dt=333333) ...                  @ /work/harpy/src/timeloop/Timeloop.cpp:43
# Info:     ____ Assembling poroelastic problem - total DoFs=501083             @ /work/harpy/src/solver/viscoplastic/VPSolver.cpp:634
  NL step  0, |residual|_2 = 2.152509e+10
  0 SNES Function norm 2.152508573836e+10
    Linear solve converged due to CONVERGED_RTOL iterations 118
# Info:     ____ Assembling poroelastic problem - total DoFs=501083             @ /work/harpy/src/solver/viscoplastic/VPSolver.cpp:634
  NL step  1, |residual|_2 = 8.951218e+07
  1 SNES Function norm 8.951218368913e+07
    Linear solve converged due to CONVERGED_RTOL iterations 116
# Info:     ____ Assembling poroelastic problem - total DoFs=501083             @ /work/harpy/src/solver/viscoplastic/VPSolver.cpp:634
  NL step  2, |residual|_2 = 2.372243e+07
  2 SNES Function norm 2.372243179156e+07
    Linear solve converged due to CONVERGED_RTOL iterations 114
# Info:     ____ Assembling poroelastic problem - total DoFs=501083             @ /work/harpy/src/solver/viscoplastic/VPSolver.cpp:634
  NL step  3, |residual|_2 = 8.570854e+06
  3 SNES Function norm 8.570853669464e+06
    Linear solve converged due to CONVERGED_RTOL iterations 118
# Info:     ____ Assembling poroelastic problem - total DoFs=501083             @ /work/harpy/src/solver/viscoplastic/VPSolver.cpp:634
  NL step  4, |residual|_2 = 1.635728e+06
  4 SNES Function norm 1.635728128667e+06
    Linear solve converged due to CONVERGED_RTOL iterations 116
# Info:     ____ Assembling poroelastic problem - total DoFs=501083             @ /work/harpy/src/solver/viscoplastic/VPSolver.cpp:634
  NL step  5, |residual|_2 = 1.680476e+05
  5 SNES Function norm 1.680476272688e+05
  Nonlinear solve converged due to CONVERGED_FNORM_RELATIVE iterations 5
# Info:     ____ Nonlinear solver converged (CONVERGED_FNORM_RELATIVE).         @ /work/harpy/src/solver/viscoplastic/VPSolver.cpp:610
# Info:     ____ System solved at nonlinear iteration 5 , final nonlinear residual norm: 168048     @ /work/harpy/src/solver/viscoplastic/VPSolver.cpp:560
# Info:     ====================================================                @ /work/harpy/src/timeloop/Timeloop.cpp:42
# Info:     Solving timestep 35 @ 3.80295e+06s (dt=333333) ...                  @ /work/harpy/src/timeloop/Timeloop.cpp:43
# Info:     ____ Assembling poroelastic problem - total DoFs=501083             @ /work/harpy/src/solver/viscoplastic/VPSolver.cpp:634
  NL step  0, |residual|_2 = 6.456070e+08
  0 SNES Function norm 6.456069799407e+08
    Linear solve converged due to CONVERGED_RTOL iterations 116
# Info:     ____ Assembling poroelastic problem - total DoFs=501083             @ /work/harpy/src/solver/viscoplastic/VPSolver.cpp:634
  NL step  1, |residual|_2 = 9.467121e+07
  1 SNES Function norm 9.467120946190e+07
    Linear solve converged due to CONVERGED_RTOL iterations 114
# Info:     ____ Assembling poroelastic problem - total DoFs=501083             @ /work/harpy/src/solver/viscoplastic/VPSolver.cpp:634
  NL step  2, |residual|_2 = 1.052858e+07
  2 SNES Function norm 1.052858127388e+07
    Linear solve converged due to CONVERGED_RTOL iterations 116
# Info:     ____ Assembling poroelastic problem - total DoFs=501083             @ /work/harpy/src/solver/viscoplastic/VPSolver.cpp:634
  NL step  3, |residual|_2 = 5.498477e+06
  3 SNES Function norm 5.498477494393e+06
    Linear solve converged due to CONVERGED_RTOL iterations 114
# Info:     ____ Assembling poroelastic problem - total DoFs=501083             @ /work/harpy/src/solver/viscoplastic/VPSolver.cpp:634
  NL step  4, |residual|_2 = 1.400120e+06
  4 SNES Function norm 1.400119772821e+06
    Linear solve converged due to CONVERGED_RTOL iterations 114
# Info:     ____ Assembling poroelastic problem - total DoFs=501083             @ /work/harpy/src/solver/viscoplastic/VPSolver.cpp:634
  NL step  5, |residual|_2 = 2.139874e+05
  5 SNES Function norm 2.139873549434e+05
    Linear solve converged due to CONVERGED_RTOL iterations 124
# Info:     ____ Assembling poroelastic problem - total DoFs=501083             @ /work/harpy/src/solver/viscoplastic/VPSolver.cpp:634
  NL step  6, |residual|_2 = 7.143975e+04
  6 SNES Function norm 7.143974773014e+04
    Linear solve converged due to CONVERGED_RTOL iterations 114
# Info:     ____ Assembling poroelastic problem - total DoFs=501083             @ /work/harpy/src/solver/viscoplastic/VPSolver.cpp:634
  NL step  7, |residual|_2 = 1.395489e+04
  7 SNES Function norm 1.395488940450e+04
    Linear solve converged due to CONVERGED_RTOL iterations 116
# Info:     ____ Assembling poroelastic problem - total DoFs=501083             @ /work/harpy/src/solver/viscoplastic/VPSolver.cpp:634
  NL step  8, |residual|_2 = 6.756945e+03
  8 SNES Function norm 6.756944512024e+03
    Linear solve converged due to CONVERGED_RTOL iterations 116
# Info:     ____ Assembling poroelastic problem - total DoFs=501083             @ /work/harpy/src/solver/viscoplastic/VPSolver.cpp:634
  NL step  9, |residual|_2 = 3.638258e+03
  9 SNES Function norm 3.638258055633e+03
  Nonlinear solve converged due to CONVERGED_FNORM_RELATIVE iterations 9
# Info:     ____ Nonlinear solver converged (CONVERGED_FNORM_RELATIVE).         @ /work/harpy/src/solver/viscoplastic/VPSolver.cpp:610
# Info:     ____ System solved at nonlinear iteration 9 , final nonlinear residual norm: 3638.26     @ /work/harpy/src/solver/viscoplastic/VPSolver.cpp:560
# Info:     ====================================================                @ /work/harpy/src/timeloop/Timeloop.cpp:42
# Info:     Solving timestep 36 @ 4.30295e+06s (dt=500000) ...                  @ /work/harpy/src/timeloop/Timeloop.cpp:43
# Info:     ____ Assembling poroelastic problem - total DoFs=501083             @ /work/harpy/src/solver/viscoplastic/VPSolver.cpp:634
  NL step  0, |residual|_2 = 2.260730e+10
  0 SNES Function norm 2.260730033842e+10
    Linear solve converged due to CONVERGED_RTOL iterations 118
# Info:     ____ Assembling poroelastic problem - total DoFs=501083             @ /work/harpy/src/solver/viscoplastic/VPSolver.cpp:634
  NL step  1, |residual|_2 = 2.142644e+08
  1 SNES Function norm 2.142643793889e+08
    Linear solve converged due to CONVERGED_RTOL iterations 116
# Info:     ____ Assembling poroelastic problem - total DoFs=501083             @ /work/harpy/src/solver/viscoplastic/VPSolver.cpp:634
  NL step  2, |residual|_2 = 6.183790e+07
  2 SNES Function norm 6.183789566473e+07
    Linear solve converged due to CONVERGED_RTOL iterations 120
# Info:     ____ Assembling poroelastic problem - total DoFs=501083             @ /work/harpy/src/solver/viscoplastic/VPSolver.cpp:634
  NL step  3, |residual|_2 = 3.956309e+07
  3 SNES Function norm 3.956309246517e+07
    Linear solve converged due to CONVERGED_RTOL iterations 118
# Info:     ____ Assembling poroelastic problem - total DoFs=501083             @ /work/harpy/src/solver/viscoplastic/VPSolver.cpp:634
  NL step  4, |residual|_2 = 1.143522e+07
  4 SNES Function norm 1.143522420503e+07
    Linear solve converged due to CONVERGED_RTOL iterations 118
# Info:     ____ Assembling poroelastic problem - total DoFs=501083             @ /work/harpy/src/solver/viscoplastic/VPSolver.cpp:634
  NL step  5, |residual|_2 = 1.825644e+06
  5 SNES Function norm 1.825643814269e+06
    Linear solve converged due to CONVERGED_RTOL iterations 118
# Info:     ____ Assembling poroelastic problem - total DoFs=501083             @ /work/harpy/src/solver/viscoplastic/VPSolver.cpp:634
  NL step  6, |residual|_2 = 1.640157e+06
  6 SNES Function norm 1.640156689695e+06
    Linear solve converged due to CONVERGED_RTOL iterations 120
# Info:     ____ Assembling poroelastic problem - total DoFs=501083             @ /work/harpy/src/solver/viscoplastic/VPSolver.cpp:634
  NL step  7, |residual|_2 = 3.024861e+05
  7 SNES Function norm 3.024860786527e+05
    Linear solve converged due to CONVERGED_RTOL iterations 120
# Info:     ____ Assembling poroelastic problem - total DoFs=501083             @ /work/harpy/src/solver/viscoplastic/VPSolver.cpp:634
  NL step  8, |residual|_2 = 5.299194e+05
  8 SNES Function norm 5.299194274709e+05
    Linear solve converged due to CONVERGED_RTOL iterations 116
# Info:     ____ Assembling poroelastic problem - total DoFs=501083             @ /work/harpy/src/solver/viscoplastic/VPSolver.cpp:634
  NL step  9, |residual|_2 = 3.272379e+05
  9 SNES Function norm 3.272379455359e+05
  Nonlinear solve did not converge due to DIVERGED_MAX_IT iterations 9
# Warn:     ____ Nonlinear solver diverged (DIVERGED_MAX_IT). Cutting timestep.     @ /work/harpy/src/solver/viscoplastic/VPSolver.cpp:615
# Info:     ====================================================                @ /work/harpy/src/timeloop/Timeloop.cpp:42
# Info:     Solving timestep 36 @ 4.13628e+06s (dt=333333) ...                  @ /work/harpy/src/timeloop/Timeloop.cpp:43
# Info:     ____ Assembling poroelastic problem - total DoFs=501083             @ /work/harpy/src/solver/viscoplastic/VPSolver.cpp:634
  NL step  0, |residual|_2 = 2.238542e+10
  0 SNES Function norm 2.238541687772e+10
    Linear solve converged due to CONVERGED_RTOL iterations 118
# Info:     ____ Assembling poroelastic problem - total DoFs=501083             @ /work/harpy/src/solver/viscoplastic/VPSolver.cpp:634
  NL step  1, |residual|_2 = 9.595077e+07
  1 SNES Function norm 9.595077171041e+07
    Linear solve converged due to CONVERGED_RTOL iterations 114
# Info:     ____ Assembling poroelastic problem - total DoFs=501083             @ /work/harpy/src/solver/viscoplastic/VPSolver.cpp:634
  NL step  2, |residual|_2 = 2.152921e+07
  2 SNES Function norm 2.152921477886e+07
    Linear solve converged due to CONVERGED_RTOL iterations 116
# Info:     ____ Assembling poroelastic problem - total DoFs=501083             @ /work/harpy/src/solver/viscoplastic/VPSolver.cpp:634
  NL step  3, |residual|_2 = 7.854544e+06
  3 SNES Function norm 7.854543881482e+06
    Linear solve converged due to CONVERGED_RTOL iterations 114
# Info:     ____ Assembling poroelastic problem - total DoFs=501083             @ /work/harpy/src/solver/viscoplastic/VPSolver.cpp:634
  NL step  4, |residual|_2 = 1.484208e+06
  4 SNES Function norm 1.484207598456e+06
    Linear solve converged due to CONVERGED_RTOL iterations 114
# Info:     ____ Assembling poroelastic problem - total DoFs=501083             @ /work/harpy/src/solver/viscoplastic/VPSolver.cpp:634
  NL step  5, |residual|_2 = 1.511029e+05
  5 SNES Function norm 1.511028736619e+05
  Nonlinear solve converged due to CONVERGED_FNORM_RELATIVE iterations 5
# Info:     ____ Nonlinear solver converged (CONVERGED_FNORM_RELATIVE).         @ /work/harpy/src/solver/viscoplastic/VPSolver.cpp:610
# Info:     ____ System solved at nonlinear iteration 5 , final nonlinear residual norm: 151103     @ /work/harpy/src/solver/viscoplastic/VPSolver.cpp:560
# Info:     ====================================================                @ /work/harpy/src/timeloop/Timeloop.cpp:42
# Info:     Solving timestep 37 @ 4.46962e+06s (dt=333333) ...                  @ /work/harpy/src/timeloop/Timeloop.cpp:43
# Info:     ____ Assembling poroelastic problem - total DoFs=501083             @ /work/harpy/src/solver/viscoplastic/VPSolver.cpp:634
  NL step  0, |residual|_2 = 6.927033e+08
  0 SNES Function norm 6.927033127890e+08
    Linear solve converged due to CONVERGED_RTOL iterations 118
# Info:     ____ Assembling poroelastic problem - total DoFs=501083             @ /work/harpy/src/solver/viscoplastic/VPSolver.cpp:634
  NL step  1, |residual|_2 = 1.009513e+08
  1 SNES Function norm 1.009513022807e+08
    Linear solve converged due to CONVERGED_RTOL iterations 116
# Info:     ____ Assembling poroelastic problem - total DoFs=501083             @ /work/harpy/src/solver/viscoplastic/VPSolver.cpp:634
  NL step  2, |residual|_2 = 8.842990e+06
  2 SNES Function norm 8.842989835751e+06
    Linear solve converged due to CONVERGED_RTOL iterations 118
# Info:     ____ Assembling poroelastic problem - total DoFs=501083             @ /work/harpy/src/solver/viscoplastic/VPSolver.cpp:634
  NL step  3, |residual|_2 = 4.770370e+06
  3 SNES Function norm 4.770369546740e+06
    Linear solve converged due to CONVERGED_RTOL iterations 120
# Info:     ____ Assembling poroelastic problem - total DoFs=501083             @ /work/harpy/src/solver/viscoplastic/VPSolver.cpp:634
  NL step  4, |residual|_2 = 1.239424e+06
  4 SNES Function norm 1.239423767460e+06
    Linear solve converged due to CONVERGED_RTOL iterations 112
# Info:     ____ Assembling poroelastic problem - total DoFs=501083             @ /work/harpy/src/solver/viscoplastic/VPSolver.cpp:634
  NL step  5, |residual|_2 = 1.957924e+05
  5 SNES Function norm 1.957923544598e+05
    Linear solve converged due to CONVERGED_RTOL iterations 124
# Info:     ____ Assembling poroelastic problem - total DoFs=501083             @ /work/harpy/src/solver/viscoplastic/VPSolver.cpp:634
  NL step  6, |residual|_2 = 7.321054e+04
  6 SNES Function norm 7.321053782869e+04
    Linear solve converged due to CONVERGED_RTOL iterations 116
# Info:     ____ Assembling poroelastic problem - total DoFs=501083             @ /work/harpy/src/solver/viscoplastic/VPSolver.cpp:634
  NL step  7, |residual|_2 = 1.424459e+04
  7 SNES Function norm 1.424458713516e+04
    Linear solve converged due to CONVERGED_RTOL iterations 114
# Info:     ____ Assembling poroelastic problem - total DoFs=501083             @ /work/harpy/src/solver/viscoplastic/VPSolver.cpp:634
  NL step  8, |residual|_2 = 6.924825e+03
  8 SNES Function norm 6.924825156423e+03
  Nonlinear solve converged due to CONVERGED_FNORM_RELATIVE iterations 8
# Info:     ____ Nonlinear solver converged (CONVERGED_FNORM_RELATIVE).         @ /work/harpy/src/solver/viscoplastic/VPSolver.cpp:610
# Info:     ____ System solved at nonlinear iteration 8 , final nonlinear residual norm: 6924.83     @ /work/harpy/src/solver/viscoplastic/VPSolver.cpp:560
# Info:     ====================================================                @ /work/harpy/src/timeloop/Timeloop.cpp:42
# Info:     Solving timestep 38 @ 4.80295e+06s (dt=333333) ...                  @ /work/harpy/src/timeloop/Timeloop.cpp:43
# Info:     ____ Assembling poroelastic problem - total DoFs=501083             @ /work/harpy/src/solver/viscoplastic/VPSolver.cpp:634
  NL step  0, |residual|_2 = 6.694413e+08
  0 SNES Function norm 6.694412663652e+08
    Linear solve converged due to CONVERGED_RTOL iterations 118
# Info:     ____ Assembling poroelastic problem - total DoFs=501083             @ /work/harpy/src/solver/viscoplastic/VPSolver.cpp:634
  NL step  1, |residual|_2 = 9.891595e+07
  1 SNES Function norm 9.891595450803e+07
    Linear solve converged due to CONVERGED_RTOL iterations 114
# Info:     ____ Assembling poroelastic problem - total DoFs=501083             @ /work/harpy/src/solver/viscoplastic/VPSolver.cpp:634
  NL step  2, |residual|_2 = 8.296439e+06
  2 SNES Function norm 8.296438685258e+06
    Linear solve converged due to CONVERGED_RTOL iterations 114
# Info:     ____ Assembling poroelastic problem - total DoFs=501083             @ /work/harpy/src/solver/viscoplastic/VPSolver.cpp:634
  NL step  3, |residual|_2 = 4.789144e+06
  3 SNES Function norm 4.789143788557e+06
    Linear solve converged due to CONVERGED_RTOL iterations 118
# Info:     ____ Assembling poroelastic problem - total DoFs=501083             @ /work/harpy/src/solver/viscoplastic/VPSolver.cpp:634
  NL step  4, |residual|_2 = 1.282573e+06
  4 SNES Function norm 1.282573019290e+06
    Linear solve converged due to CONVERGED_RTOL iterations 116
# Info:     ____ Assembling poroelastic problem - total DoFs=501083             @ /work/harpy/src/solver/viscoplastic/VPSolver.cpp:634
  NL step  5, |residual|_2 = 2.121471e+05
  5 SNES Function norm 2.121471388061e+05
    Linear solve converged due to CONVERGED_RTOL iterations 118
# Info:     ____ Assembling poroelastic problem - total DoFs=501083             @ /work/harpy/src/solver/viscoplastic/VPSolver.cpp:634
  NL step  6, |residual|_2 = 9.109514e+04
  6 SNES Function norm 9.109513574213e+04
    Linear solve converged due to CONVERGED_RTOL iterations 114
# Info:     ____ Assembling poroelastic problem - total DoFs=501083             @ /work/harpy/src/solver/viscoplastic/VPSolver.cpp:634
  NL step  7, |residual|_2 = 1.768781e+04
  7 SNES Function norm 1.768780539413e+04
    Linear solve converged due to CONVERGED_RTOL iterations 118
# Info:     ____ Assembling poroelastic problem - total DoFs=501083             @ /work/harpy/src/solver/viscoplastic/VPSolver.cpp:634
  NL step  8, |residual|_2 = 9.664466e+03
  8 SNES Function norm 9.664466160064e+03
    Linear solve converged due to CONVERGED_RTOL iterations 118
# Info:     ____ Assembling poroelastic problem - total DoFs=501083             @ /work/harpy/src/solver/viscoplastic/VPSolver.cpp:634
  NL step  9, |residual|_2 = 5.380275e+03
  9 SNES Function norm 5.380274648768e+03
  Nonlinear solve converged due to CONVERGED_FNORM_RELATIVE iterations 9
# Info:     ____ Nonlinear solver converged (CONVERGED_FNORM_RELATIVE).         @ /work/harpy/src/solver/viscoplastic/VPSolver.cpp:610
# Info:     ____ System solved at nonlinear iteration 9 , final nonlinear residual norm: 5380.27     @ /work/harpy/src/solver/viscoplastic/VPSolver.cpp:560
# Info:     ====================================================                @ /work/harpy/src/timeloop/Timeloop.cpp:42
# Info:     Solving timestep 39 @ 5.13628e+06s (dt=333333) ...                  @ /work/harpy/src/timeloop/Timeloop.cpp:43
# Info:     ____ Assembling poroelastic problem - total DoFs=501083             @ /work/harpy/src/solver/viscoplastic/VPSolver.cpp:634
  NL step  0, |residual|_2 = 2.312454e+10
  0 SNES Function norm 2.312454165707e+10
    Linear solve converged due to CONVERGED_RTOL iterations 118
# Info:     ____ Assembling poroelastic problem - total DoFs=501083             @ /work/harpy/src/solver/viscoplastic/VPSolver.cpp:634
  NL step  1, |residual|_2 = 1.001742e+08
  1 SNES Function norm 1.001742124930e+08
    Linear solve converged due to CONVERGED_RTOL iterations 116
# Info:     ____ Assembling poroelastic problem - total DoFs=501083             @ /work/harpy/src/solver/viscoplastic/VPSolver.cpp:634
  NL step  2, |residual|_2 = 2.015638e+07
  2 SNES Function norm 2.015638446785e+07
    Linear solve converged due to CONVERGED_RTOL iterations 116
# Info:     ____ Assembling poroelastic problem - total DoFs=501083             @ /work/harpy/src/solver/viscoplastic/VPSolver.cpp:634
  NL step  3, |residual|_2 = 7.351239e+06
  3 SNES Function norm 7.351238540075e+06
    Linear solve converged due to CONVERGED_RTOL iterations 118
# Info:     ____ Assembling poroelastic problem - total DoFs=501083             @ /work/harpy/src/solver/viscoplastic/VPSolver.cpp:634
  NL step  4, |residual|_2 = 1.340767e+06
  4 SNES Function norm 1.340767093701e+06
    Linear solve converged due to CONVERGED_RTOL iterations 118
# Info:     ____ Assembling poroelastic problem - total DoFs=501083             @ /work/harpy/src/solver/viscoplastic/VPSolver.cpp:634
  NL step  5, |residual|_2 = 1.200071e+05
  5 SNES Function norm 1.200070921107e+05
  Nonlinear solve converged due to CONVERGED_FNORM_RELATIVE iterations 5
# Info:     ____ Nonlinear solver converged (CONVERGED_FNORM_RELATIVE).         @ /work/harpy/src/solver/viscoplastic/VPSolver.cpp:610
# Info:     ____ System solved at nonlinear iteration 5 , final nonlinear residual norm: 120007     @ /work/harpy/src/solver/viscoplastic/VPSolver.cpp:560
# Info:     ====================================================                @ /work/harpy/src/timeloop/Timeloop.cpp:42
# Info:     Solving timestep 40 @ 5.63628e+06s (dt=500000) ...                  @ /work/harpy/src/timeloop/Timeloop.cpp:43
# Info:     ____ Assembling poroelastic problem - total DoFs=501083             @ /work/harpy/src/solver/viscoplastic/VPSolver.cpp:634
  NL step  0, |residual|_2 = 1.068904e+09
  0 SNES Function norm 1.068903643350e+09
    Linear solve converged due to CONVERGED_RTOL iterations 116
# Info:     ____ Assembling poroelastic problem - total DoFs=501083             @ /work/harpy/src/solver/viscoplastic/VPSolver.cpp:634
  NL step  1, |residual|_2 = 2.354345e+08
  1 SNES Function norm 2.354345201354e+08
    Linear solve converged due to CONVERGED_RTOL iterations 118
# Info:     ____ Assembling poroelastic problem - total DoFs=501083             @ /work/harpy/src/solver/viscoplastic/VPSolver.cpp:634
  NL step  2, |residual|_2 = 2.873845e+07
  2 SNES Function norm 2.873845293070e+07
    Linear solve converged due to CONVERGED_RTOL iterations 118
# Info:     ____ Assembling poroelastic problem - total DoFs=501083             @ /work/harpy/src/solver/viscoplastic/VPSolver.cpp:634
  NL step  3, |residual|_2 = 2.653894e+07
  3 SNES Function norm 2.653893903880e+07
    Linear solve converged due to CONVERGED_RTOL iterations 120
# Info:     ____ Assembling poroelastic problem - total DoFs=501083             @ /work/harpy/src/solver/viscoplastic/VPSolver.cpp:634
  NL step  4, |residual|_2 = 9.366899e+06
  4 SNES Function norm 9.366898915366e+06
    Linear solve converged due to CONVERGED_RTOL iterations 118
# Info:     ____ Assembling poroelastic problem - total DoFs=501083             @ /work/harpy/src/solver/viscoplastic/VPSolver.cpp:634
  NL step  5, |residual|_2 = 3.882385e+06
  5 SNES Function norm 3.882385397987e+06
    Linear solve converged due to CONVERGED_RTOL iterations 120
# Info:     ____ Assembling poroelastic problem - total DoFs=501083             @ /work/harpy/src/solver/viscoplastic/VPSolver.cpp:634
  NL step  6, |residual|_2 = 2.930808e+06
  6 SNES Function norm 2.930807556077e+06
    Linear solve converged due to CONVERGED_RTOL iterations 116
# Info:     ____ Assembling poroelastic problem - total DoFs=501083             @ /work/harpy/src/solver/viscoplastic/VPSolver.cpp:634
  NL step  7, |residual|_2 = 5.258397e+05
  7 SNES Function norm 5.258396674472e+05
    Linear solve converged due to CONVERGED_RTOL iterations 116
# Info:     ____ Assembling poroelastic problem - total DoFs=501083             @ /work/harpy/src/solver/viscoplastic/VPSolver.cpp:634
  NL step  8, |residual|_2 = 1.445957e+06
  8 SNES Function norm 1.445956992049e+06
    Linear solve converged due to CONVERGED_RTOL iterations 122
# Info:     ____ Assembling poroelastic problem - total DoFs=501083             @ /work/harpy/src/solver/viscoplastic/VPSolver.cpp:634
  NL step  9, |residual|_2 = 6.696333e+05
  9 SNES Function norm 6.696333153839e+05
  Nonlinear solve did not converge due to DIVERGED_MAX_IT iterations 9
# Warn:     ____ Nonlinear solver diverged (DIVERGED_MAX_IT). Cutting timestep.     @ /work/harpy/src/solver/viscoplastic/VPSolver.cpp:615
# Info:     ====================================================                @ /work/harpy/src/timeloop/Timeloop.cpp:42
# Info:     Solving timestep 40 @ 5.46962e+06s (dt=333333) ...                  @ /work/harpy/src/timeloop/Timeloop.cpp:43
# Info:     ____ Assembling poroelastic problem - total DoFs=501083             @ /work/harpy/src/solver/viscoplastic/VPSolver.cpp:634
  NL step  0, |residual|_2 = 7.126334e+08
  0 SNES Function norm 7.126334040638e+08
    Linear solve converged due to CONVERGED_RTOL iterations 114
# Info:     ____ Assembling poroelastic problem - total DoFs=501083             @ /work/harpy/src/solver/viscoplastic/VPSolver.cpp:634
  NL step  1, |residual|_2 = 1.046510e+08
  1 SNES Function norm 1.046509693549e+08
    Linear solve converged due to CONVERGED_RTOL iterations 118
# Info:     ____ Assembling poroelastic problem - total DoFs=501083             @ /work/harpy/src/solver/viscoplastic/VPSolver.cpp:634
  NL step  2, |residual|_2 = 7.703183e+06
  2 SNES Function norm 7.703183001594e+06
    Linear solve converged due to CONVERGED_RTOL iterations 116
# Info:     ____ Assembling poroelastic problem - total DoFs=501083             @ /work/harpy/src/solver/viscoplastic/VPSolver.cpp:634
  NL step  3, |residual|_2 = 4.138331e+06
  3 SNES Function norm 4.138330972370e+06
    Linear solve converged due to CONVERGED_RTOL iterations 116
# Info:     ____ Assembling poroelastic problem - total DoFs=501083             @ /work/harpy/src/solver/viscoplastic/VPSolver.cpp:634
  NL step  4, |residual|_2 = 1.111483e+06
  4 SNES Function norm 1.111482894477e+06
    Linear solve converged due to CONVERGED_RTOL iterations 116
# Info:     ____ Assembling poroelastic problem - total DoFs=501083             @ /work/harpy/src/solver/viscoplastic/VPSolver.cpp:634
  NL step  5, |residual|_2 = 1.866374e+05
  5 SNES Function norm 1.866374340880e+05
    Linear solve converged due to CONVERGED_RTOL iterations 116
# Info:     ____ Assembling poroelastic problem - total DoFs=501083             @ /work/harpy/src/solver/viscoplastic/VPSolver.cpp:634
  NL step  6, |residual|_2 = 8.583687e+04
  6 SNES Function norm 8.583686780583e+04
    Linear solve converged due to CONVERGED_RTOL iterations 114
# Info:     ____ Assembling poroelastic problem - total DoFs=501083             @ /work/harpy/src/solver/viscoplastic/VPSolver.cpp:634
  NL step  7, |residual|_2 = 1.626505e+04
  7 SNES Function norm 1.626505201251e+04
    Linear solve converged due to CONVERGED_RTOL iterations 114
# Info:     ____ Assembling poroelastic problem - total DoFs=501083             @ /work/harpy/src/solver/viscoplastic/VPSolver.cpp:634
  NL step  8, |residual|_2 = 8.624372e+03
  8 SNES Function norm 8.624372063435e+03
    Linear solve converged due to CONVERGED_RTOL iterations 116
# Info:     ____ Assembling poroelastic problem - total DoFs=501083             @ /work/harpy/src/solver/viscoplastic/VPSolver.cpp:634
  NL step  9, |residual|_2 = 4.772840e+03
  9 SNES Function norm 4.772839953477e+03
  Nonlinear solve converged due to CONVERGED_FNORM_RELATIVE iterations 9
# Info:     ____ Nonlinear solver converged (CONVERGED_FNORM_RELATIVE).         @ /work/harpy/src/solver/viscoplastic/VPSolver.cpp:610
# Info:     ____ System solved at nonlinear iteration 9 , final nonlinear residual norm: 4772.84     @ /work/harpy/src/solver/viscoplastic/VPSolver.cpp:560
# Info:     ====================================================                @ /work/harpy/src/timeloop/Timeloop.cpp:42
# Info:     Solving timestep 41 @ 5.80295e+06s (dt=333333) ...                  @ /work/harpy/src/timeloop/Timeloop.cpp:43
# Info:     ____ Assembling poroelastic problem - total DoFs=501083             @ /work/harpy/src/solver/viscoplastic/VPSolver.cpp:634
  NL step  0, |residual|_2 = 2.377887e+10
  0 SNES Function norm 2.377886782668e+10
    Linear solve converged due to CONVERGED_RTOL iterations 116
# Info:     ____ Assembling poroelastic problem - total DoFs=501083             @ /work/harpy/src/solver/viscoplastic/VPSolver.cpp:634
  NL step  1, |residual|_2 = 1.050167e+08
  1 SNES Function norm 1.050166855051e+08
    Linear solve converged due to CONVERGED_RTOL iterations 118
# Info:     ____ Assembling poroelastic problem - total DoFs=501083             @ /work/harpy/src/solver/viscoplastic/VPSolver.cpp:634
  NL step  2, |residual|_2 = 1.899735e+07
  2 SNES Function norm 1.899734973786e+07
    Linear solve converged due to CONVERGED_RTOL iterations 118
# Info:     ____ Assembling poroelastic problem - total DoFs=501083             @ /work/harpy/src/solver/viscoplastic/VPSolver.cpp:634
  NL step  3, |residual|_2 = 6.830841e+06
  3 SNES Function norm 6.830841039075e+06
    Linear solve converged due to CONVERGED_RTOL iterations 116
# Info:     ____ Assembling poroelastic problem - total DoFs=501083             @ /work/harpy/src/solver/viscoplastic/VPSolver.cpp:634
  NL step  4, |residual|_2 = 1.205624e+06
  4 SNES Function norm 1.205624283953e+06
    Linear solve converged due to CONVERGED_RTOL iterations 114
# Info:     ____ Assembling poroelastic problem - total DoFs=501083             @ /work/harpy/src/solver/viscoplastic/VPSolver.cpp:634
  NL step  5, |residual|_2 = 1.056711e+05
  5 SNES Function norm 1.056711345587e+05
  Nonlinear solve converged due to CONVERGED_FNORM_RELATIVE iterations 5
# Info:     ____ Nonlinear solver converged (CONVERGED_FNORM_RELATIVE).         @ /work/harpy/src/solver/viscoplastic/VPSolver.cpp:610
# Info:     ____ System solved at nonlinear iteration 5 , final nonlinear residual norm: 105671     @ /work/harpy/src/solver/viscoplastic/VPSolver.cpp:560
# Info:     ====================================================                @ /work/harpy/src/timeloop/Timeloop.cpp:42
# Info:     Solving timestep 42 @ 6.13628e+06s (dt=333333) ...                  @ /work/harpy/src/timeloop/Timeloop.cpp:43
# Info:     ____ Assembling poroelastic problem - total DoFs=501083             @ /work/harpy/src/solver/viscoplastic/VPSolver.cpp:634
  NL step  0, |residual|_2 = 7.502165e+08
  0 SNES Function norm 7.502164697839e+08
    Linear solve converged due to CONVERGED_RTOL iterations 114
# Info:     ____ Assembling poroelastic problem - total DoFs=501083             @ /work/harpy/src/solver/viscoplastic/VPSolver.cpp:634
  NL step  1, |residual|_2 = 1.094429e+08
  1 SNES Function norm 1.094429172070e+08
    Linear solve converged due to CONVERGED_RTOL iterations 120
# Info:     ____ Assembling poroelastic problem - total DoFs=501083             @ /work/harpy/src/solver/viscoplastic/VPSolver.cpp:634
  NL step  2, |residual|_2 = 7.649394e+06
  2 SNES Function norm 7.649393765158e+06
    Linear solve converged due to CONVERGED_RTOL iterations 114
# Info:     ____ Assembling poroelastic problem - total DoFs=501083             @ /work/harpy/src/solver/viscoplastic/VPSolver.cpp:634
  NL step  3, |residual|_2 = 3.635353e+06
  3 SNES Function norm 3.635352952586e+06
    Linear solve converged due to CONVERGED_RTOL iterations 114
# Info:     ____ Assembling poroelastic problem - total DoFs=501083             @ /work/harpy/src/solver/viscoplastic/VPSolver.cpp:634
  NL step  4, |residual|_2 = 9.801283e+05
  4 SNES Function norm 9.801283468715e+05
    Linear solve converged due to CONVERGED_RTOL iterations 114
# Info:     ____ Assembling poroelastic problem - total DoFs=501083             @ /work/harpy/src/solver/viscoplastic/VPSolver.cpp:634
  NL step  5, |residual|_2 = 1.679290e+05
  5 SNES Function norm 1.679290115756e+05
    Linear solve converged due to CONVERGED_RTOL iterations 118
# Info:     ____ Assembling poroelastic problem - total DoFs=501083             @ /work/harpy/src/solver/viscoplastic/VPSolver.cpp:634
  NL step  6, |residual|_2 = 8.012563e+04
  6 SNES Function norm 8.012562757163e+04
    Linear solve converged due to CONVERGED_RTOL iterations 116
# Info:     ____ Assembling poroelastic problem - total DoFs=501083             @ /work/harpy/src/solver/viscoplastic/VPSolver.cpp:634
  NL step  7, |residual|_2 = 1.493717e+04
  7 SNES Function norm 1.493717396376e+04
    Linear solve converged due to CONVERGED_RTOL iterations 118
# Info:     ____ Assembling poroelastic problem - total DoFs=501083             @ /work/harpy/src/solver/viscoplastic/VPSolver.cpp:634
  NL step  8, |residual|_2 = 7.596368e+03
  8 SNES Function norm 7.596367563991e+03
    Linear solve converged due to CONVERGED_RTOL iterations 116
# Info:     ____ Assembling poroelastic problem - total DoFs=501083             @ /work/harpy/src/solver/viscoplastic/VPSolver.cpp:634
  NL step  9, |residual|_2 = 4.191358e+03
  9 SNES Function norm 4.191358097843e+03
  Nonlinear solve converged due to CONVERGED_FNORM_RELATIVE iterations 9
# Info:     ____ Nonlinear solver converged (CONVERGED_FNORM_RELATIVE).         @ /work/harpy/src/solver/viscoplastic/VPSolver.cpp:610
# Info:     ____ System solved at nonlinear iteration 9 , final nonlinear residual norm: 4191.36     @ /work/harpy/src/solver/viscoplastic/VPSolver.cpp:560
# Info:     ====================================================                @ /work/harpy/src/timeloop/Timeloop.cpp:42
# Info:     Solving timestep 43 @ 6.46962e+06s (dt=333333) ...                  @ /work/harpy/src/timeloop/Timeloop.cpp:43
# Info:     ____ Assembling poroelastic problem - total DoFs=501083             @ /work/harpy/src/solver/viscoplastic/VPSolver.cpp:634
  NL step  0, |residual|_2 = 7.173305e+08
  0 SNES Function norm 7.173304593318e+08
    Linear solve converged due to CONVERGED_RTOL iterations 120
# Info:     ____ Assembling poroelastic problem - total DoFs=501083             @ /work/harpy/src/solver/viscoplastic/VPSolver.cpp:634
  NL step  1, |residual|_2 = 1.062278e+08
  1 SNES Function norm 1.062278047640e+08
    Linear solve converged due to CONVERGED_RTOL iterations 118
# Info:     ____ Assembling poroelastic problem - total DoFs=501083             @ /work/harpy/src/solver/viscoplastic/VPSolver.cpp:634
  NL step  2, |residual|_2 = 7.395432e+06
  2 SNES Function norm 7.395432262742e+06
    Linear solve converged due to CONVERGED_RTOL iterations 114
# Info:     ____ Assembling poroelastic problem - total DoFs=501083             @ /work/harpy/src/solver/viscoplastic/VPSolver.cpp:634
  NL step  3, |residual|_2 = 3.712972e+06
  3 SNES Function norm 3.712972407117e+06
    Linear solve converged due to CONVERGED_RTOL iterations 116
# Info:     ____ Assembling poroelastic problem - total DoFs=501083             @ /work/harpy/src/solver/viscoplastic/VPSolver.cpp:634
  NL step  4, |residual|_2 = 1.023572e+06
  4 SNES Function norm 1.023572161381e+06
    Linear solve converged due to CONVERGED_RTOL iterations 112
# Info:     ____ Assembling poroelastic problem - total DoFs=501083             @ /work/harpy/src/solver/viscoplastic/VPSolver.cpp:634
  NL step  5, |residual|_2 = 1.866807e+05
  5 SNES Function norm 1.866807016916e+05
    Linear solve converged due to CONVERGED_RTOL iterations 118
# Info:     ____ Assembling poroelastic problem - total DoFs=501083             @ /work/harpy/src/solver/viscoplastic/VPSolver.cpp:634
  NL step  6, |residual|_2 = 1.006702e+05
  6 SNES Function norm 1.006702393469e+05
    Linear solve converged due to CONVERGED_RTOL iterations 116
# Info:     ____ Assembling poroelastic problem - total DoFs=501083             @ /work/harpy/src/solver/viscoplastic/VPSolver.cpp:634
  NL step  7, |residual|_2 = 1.850887e+04
  7 SNES Function norm 1.850887327905e+04
    Linear solve converged due to CONVERGED_RTOL iterations 118
# Info:     ____ Assembling poroelastic problem - total DoFs=501083             @ /work/harpy/src/solver/viscoplastic/VPSolver.cpp:634
  NL step  8, |residual|_2 = 1.086461e+04
  8 SNES Function norm 1.086460532816e+04
    Linear solve converged due to CONVERGED_RTOL iterations 118
# Info:     ____ Assembling poroelastic problem - total DoFs=501083             @ /work/harpy/src/solver/viscoplastic/VPSolver.cpp:634
  NL step  9, |residual|_2 = 6.142258e+03
  9 SNES Function norm 6.142257927563e+03
  Nonlinear solve converged due to CONVERGED_FNORM_RELATIVE iterations 9
# Info:     ____ Nonlinear solver converged (CONVERGED_FNORM_RELATIVE).         @ /work/harpy/src/solver/viscoplastic/VPSolver.cpp:610
# Info:     ____ System solved at nonlinear iteration 9 , final nonlinear residual norm: 6142.26     @ /work/harpy/src/solver/viscoplastic/VPSolver.cpp:560
# Info:     ====================================================                @ /work/harpy/src/timeloop/Timeloop.cpp:42
# Info:     Solving timestep 44 @ 6.96962e+06s (dt=500000) ...                  @ /work/harpy/src/timeloop/Timeloop.cpp:43
# Info:     ____ Assembling poroelastic problem - total DoFs=501083             @ /work/harpy/src/solver/viscoplastic/VPSolver.cpp:634
  NL step  0, |residual|_2 = 2.204577e+10
  0 SNES Function norm 2.204577173668e+10
    Linear solve converged due to CONVERGED_RTOL iterations 116
# Info:     ____ Assembling poroelastic problem - total DoFs=501083             @ /work/harpy/src/solver/viscoplastic/VPSolver.cpp:634
  NL step  1, |residual|_2 = 2.355461e+08
  1 SNES Function norm 2.355461419986e+08
    Linear solve converged due to CONVERGED_RTOL iterations 120
# Info:     ____ Assembling poroelastic problem - total DoFs=501083             @ /work/harpy/src/solver/viscoplastic/VPSolver.cpp:634
  NL step  2, |residual|_2 = 4.239955e+07
  2 SNES Function norm 4.239954630693e+07
    Linear solve converged due to CONVERGED_RTOL iterations 118
# Info:     ____ Assembling poroelastic problem - total DoFs=501083             @ /work/harpy/src/solver/viscoplastic/VPSolver.cpp:634
  NL step  3, |residual|_2 = 3.095206e+07
  3 SNES Function norm 3.095206038479e+07
    Linear solve converged due to CONVERGED_RTOL iterations 116
# Info:     ____ Assembling poroelastic problem - total DoFs=501083             @ /work/harpy/src/solver/viscoplastic/VPSolver.cpp:634
  NL step  4, |residual|_2 = 8.793400e+06
  4 SNES Function norm 8.793400251071e+06
    Linear solve converged due to CONVERGED_RTOL iterations 126
# Info:     ____ Assembling poroelastic problem - total DoFs=501083             @ /work/harpy/src/solver/viscoplastic/VPSolver.cpp:634
  NL step  5, |residual|_2 = 1.610306e+06
  5 SNES Function norm 1.610306276058e+06
    Linear solve converged due to CONVERGED_RTOL iterations 120
# Info:     ____ Assembling poroelastic problem - total DoFs=501083             @ /work/harpy/src/solver/viscoplastic/VPSolver.cpp:634
  NL step  6, |residual|_2 = 2.084821e+06
  6 SNES Function norm 2.084820653395e+06
    Linear solve converged due to CONVERGED_RTOL iterations 118
# Info:     ____ Assembling poroelastic problem - total DoFs=501083             @ /work/harpy/src/solver/viscoplastic/VPSolver.cpp:634
  NL step  7, |residual|_2 = 5.092077e+05
  7 SNES Function norm 5.092077220976e+05
    Linear solve converged due to CONVERGED_RTOL iterations 118
# Info:     ____ Assembling poroelastic problem - total DoFs=501083             @ /work/harpy/src/solver/viscoplastic/VPSolver.cpp:634
  NL step  8, |residual|_2 = 7.119409e+05
  8 SNES Function norm 7.119409159731e+05
    Linear solve converged due to CONVERGED_RTOL iterations 122
# Info:     ____ Assembling poroelastic problem - total DoFs=501083             @ /work/harpy/src/solver/viscoplastic/VPSolver.cpp:634
  NL step  9, |residual|_2 = 4.949170e+05
  9 SNES Function norm 4.949169595386e+05
  Nonlinear solve did not converge due to DIVERGED_MAX_IT iterations 9
# Warn:     ____ Nonlinear solver diverged (DIVERGED_MAX_IT). Cutting timestep.     @ /work/harpy/src/solver/viscoplastic/VPSolver.cpp:615
# Info:     ====================================================                @ /work/harpy/src/timeloop/Timeloop.cpp:42
# Info:     Solving timestep 44 @ 6.80295e+06s (dt=333333) ...                  @ /work/harpy/src/timeloop/Timeloop.cpp:43
# Info:     ____ Assembling poroelastic problem - total DoFs=501083             @ /work/harpy/src/solver/viscoplastic/VPSolver.cpp:634
  NL step  0, |residual|_2 = 2.178380e+10
  0 SNES Function norm 2.178380194524e+10
    Linear solve converged due to CONVERGED_RTOL iterations 116
# Info:     ____ Assembling poroelastic problem - total DoFs=501083             @ /work/harpy/src/solver/viscoplastic/VPSolver.cpp:634
  NL step  1, |residual|_2 = 1.055170e+08
  1 SNES Function norm 1.055170044004e+08
    Linear solve converged due to CONVERGED_RTOL iterations 118
# Info:     ____ Assembling poroelastic problem - total DoFs=501083             @ /work/harpy/src/solver/viscoplastic/VPSolver.cpp:634
  NL step  2, |residual|_2 = 1.715024e+07
  2 SNES Function norm 1.715024230356e+07
    Linear solve converged due to CONVERGED_RTOL iterations 118
# Info:     ____ Assembling poroelastic problem - total DoFs=501083             @ /work/harpy/src/solver/viscoplastic/VPSolver.cpp:634
  NL step  3, |residual|_2 = 6.437033e+06
  3 SNES Function norm 6.437033493135e+06
    Linear solve converged due to CONVERGED_RTOL iterations 116
# Info:     ____ Assembling poroelastic problem - total DoFs=501083             @ /work/harpy/src/solver/viscoplastic/VPSolver.cpp:634
  NL step  4, |residual|_2 = 1.142956e+06
  4 SNES Function norm 1.142955978447e+06
    Linear solve converged due to CONVERGED_RTOL iterations 118
# Info:     ____ Assembling poroelastic problem - total DoFs=501083             @ /work/harpy/src/solver/viscoplastic/VPSolver.cpp:634
  NL step  5, |residual|_2 = 1.004102e+05
  5 SNES Function norm 1.004101919675e+05
  Nonlinear solve converged due to CONVERGED_FNORM_RELATIVE iterations 5
# Info:     ____ Nonlinear solver converged (CONVERGED_FNORM_RELATIVE).         @ /work/harpy/src/solver/viscoplastic/VPSolver.cpp:610
# Info:     ____ System solved at nonlinear iteration 5 , final nonlinear residual norm: 100410     @ /work/harpy/src/solver/viscoplastic/VPSolver.cpp:560
# Info:     ====================================================                @ /work/harpy/src/timeloop/Timeloop.cpp:42
# Info:     Solving timestep 45 @ 7.13628e+06s (dt=333333) ...                  @ /work/harpy/src/timeloop/Timeloop.cpp:43
# Info:     ____ Assembling poroelastic problem - total DoFs=501083             @ /work/harpy/src/solver/viscoplastic/VPSolver.cpp:634
  NL step  0, |residual|_2 = 7.425229e+08
  0 SNES Function norm 7.425229171609e+08
    Linear solve converged due to CONVERGED_RTOL iterations 114
# Info:     ____ Assembling poroelastic problem - total DoFs=501083             @ /work/harpy/src/solver/viscoplastic/VPSolver.cpp:634
  NL step  1, |residual|_2 = 1.095463e+08
  1 SNES Function norm 1.095462651738e+08
    Linear solve converged due to CONVERGED_RTOL iterations 112
# Info:     ____ Assembling poroelastic problem - total DoFs=501083             @ /work/harpy/src/solver/viscoplastic/VPSolver.cpp:634
  NL step  2, |residual|_2 = 7.659876e+06
  2 SNES Function norm 7.659876413223e+06
    Linear solve converged due to CONVERGED_RTOL iterations 116
# Info:     ____ Assembling poroelastic problem - total DoFs=501083             @ /work/harpy/src/solver/viscoplastic/VPSolver.cpp:634
  NL step  3, |residual|_2 = 3.352311e+06
  3 SNES Function norm 3.352310583111e+06
    Linear solve converged due to CONVERGED_RTOL iterations 116
# Info:     ____ Assembling poroelastic problem - total DoFs=501083             @ /work/harpy/src/solver/viscoplastic/VPSolver.cpp:634
  NL step  4, |residual|_2 = 9.299826e+05
  4 SNES Function norm 9.299825802162e+05
    Linear solve converged due to CONVERGED_RTOL iterations 112
# Info:     ____ Assembling poroelastic problem - total DoFs=501083             @ /work/harpy/src/solver/viscoplastic/VPSolver.cpp:634
  NL step  5, |residual|_2 = 1.746924e+05
  5 SNES Function norm 1.746923961935e+05
    Linear solve converged due to CONVERGED_RTOL iterations 118
# Info:     ____ Assembling poroelastic problem - total DoFs=501083             @ /work/harpy/src/solver/viscoplastic/VPSolver.cpp:634
  NL step  6, |residual|_2 = 9.312738e+04
  6 SNES Function norm 9.312737966712e+04
    Linear solve converged due to CONVERGED_RTOL iterations 116
# Info:     ____ Assembling poroelastic problem - total DoFs=501083             @ /work/harpy/src/solver/viscoplastic/VPSolver.cpp:634
  NL step  7, |residual|_2 = 1.700239e+04
  7 SNES Function norm 1.700238950901e+04
    Linear solve converged due to CONVERGED_RTOL iterations 116
# Info:     ____ Assembling poroelastic problem - total DoFs=501083             @ /work/harpy/src/solver/viscoplastic/VPSolver.cpp:634
  NL step  8, |residual|_2 = 9.543637e+03
  8 SNES Function norm 9.543636765084e+03
    Linear solve converged due to CONVERGED_RTOL iterations 116
# Info:     ____ Assembling poroelastic problem - total DoFs=501083             @ /work/harpy/src/solver/viscoplastic/VPSolver.cpp:634
  NL step  9, |residual|_2 = 5.349346e+03
  9 SNES Function norm 5.349346336991e+03
  Nonlinear solve converged due to CONVERGED_FNORM_RELATIVE iterations 9
# Info:     ____ Nonlinear solver converged (CONVERGED_FNORM_RELATIVE).         @ /work/harpy/src/solver/viscoplastic/VPSolver.cpp:610
# Info:     ____ System solved at nonlinear iteration 9 , final nonlinear residual norm: 5349.35     @ /work/harpy/src/solver/viscoplastic/VPSolver.cpp:560
# Info:     ====================================================                @ /work/harpy/src/timeloop/Timeloop.cpp:42
# Info:     Solving timestep 46 @ 7.46962e+06s (dt=333333) ...                  @ /work/harpy/src/timeloop/Timeloop.cpp:43
# Info:     ____ Assembling poroelastic problem - total DoFs=501083             @ /work/harpy/src/solver/viscoplastic/VPSolver.cpp:634
  NL step  0, |residual|_2 = 7.070138e+08
  0 SNES Function norm 7.070138032332e+08
    Linear solve converged due to CONVERGED_RTOL iterations 116
# Info:     ____ Assembling poroelastic problem - total DoFs=501083             @ /work/harpy/src/solver/viscoplastic/VPSolver.cpp:634
  NL step  1, |residual|_2 = 1.059392e+08
  1 SNES Function norm 1.059391963147e+08
    Linear solve converged due to CONVERGED_RTOL iterations 118
# Info:     ____ Assembling poroelastic problem - total DoFs=501083             @ /work/harpy/src/solver/viscoplastic/VPSolver.cpp:634
  NL step  2, |residual|_2 = 7.447979e+06
  2 SNES Function norm 7.447979478291e+06
    Linear solve converged due to CONVERGED_RTOL iterations 114
# Info:     ____ Assembling poroelastic problem - total DoFs=501083             @ /work/harpy/src/solver/viscoplastic/VPSolver.cpp:634
  NL step  3, |residual|_2 = 3.464841e+06
  3 SNES Function norm 3.464840705339e+06
    Linear solve converged due to CONVERGED_RTOL iterations 114
# Info:     ____ Assembling poroelastic problem - total DoFs=501083             @ /work/harpy/src/solver/viscoplastic/VPSolver.cpp:634
  NL step  4, |residual|_2 = 9.787122e+05
  4 SNES Function norm 9.787121589252e+05
    Linear solve converged due to CONVERGED_RTOL iterations 112
# Info:     ____ Assembling poroelastic problem - total DoFs=501083             @ /work/harpy/src/solver/viscoplastic/VPSolver.cpp:634
  NL step  5, |residual|_2 = 1.991221e+05
  5 SNES Function norm 1.991220663315e+05
    Linear solve converged due to CONVERGED_RTOL iterations 118
# Info:     ____ Assembling poroelastic problem - total DoFs=501083             @ /work/harpy/src/solver/viscoplastic/VPSolver.cpp:634
  NL step  6, |residual|_2 = 1.181821e+05
  6 SNES Function norm 1.181820519796e+05
    Linear solve converged due to CONVERGED_RTOL iterations 114
# Info:     ____ Assembling poroelastic problem - total DoFs=501083             @ /work/harpy/src/solver/viscoplastic/VPSolver.cpp:634
  NL step  7, |residual|_2 = 2.112840e+04
  7 SNES Function norm 2.112840152431e+04
    Linear solve converged due to CONVERGED_RTOL iterations 114
# Info:     ____ Assembling poroelastic problem - total DoFs=501083             @ /work/harpy/src/solver/viscoplastic/VPSolver.cpp:634
  NL step  8, |residual|_2 = 1.396532e+04
  8 SNES Function norm 1.396531883581e+04
    Linear solve converged due to CONVERGED_RTOL iterations 116
# Info:     ____ Assembling poroelastic problem - total DoFs=501083             @ /work/harpy/src/solver/viscoplastic/VPSolver.cpp:634
  NL step  9, |residual|_2 = 7.960423e+03
  9 SNES Function norm 7.960423233109e+03
  Nonlinear solve did not converge due to DIVERGED_MAX_IT iterations 9
# Warn:     ____ Nonlinear solver diverged (DIVERGED_MAX_IT). Cutting timestep.     @ /work/harpy/src/solver/viscoplastic/VPSolver.cpp:615
# Info:     ====================================================                @ /work/harpy/src/timeloop/Timeloop.cpp:42
# Info:     Solving timestep 46 @ 7.3585e+06s (dt=222222) ...                   @ /work/harpy/src/timeloop/Timeloop.cpp:43
# Info:     ____ Assembling poroelastic problem - total DoFs=501083             @ /work/harpy/src/solver/viscoplastic/VPSolver.cpp:634
  NL step  0, |residual|_2 = 4.713430e+08
  0 SNES Function norm 4.713430218509e+08
    Linear solve converged due to CONVERGED_RTOL iterations 114
# Info:     ____ Assembling poroelastic problem - total DoFs=501083             @ /work/harpy/src/solver/viscoplastic/VPSolver.cpp:634
  NL step  1, |residual|_2 = 4.704822e+07
  1 SNES Function norm 4.704821650965e+07
    Linear solve converged due to CONVERGED_RTOL iterations 114
# Info:     ____ Assembling poroelastic problem - total DoFs=501083             @ /work/harpy/src/solver/viscoplastic/VPSolver.cpp:634
  NL step  2, |residual|_2 = 2.245719e+06
  2 SNES Function norm 2.245718904817e+06
    Linear solve converged due to CONVERGED_RTOL iterations 114
# Info:     ____ Assembling poroelastic problem - total DoFs=501083             @ /work/harpy/src/solver/viscoplastic/VPSolver.cpp:634
  NL step  3, |residual|_2 = 5.730126e+05
  3 SNES Function norm 5.730125576569e+05
    Linear solve converged due to CONVERGED_RTOL iterations 112
# Info:     ____ Assembling poroelastic problem - total DoFs=501083             @ /work/harpy/src/solver/viscoplastic/VPSolver.cpp:634
  NL step  4, |residual|_2 = 1.164496e+05
  4 SNES Function norm 1.164495906416e+05
    Linear solve converged due to CONVERGED_RTOL iterations 114
# Info:     ____ Assembling poroelastic problem - total DoFs=501083             @ /work/harpy/src/solver/viscoplastic/VPSolver.cpp:634
  NL step  5, |residual|_2 = 1.338805e+04
  5 SNES Function norm 1.338804781110e+04
    Linear solve converged due to CONVERGED_RTOL iterations 114
# Info:     ____ Assembling poroelastic problem - total DoFs=501083             @ /work/harpy/src/solver/viscoplastic/VPSolver.cpp:634
  NL step  6, |residual|_2 = 4.344569e+03
  6 SNES Function norm 4.344569189793e+03
  Nonlinear solve converged due to CONVERGED_FNORM_RELATIVE iterations 6
# Info:     ____ Nonlinear solver converged (CONVERGED_FNORM_RELATIVE).         @ /work/harpy/src/solver/viscoplastic/VPSolver.cpp:610
# Info:     ____ System solved at nonlinear iteration 6 , final nonlinear residual norm: 4344.57     @ /work/harpy/src/solver/viscoplastic/VPSolver.cpp:560
# Info:     ====================================================                @ /work/harpy/src/timeloop/Timeloop.cpp:42
# Info:     Solving timestep 47 @ 7.58073e+06s (dt=222222) ...                  @ /work/harpy/src/timeloop/Timeloop.cpp:43
# Info:     ____ Assembling poroelastic problem - total DoFs=501083             @ /work/harpy/src/solver/viscoplastic/VPSolver.cpp:634
  NL step  0, |residual|_2 = 4.558643e+08
  0 SNES Function norm 4.558642791149e+08
    Linear solve converged due to CONVERGED_RTOL iterations 116
# Info:     ____ Assembling poroelastic problem - total DoFs=501083             @ /work/harpy/src/solver/viscoplastic/VPSolver.cpp:634
  NL step  1, |residual|_2 = 4.598035e+07
  1 SNES Function norm 4.598034963721e+07
    Linear solve converged due to CONVERGED_RTOL iterations 114
# Info:     ____ Assembling poroelastic problem - total DoFs=501083             @ /work/harpy/src/solver/viscoplastic/VPSolver.cpp:634
  NL step  2, |residual|_2 = 2.208328e+06
  2 SNES Function norm 2.208327604889e+06
    Linear solve converged due to CONVERGED_RTOL iterations 116
# Info:     ____ Assembling poroelastic problem - total DoFs=501083             @ /work/harpy/src/solver/viscoplastic/VPSolver.cpp:634
  NL step  3, |residual|_2 = 5.830140e+05
  3 SNES Function norm 5.830139779410e+05
    Linear solve converged due to CONVERGED_RTOL iterations 112
# Info:     ____ Assembling poroelastic problem - total DoFs=501083             @ /work/harpy/src/solver/viscoplastic/VPSolver.cpp:634
  NL step  4, |residual|_2 = 1.205687e+05
  4 SNES Function norm 1.205687336338e+05
    Linear solve converged due to CONVERGED_RTOL iterations 116
# Info:     ____ Assembling poroelastic problem - total DoFs=501083             @ /work/harpy/src/solver/viscoplastic/VPSolver.cpp:634
  NL step  5, |residual|_2 = 1.404567e+04
  5 SNES Function norm 1.404566869813e+04
    Linear solve converged due to CONVERGED_RTOL iterations 116
# Info:     ____ Assembling poroelastic problem - total DoFs=501083             @ /work/harpy/src/solver/viscoplastic/VPSolver.cpp:634
  NL step  6, |residual|_2 = 5.026080e+03
  6 SNES Function norm 5.026079797258e+03
  Nonlinear solve converged due to CONVERGED_SNORM_RELATIVE iterations 6
# Info:     ____ Nonlinear solver converged (CONVERGED_SNORM_RELATIVE).         @ /work/harpy/src/solver/viscoplastic/VPSolver.cpp:610
# Info:     ____ System solved at nonlinear iteration 6 , final nonlinear residual norm: 5026.08     @ /work/harpy/src/solver/viscoplastic/VPSolver.cpp:560
# Info:     ====================================================                @ /work/harpy/src/timeloop/Timeloop.cpp:42
# Info:     Solving timestep 48 @ 7.80295e+06s (dt=222222) ...                  @ /work/harpy/src/timeloop/Timeloop.cpp:43
# Info:     ____ Assembling poroelastic problem - total DoFs=501083             @ /work/harpy/src/solver/viscoplastic/VPSolver.cpp:634
  NL step  0, |residual|_2 = 1.899135e+10
  0 SNES Function norm 1.899135051807e+10
    Linear solve converged due to CONVERGED_RTOL iterations 118
# Info:     ____ Assembling poroelastic problem - total DoFs=501083             @ /work/harpy/src/solver/viscoplastic/VPSolver.cpp:634
  NL step  1, |residual|_2 = 4.652447e+07
  1 SNES Function norm 4.652446858197e+07
    Linear solve converged due to CONVERGED_RTOL iterations 114
# Info:     ____ Assembling poroelastic problem - total DoFs=501083             @ /work/harpy/src/solver/viscoplastic/VPSolver.cpp:634
  NL step  2, |residual|_2 = 7.085537e+06
  2 SNES Function norm 7.085537414852e+06
    Linear solve converged due to CONVERGED_RTOL iterations 116
# Info:     ____ Assembling poroelastic problem - total DoFs=501083             @ /work/harpy/src/solver/viscoplastic/VPSolver.cpp:634
  NL step  3, |residual|_2 = 1.543756e+06
  3 SNES Function norm 1.543756416440e+06
    Linear solve converged due to CONVERGED_RTOL iterations 116
# Info:     ____ Assembling poroelastic problem - total DoFs=501083             @ /work/harpy/src/solver/viscoplastic/VPSolver.cpp:634
  NL step  4, |residual|_2 = 1.702350e+05
  4 SNES Function norm 1.702349983257e+05
  Nonlinear solve converged due to CONVERGED_FNORM_RELATIVE iterations 4
# Info:     ____ Nonlinear solver converged (CONVERGED_FNORM_RELATIVE).         @ /work/harpy/src/solver/viscoplastic/VPSolver.cpp:610
# Info:     ____ System solved at nonlinear iteration 4 , final nonlinear residual norm: 170235     @ /work/harpy/src/solver/viscoplastic/VPSolver.cpp:560
# Info:     ====================================================                @ /work/harpy/src/timeloop/Timeloop.cpp:42
# Info:     Solving timestep 49 @ 8.02517e+06s (dt=222222) ...                  @ /work/harpy/src/timeloop/Timeloop.cpp:43
# Info:     ____ Assembling poroelastic problem - total DoFs=501083             @ /work/harpy/src/solver/viscoplastic/VPSolver.cpp:634
  NL step  0, |residual|_2 = 4.804508e+08
  0 SNES Function norm 4.804508289745e+08
    Linear solve converged due to CONVERGED_RTOL iterations 114
# Info:     ____ Assembling poroelastic problem - total DoFs=501083             @ /work/harpy/src/solver/viscoplastic/VPSolver.cpp:634
  NL step  1, |residual|_2 = 4.797342e+07
  1 SNES Function norm 4.797341588459e+07
    Linear solve converged due to CONVERGED_RTOL iterations 114
# Info:     ____ Assembling poroelastic problem - total DoFs=501083             @ /work/harpy/src/solver/viscoplastic/VPSolver.cpp:634
  NL step  2, |residual|_2 = 2.362428e+06
  2 SNES Function norm 2.362428398442e+06
    Linear solve converged due to CONVERGED_RTOL iterations 110
# Info:     ____ Assembling poroelastic problem - total DoFs=501083             @ /work/harpy/src/solver/viscoplastic/VPSolver.cpp:634
  NL step  3, |residual|_2 = 5.298043e+05
  3 SNES Function norm 5.298043344994e+05
    Linear solve converged due to CONVERGED_RTOL iterations 116
# Info:     ____ Assembling poroelastic problem - total DoFs=501083             @ /work/harpy/src/solver/viscoplastic/VPSolver.cpp:634
  NL step  4, |residual|_2 = 1.088876e+05
  4 SNES Function norm 1.088876155257e+05
    Linear solve converged due to CONVERGED_RTOL iterations 114
# Info:     ____ Assembling poroelastic problem - total DoFs=501083             @ /work/harpy/src/solver/viscoplastic/VPSolver.cpp:634
  NL step  5, |residual|_2 = 1.306500e+04
  5 SNES Function norm 1.306499944568e+04
    Linear solve converged due to CONVERGED_RTOL iterations 114
# Info:     ____ Assembling poroelastic problem - total DoFs=501083             @ /work/harpy/src/solver/viscoplastic/VPSolver.cpp:634
  NL step  6, |residual|_2 = 4.066084e+03
  6 SNES Function norm 4.066083594744e+03
  Nonlinear solve converged due to CONVERGED_FNORM_RELATIVE iterations 6
# Info:     ____ Nonlinear solver converged (CONVERGED_FNORM_RELATIVE).         @ /work/harpy/src/solver/viscoplastic/VPSolver.cpp:610
# Info:     ____ System solved at nonlinear iteration 6 , final nonlinear residual norm: 4066.08     @ /work/harpy/src/solver/viscoplastic/VPSolver.cpp:560
# Info:     ====================================================                @ /work/harpy/src/timeloop/Timeloop.cpp:42
# Info:     Solving timestep 50 @ 8.3585e+06s (dt=333333) ...                   @ /work/harpy/src/timeloop/Timeloop.cpp:43
# Info:     ____ Assembling poroelastic problem - total DoFs=501083             @ /work/harpy/src/solver/viscoplastic/VPSolver.cpp:634
  NL step  0, |residual|_2 = 6.959494e+08
  0 SNES Function norm 6.959493915367e+08
    Linear solve converged due to CONVERGED_RTOL iterations 114
# Info:     ____ Assembling poroelastic problem - total DoFs=501083             @ /work/harpy/src/solver/viscoplastic/VPSolver.cpp:634
  NL step  1, |residual|_2 = 1.054263e+08
  1 SNES Function norm 1.054262657982e+08
    Linear solve converged due to CONVERGED_RTOL iterations 118
# Info:     ____ Assembling poroelastic problem - total DoFs=501083             @ /work/harpy/src/solver/viscoplastic/VPSolver.cpp:634
  NL step  2, |residual|_2 = 7.654959e+06
  2 SNES Function norm 7.654958892653e+06
    Linear solve converged due to CONVERGED_RTOL iterations 118
# Info:     ____ Assembling poroelastic problem - total DoFs=501083             @ /work/harpy/src/solver/viscoplastic/VPSolver.cpp:634
  NL step  3, |residual|_2 = 3.298527e+06
  3 SNES Function norm 3.298527334654e+06
    Linear solve converged due to CONVERGED_RTOL iterations 114
# Info:     ____ Assembling poroelastic problem - total DoFs=501083             @ /work/harpy/src/solver/viscoplastic/VPSolver.cpp:634
  NL step  4, |residual|_2 = 9.515568e+05
  4 SNES Function norm 9.515567512581e+05
    Linear solve converged due to CONVERGED_RTOL iterations 114
# Info:     ____ Assembling poroelastic problem - total DoFs=501083             @ /work/harpy/src/solver/viscoplastic/VPSolver.cpp:634
  NL step  5, |residual|_2 = 2.126821e+05
  5 SNES Function norm 2.126821180942e+05
    Linear solve converged due to CONVERGED_RTOL iterations 118
# Info:     ____ Assembling poroelastic problem - total DoFs=501083             @ /work/harpy/src/solver/viscoplastic/VPSolver.cpp:634
  NL step  6, |residual|_2 = 1.292432e+05
  6 SNES Function norm 1.292431769435e+05
    Linear solve converged due to CONVERGED_RTOL iterations 118
# Info:     ____ Assembling poroelastic problem - total DoFs=501083             @ /work/harpy/src/solver/viscoplastic/VPSolver.cpp:634
  NL step  7, |residual|_2 = 2.272179e+04
  7 SNES Function norm 2.272179323443e+04
    Linear solve converged due to CONVERGED_RTOL iterations 114
# Info:     ____ Assembling poroelastic problem - total DoFs=501083             @ /work/harpy/src/solver/viscoplastic/VPSolver.cpp:634
  NL step  8, |residual|_2 = 1.628015e+04
  8 SNES Function norm 1.628015405374e+04
    Linear solve converged due to CONVERGED_RTOL iterations 116
# Info:     ____ Assembling poroelastic problem - total DoFs=501083             @ /work/harpy/src/solver/viscoplastic/VPSolver.cpp:634
  NL step  9, |residual|_2 = 9.252700e+03
  9 SNES Function norm 9.252699867146e+03
  Nonlinear solve did not converge due to DIVERGED_MAX_IT iterations 9
# Warn:     ____ Nonlinear solver diverged (DIVERGED_MAX_IT). Cutting timestep.     @ /work/harpy/src/solver/viscoplastic/VPSolver.cpp:615
# Info:     ====================================================                @ /work/harpy/src/timeloop/Timeloop.cpp:42
# Info:     Solving timestep 50 @ 8.24739e+06s (dt=222222) ...                  @ /work/harpy/src/timeloop/Timeloop.cpp:43
# Info:     ____ Assembling poroelastic problem - total DoFs=501083             @ /work/harpy/src/solver/viscoplastic/VPSolver.cpp:634
  NL step  0, |residual|_2 = 4.639663e+08
  0 SNES Function norm 4.639663234245e+08
    Linear solve converged due to CONVERGED_RTOL iterations 114
# Info:     ____ Assembling poroelastic problem - total DoFs=501083             @ /work/harpy/src/solver/viscoplastic/VPSolver.cpp:634
  NL step  1, |residual|_2 = 4.681321e+07
  1 SNES Function norm 4.681320648737e+07
    Linear solve converged due to CONVERGED_RTOL iterations 114
# Info:     ____ Assembling poroelastic problem - total DoFs=501083             @ /work/harpy/src/solver/viscoplastic/VPSolver.cpp:634
  NL step  2, |residual|_2 = 2.320647e+06
  2 SNES Function norm 2.320646926024e+06
    Linear solve converged due to CONVERGED_RTOL iterations 112
# Info:     ____ Assembling poroelastic problem - total DoFs=501083             @ /work/harpy/src/solver/viscoplastic/VPSolver.cpp:634
  NL step  3, |residual|_2 = 5.409245e+05
  3 SNES Function norm 5.409244821107e+05
    Linear solve converged due to CONVERGED_RTOL iterations 112
# Info:     ____ Assembling poroelastic problem - total DoFs=501083             @ /work/harpy/src/solver/viscoplastic/VPSolver.cpp:634
  NL step  4, |residual|_2 = 1.129617e+05
  4 SNES Function norm 1.129617278670e+05
    Linear solve converged due to CONVERGED_RTOL iterations 116
# Info:     ____ Assembling poroelastic problem - total DoFs=501083             @ /work/harpy/src/solver/viscoplastic/VPSolver.cpp:634
  NL step  5, |residual|_2 = 1.374021e+04
  5 SNES Function norm 1.374020756665e+04
    Linear solve converged due to CONVERGED_RTOL iterations 118
# Info:     ____ Assembling poroelastic problem - total DoFs=501083             @ /work/harpy/src/solver/viscoplastic/VPSolver.cpp:634
  NL step  6, |residual|_2 = 4.707846e+03
  6 SNES Function norm 4.707845508836e+03
  Nonlinear solve converged due to CONVERGED_SNORM_RELATIVE iterations 6
# Info:     ____ Nonlinear solver converged (CONVERGED_SNORM_RELATIVE).         @ /work/harpy/src/solver/viscoplastic/VPSolver.cpp:610
# Info:     ____ System solved at nonlinear iteration 6 , final nonlinear residual norm: 4707.85     @ /work/harpy/src/solver/viscoplastic/VPSolver.cpp:560
# Info:     ====================================================                @ /work/harpy/src/timeloop/Timeloop.cpp:42
# Info:     Solving timestep 51 @ 8.46962e+06s (dt=222222) ...                  @ /work/harpy/src/timeloop/Timeloop.cpp:43
# Info:     ____ Assembling poroelastic problem - total DoFs=501083             @ /work/harpy/src/solver/viscoplastic/VPSolver.cpp:634
  NL step  0, |residual|_2 = 4.477625e+08
  0 SNES Function norm 4.477625176160e+08
    Linear solve converged due to CONVERGED_RTOL iterations 116
# Info:     ____ Assembling poroelastic problem - total DoFs=501083             @ /work/harpy/src/solver/viscoplastic/VPSolver.cpp:634
  NL step  1, |residual|_2 = 4.566665e+07
  1 SNES Function norm 4.566664988869e+07
    Linear solve converged due to CONVERGED_RTOL iterations 114
# Info:     ____ Assembling poroelastic problem - total DoFs=501083             @ /work/harpy/src/solver/viscoplastic/VPSolver.cpp:634
  NL step  2, |residual|_2 = 2.281693e+06
  2 SNES Function norm 2.281692855419e+06
    Linear solve converged due to CONVERGED_RTOL iterations 114
# Info:     ____ Assembling poroelastic problem - total DoFs=501083             @ /work/harpy/src/solver/viscoplastic/VPSolver.cpp:634
  NL step  3, |residual|_2 = 5.537791e+05
  3 SNES Function norm 5.537791436814e+05
    Linear solve converged due to CONVERGED_RTOL iterations 112
# Info:     ____ Assembling poroelastic problem - total DoFs=501083             @ /work/harpy/src/solver/viscoplastic/VPSolver.cpp:634
  NL step  4, |residual|_2 = 1.174664e+05
  4 SNES Function norm 1.174664172498e+05
    Linear solve converged due to CONVERGED_RTOL iterations 116
# Info:     ____ Assembling poroelastic problem - total DoFs=501083             @ /work/harpy/src/solver/viscoplastic/VPSolver.cpp:634
  NL step  5, |residual|_2 = 1.452258e+04
  5 SNES Function norm 1.452258161701e+04
    Linear solve converged due to CONVERGED_RTOL iterations 118
# Info:     ____ Assembling poroelastic problem - total DoFs=501083             @ /work/harpy/src/solver/viscoplastic/VPSolver.cpp:634
  NL step  6, |residual|_2 = 5.475454e+03
  6 SNES Function norm 5.475453722124e+03
    Linear solve converged due to CONVERGED_RTOL iterations 116
# Info:     ____ Assembling poroelastic problem - total DoFs=501083             @ /work/harpy/src/solver/viscoplastic/VPSolver.cpp:634
  NL step  7, |residual|_2 = 9.406969e+02
  7 SNES Function norm 9.406969043115e+02
  Nonlinear solve converged due to CONVERGED_FNORM_RELATIVE iterations 7
# Info:     ____ Nonlinear solver converged (CONVERGED_FNORM_RELATIVE).         @ /work/harpy/src/solver/viscoplastic/VPSolver.cpp:610
# Info:     ____ System solved at nonlinear iteration 7 , final nonlinear residual norm: 940.697     @ /work/harpy/src/solver/viscoplastic/VPSolver.cpp:560
# Info:     ====================================================                @ /work/harpy/src/timeloop/Timeloop.cpp:42
# Info:     Solving timestep 52 @ 8.69184e+06s (dt=222222) ...                  @ /work/harpy/src/timeloop/Timeloop.cpp:43
# Info:     ____ Assembling poroelastic problem - total DoFs=501083             @ /work/harpy/src/solver/viscoplastic/VPSolver.cpp:634
  NL step  0, |residual|_2 = 1.691377e+10
  0 SNES Function norm 1.691377237683e+10
    Linear solve converged due to CONVERGED_RTOL iterations 116
# Info:     ____ Assembling poroelastic problem - total DoFs=501083             @ /work/harpy/src/solver/viscoplastic/VPSolver.cpp:634
  NL step  1, |residual|_2 = 4.581030e+07
  1 SNES Function norm 4.581030145658e+07
    Linear solve converged due to CONVERGED_RTOL iterations 114
# Info:     ____ Assembling poroelastic problem - total DoFs=501083             @ /work/harpy/src/solver/viscoplastic/VPSolver.cpp:634
  NL step  2, |residual|_2 = 6.451270e+06
  2 SNES Function norm 6.451269712378e+06
    Linear solve converged due to CONVERGED_RTOL iterations 118
# Info:     ____ Assembling poroelastic problem - total DoFs=501083             @ /work/harpy/src/solver/viscoplastic/VPSolver.cpp:634
  NL step  3, |residual|_2 = 1.475736e+06
  3 SNES Function norm 1.475735746116e+06
    Linear solve converged due to CONVERGED_RTOL iterations 116
# Info:     ____ Assembling poroelastic problem - total DoFs=501083             @ /work/harpy/src/solver/viscoplastic/VPSolver.cpp:634
  NL step  4, |residual|_2 = 1.677984e+05
  4 SNES Function norm 1.677983632543e+05
  Nonlinear solve converged due to CONVERGED_FNORM_RELATIVE iterations 4
# Info:     ____ Nonlinear solver converged (CONVERGED_FNORM_RELATIVE).         @ /work/harpy/src/solver/viscoplastic/VPSolver.cpp:610
# Info:     ____ System solved at nonlinear iteration 4 , final nonlinear residual norm: 167798     @ /work/harpy/src/solver/viscoplastic/VPSolver.cpp:560
# Info:     ====================================================                @ /work/harpy/src/timeloop/Timeloop.cpp:42
# Info:     Solving timestep 53 @ 8.91406e+06s (dt=222222) ...                  @ /work/harpy/src/timeloop/Timeloop.cpp:43
# Info:     ____ Assembling poroelastic problem - total DoFs=501083             @ /work/harpy/src/solver/viscoplastic/VPSolver.cpp:634
  NL step  0, |residual|_2 = 4.663611e+08
  0 SNES Function norm 4.663611117893e+08
    Linear solve converged due to CONVERGED_RTOL iterations 116
# Info:     ____ Assembling poroelastic problem - total DoFs=501083             @ /work/harpy/src/solver/viscoplastic/VPSolver.cpp:634
  NL step  1, |residual|_2 = 4.723930e+07
  1 SNES Function norm 4.723930324868e+07
    Linear solve converged due to CONVERGED_RTOL iterations 120
# Info:     ____ Assembling poroelastic problem - total DoFs=501083             @ /work/harpy/src/solver/viscoplastic/VPSolver.cpp:634
  NL step  2, |residual|_2 = 2.415719e+06
  2 SNES Function norm 2.415718918579e+06
    Linear solve converged due to CONVERGED_RTOL iterations 114
# Info:     ____ Assembling poroelastic problem - total DoFs=501083             @ /work/harpy/src/solver/viscoplastic/VPSolver.cpp:634
  NL step  3, |residual|_2 = 5.121097e+05
  3 SNES Function norm 5.121097076493e+05
    Linear solve converged due to CONVERGED_RTOL iterations 114
# Info:     ____ Assembling poroelastic problem - total DoFs=501083             @ /work/harpy/src/solver/viscoplastic/VPSolver.cpp:634
  NL step  4, |residual|_2 = 1.083816e+05
  4 SNES Function norm 1.083815840272e+05
    Linear solve converged due to CONVERGED_RTOL iterations 120
# Info:     ____ Assembling poroelastic problem - total DoFs=501083             @ /work/harpy/src/solver/viscoplastic/VPSolver.cpp:634
  NL step  5, |residual|_2 = 1.386019e+04
  5 SNES Function norm 1.386018961604e+04
    Linear solve converged due to CONVERGED_RTOL iterations 116
# Info:     ____ Assembling poroelastic problem - total DoFs=501083             @ /work/harpy/src/solver/viscoplastic/VPSolver.cpp:634
  NL step  6, |residual|_2 = 4.506273e+03
  6 SNES Function norm 4.506272955565e+03
  Nonlinear solve converged due to CONVERGED_FNORM_RELATIVE iterations 6
# Info:     ____ Nonlinear solver converged (CONVERGED_FNORM_RELATIVE).         @ /work/harpy/src/solver/viscoplastic/VPSolver.cpp:610
# Info:     ____ System solved at nonlinear iteration 6 , final nonlinear residual norm: 4506.27     @ /work/harpy/src/solver/viscoplastic/VPSolver.cpp:560
# Info:     ====================================================                @ /work/harpy/src/timeloop/Timeloop.cpp:42
# Info:     Solving timestep 54 @ 9.24739e+06s (dt=333333) ...                  @ /work/harpy/src/timeloop/Timeloop.cpp:43
# Info:     ____ Assembling poroelastic problem - total DoFs=501083             @ /work/harpy/src/solver/viscoplastic/VPSolver.cpp:634
  NL step  0, |residual|_2 = 6.742975e+08
  0 SNES Function norm 6.742975021624e+08
    Linear solve converged due to CONVERGED_RTOL iterations 116
# Info:     ____ Assembling poroelastic problem - total DoFs=501083             @ /work/harpy/src/solver/viscoplastic/VPSolver.cpp:634
  NL step  1, |residual|_2 = 1.036666e+08
  1 SNES Function norm 1.036665761743e+08
    Linear solve converged due to CONVERGED_RTOL iterations 114
# Info:     ____ Assembling poroelastic problem - total DoFs=501083             @ /work/harpy/src/solver/viscoplastic/VPSolver.cpp:634
  NL step  2, |residual|_2 = 7.809629e+06
  2 SNES Function norm 7.809629015828e+06
    Linear solve converged due to CONVERGED_RTOL iterations 118
# Info:     ____ Assembling poroelastic problem - total DoFs=501083             @ /work/harpy/src/solver/viscoplastic/VPSolver.cpp:634
  NL step  3, |residual|_2 = 3.231016e+06
  3 SNES Function norm 3.231015625036e+06
    Linear solve converged due to CONVERGED_RTOL iterations 118
# Info:     ____ Assembling poroelastic problem - total DoFs=501083             @ /work/harpy/src/solver/viscoplastic/VPSolver.cpp:634
  NL step  4, |residual|_2 = 9.522951e+05
  4 SNES Function norm 9.522950813397e+05
    Linear solve converged due to CONVERGED_RTOL iterations 116
# Info:     ____ Assembling poroelastic problem - total DoFs=501083             @ /work/harpy/src/solver/viscoplastic/VPSolver.cpp:634
  NL step  5, |residual|_2 = 2.357835e+05
  5 SNES Function norm 2.357834675003e+05
    Linear solve converged due to CONVERGED_RTOL iterations 120
# Info:     ____ Assembling poroelastic problem - total DoFs=501083             @ /work/harpy/src/solver/viscoplastic/VPSolver.cpp:634
  NL step  6, |residual|_2 = 1.458152e+05
  6 SNES Function norm 1.458151607870e+05
    Linear solve converged due to CONVERGED_RTOL iterations 116
# Info:     ____ Assembling poroelastic problem - total DoFs=501083             @ /work/harpy/src/solver/viscoplastic/VPSolver.cpp:634
  NL step  7, |residual|_2 = 2.511074e+04
  7 SNES Function norm 2.511074346405e+04
    Linear solve converged due to CONVERGED_RTOL iterations 122
# Info:     ____ Assembling poroelastic problem - total DoFs=501083             @ /work/harpy/src/solver/viscoplastic/VPSolver.cpp:634
  NL step  8, |residual|_2 = 2.019081e+04
  8 SNES Function norm 2.019081294762e+04
    Linear solve converged due to CONVERGED_RTOL iterations 118
# Info:     ____ Assembling poroelastic problem - total DoFs=501083             @ /work/harpy/src/solver/viscoplastic/VPSolver.cpp:634
  NL step  9, |residual|_2 = 1.143197e+04
  9 SNES Function norm 1.143197477166e+04
  Nonlinear solve did not converge due to DIVERGED_MAX_IT iterations 9
# Warn:     ____ Nonlinear solver diverged (DIVERGED_MAX_IT). Cutting timestep.     @ /work/harpy/src/solver/viscoplastic/VPSolver.cpp:615
# Info:     ====================================================                @ /work/harpy/src/timeloop/Timeloop.cpp:42
# Info:     Solving timestep 54 @ 9.13628e+06s (dt=222222) ...                  @ /work/harpy/src/timeloop/Timeloop.cpp:43
# Info:     ____ Assembling poroelastic problem - total DoFs=501083             @ /work/harpy/src/solver/viscoplastic/VPSolver.cpp:634
  NL step  0, |residual|_2 = 4.495318e+08
  0 SNES Function norm 4.495317650097e+08
    Linear solve converged due to CONVERGED_RTOL iterations 116
# Info:     ____ Assembling poroelastic problem - total DoFs=501083             @ /work/harpy/src/solver/viscoplastic/VPSolver.cpp:634
  NL step  1, |residual|_2 = 4.602677e+07
  1 SNES Function norm 4.602676674981e+07
    Linear solve converged due to CONVERGED_RTOL iterations 112
# Info:     ____ Assembling poroelastic problem - total DoFs=501083             @ /work/harpy/src/solver/viscoplastic/VPSolver.cpp:634
  NL step  2, |residual|_2 = 2.371790e+06
  2 SNES Function norm 2.371789740729e+06
    Linear solve converged due to CONVERGED_RTOL iterations 116
# Info:     ____ Assembling poroelastic problem - total DoFs=501083             @ /work/harpy/src/solver/viscoplastic/VPSolver.cpp:634
  NL step  3, |residual|_2 = 5.257483e+05
  3 SNES Function norm 5.257483200644e+05
    Linear solve converged due to CONVERGED_RTOL iterations 116
# Info:     ____ Assembling poroelastic problem - total DoFs=501083             @ /work/harpy/src/solver/viscoplastic/VPSolver.cpp:634
  NL step  4, |residual|_2 = 1.128146e+05
  4 SNES Function norm 1.128146298623e+05
    Linear solve converged due to CONVERGED_RTOL iterations 114
# Info:     ____ Assembling poroelastic problem - total DoFs=501083             @ /work/harpy/src/solver/viscoplastic/VPSolver.cpp:634
  NL step  5, |residual|_2 = 1.466985e+04
  5 SNES Function norm 1.466985275054e+04
    Linear solve converged due to CONVERGED_RTOL iterations 120
# Info:     ____ Assembling poroelastic problem - total DoFs=501083             @ /work/harpy/src/solver/viscoplastic/VPSolver.cpp:634
  NL step  6, |residual|_2 = 5.247626e+03
  6 SNES Function norm 5.247626112621e+03
    Linear solve converged due to CONVERGED_RTOL iterations 118
# Info:     ____ Assembling poroelastic problem - total DoFs=501083             @ /work/harpy/src/solver/viscoplastic/VPSolver.cpp:634
  NL step  7, |residual|_2 = 8.985594e+02
  7 SNES Function norm 8.985594143409e+02
  Nonlinear solve converged due to CONVERGED_FNORM_RELATIVE iterations 7
# Info:     ____ Nonlinear solver converged (CONVERGED_FNORM_RELATIVE).         @ /work/harpy/src/solver/viscoplastic/VPSolver.cpp:610
# Info:     ____ System solved at nonlinear iteration 7 , final nonlinear residual norm: 898.559     @ /work/harpy/src/solver/viscoplastic/VPSolver.cpp:560
# Info:     ====================================================                @ /work/harpy/src/timeloop/Timeloop.cpp:42
# Info:     Solving timestep 55 @ 9.3585e+06s (dt=222222) ...                   @ /work/harpy/src/timeloop/Timeloop.cpp:43
# Info:     ____ Assembling poroelastic problem - total DoFs=501083             @ /work/harpy/src/solver/viscoplastic/VPSolver.cpp:634
  NL step  0, |residual|_2 = 4.330490e+08
  0 SNES Function norm 4.330489805416e+08
    Linear solve converged due to CONVERGED_RTOL iterations 120
# Info:     ____ Assembling poroelastic problem - total DoFs=501083             @ /work/harpy/src/solver/viscoplastic/VPSolver.cpp:634
  NL step  1, |residual|_2 = 4.483251e+07
  1 SNES Function norm 4.483250526866e+07
    Linear solve converged due to CONVERGED_RTOL iterations 116
# Info:     ____ Assembling poroelastic problem - total DoFs=501083             @ /work/harpy/src/solver/viscoplastic/VPSolver.cpp:634
  NL step  2, |residual|_2 = 2.330718e+06
  2 SNES Function norm 2.330718147769e+06
    Linear solve converged due to CONVERGED_RTOL iterations 118
# Info:     ____ Assembling poroelastic problem - total DoFs=501083             @ /work/harpy/src/solver/viscoplastic/VPSolver.cpp:634
  NL step  3, |residual|_2 = 5.414309e+05
  3 SNES Function norm 5.414309206275e+05
    Linear solve converged due to CONVERGED_RTOL iterations 112
# Info:     ____ Assembling poroelastic problem - total DoFs=501083             @ /work/harpy/src/solver/viscoplastic/VPSolver.cpp:634
  NL step  4, |residual|_2 = 1.177641e+05
  4 SNES Function norm 1.177640691412e+05
    Linear solve converged due to CONVERGED_RTOL iterations 112
# Info:     ____ Assembling poroelastic problem - total DoFs=501083             @ /work/harpy/src/solver/viscoplastic/VPSolver.cpp:634
  NL step  5, |residual|_2 = 1.562196e+04
  5 SNES Function norm 1.562196108216e+04
    Linear solve converged due to CONVERGED_RTOL iterations 120
# Info:     ____ Assembling poroelastic problem - total DoFs=501083             @ /work/harpy/src/solver/viscoplastic/VPSolver.cpp:634
  NL step  6, |residual|_2 = 6.139626e+03
  6 SNES Function norm 6.139626212800e+03
    Linear solve converged due to CONVERGED_RTOL iterations 114
# Info:     ____ Assembling poroelastic problem - total DoFs=501083             @ /work/harpy/src/solver/viscoplastic/VPSolver.cpp:634
  NL step  7, |residual|_2 = 1.062501e+03
  7 SNES Function norm 1.062501293570e+03
  Nonlinear solve converged due to CONVERGED_FNORM_RELATIVE iterations 7
# Info:     ____ Nonlinear solver converged (CONVERGED_FNORM_RELATIVE).         @ /work/harpy/src/solver/viscoplastic/VPSolver.cpp:610
# Info:     ____ System solved at nonlinear iteration 7 , final nonlinear residual norm: 1062.5     @ /work/harpy/src/solver/viscoplastic/VPSolver.cpp:560
# Info:     ====================================================                @ /work/harpy/src/timeloop/Timeloop.cpp:42
# Info:     Solving timestep 56 @ 9.58073e+06s (dt=222222) ...                  @ /work/harpy/src/timeloop/Timeloop.cpp:43
# Info:     ____ Assembling poroelastic problem - total DoFs=501083             @ /work/harpy/src/solver/viscoplastic/VPSolver.cpp:634
  NL step  0, |residual|_2 = 4.170164e+08
  0 SNES Function norm 4.170164433566e+08
    Linear solve converged due to CONVERGED_RTOL iterations 114
# Info:     ____ Assembling poroelastic problem - total DoFs=501083             @ /work/harpy/src/solver/viscoplastic/VPSolver.cpp:634
  NL step  1, |residual|_2 = 4.365447e+07
  1 SNES Function norm 4.365446848212e+07
    Linear solve converged due to CONVERGED_RTOL iterations 112
# Info:     ____ Assembling poroelastic problem - total DoFs=501083             @ /work/harpy/src/solver/viscoplastic/VPSolver.cpp:634
  NL step  2, |residual|_2 = 2.290191e+06
  2 SNES Function norm 2.290190967772e+06
    Linear solve converged due to CONVERGED_RTOL iterations 118
# Info:     ____ Assembling poroelastic problem - total DoFs=501083             @ /work/harpy/src/solver/viscoplastic/VPSolver.cpp:634
  NL step  3, |residual|_2 = 5.599139e+05
  3 SNES Function norm 5.599138584404e+05
    Linear solve converged due to CONVERGED_RTOL iterations 114
# Info:     ____ Assembling poroelastic problem - total DoFs=501083             @ /work/harpy/src/solver/viscoplastic/VPSolver.cpp:634
  NL step  4, |residual|_2 = 1.233043e+05
  4 SNES Function norm 1.233042952201e+05
    Linear solve converged due to CONVERGED_RTOL iterations 116
# Info:     ____ Assembling poroelastic problem - total DoFs=501083             @ /work/harpy/src/solver/viscoplastic/VPSolver.cpp:634
  NL step  5, |residual|_2 = 1.677975e+04
  5 SNES Function norm 1.677974501522e+04
    Linear solve converged due to CONVERGED_RTOL iterations 120
# Info:     ____ Assembling poroelastic problem - total DoFs=501083             @ /work/harpy/src/solver/viscoplastic/VPSolver.cpp:634
  NL step  6, |residual|_2 = 7.224005e+03
  6 SNES Function norm 7.224005307774e+03
    Linear solve converged due to CONVERGED_RTOL iterations 114
# Info:     ____ Assembling poroelastic problem - total DoFs=501083             @ /work/harpy/src/solver/viscoplastic/VPSolver.cpp:634
  NL step  7, |residual|_2 = 1.263177e+03
  7 SNES Function norm 1.263176551488e+03
  Nonlinear solve converged due to CONVERGED_FNORM_RELATIVE iterations 7
# Info:     ____ Nonlinear solver converged (CONVERGED_FNORM_RELATIVE).         @ /work/harpy/src/solver/viscoplastic/VPSolver.cpp:610
# Info:     ____ System solved at nonlinear iteration 7 , final nonlinear residual norm: 1263.18     @ /work/harpy/src/solver/viscoplastic/VPSolver.cpp:560
# Info:     ====================================================                @ /work/harpy/src/timeloop/Timeloop.cpp:42
# Info:     Solving timestep 57 @ 9.80295e+06s (dt=222222) ...                  @ /work/harpy/src/timeloop/Timeloop.cpp:43
# Info:     ____ Assembling poroelastic problem - total DoFs=501083             @ /work/harpy/src/solver/viscoplastic/VPSolver.cpp:634
  NL step  0, |residual|_2 = 1.522721e+10
  0 SNES Function norm 1.522721048103e+10
    Linear solve converged due to CONVERGED_RTOL iterations 114
# Info:     ____ Assembling poroelastic problem - total DoFs=501083             @ /work/harpy/src/solver/viscoplastic/VPSolver.cpp:634
  NL step  1, |residual|_2 = 4.381049e+07
  1 SNES Function norm 4.381048551820e+07
    Linear solve converged due to CONVERGED_RTOL iterations 114
# Info:     ____ Assembling poroelastic problem - total DoFs=501083             @ /work/harpy/src/solver/viscoplastic/VPSolver.cpp:634
  NL step  2, |residual|_2 = 6.542607e+06
  2 SNES Function norm 6.542607417901e+06
    Linear solve converged due to CONVERGED_RTOL iterations 118
# Info:     ____ Assembling poroelastic problem - total DoFs=501083             @ /work/harpy/src/solver/viscoplastic/VPSolver.cpp:634
  NL step  3, |residual|_2 = 1.563160e+06
  3 SNES Function norm 1.563159899576e+06
    Linear solve converged due to CONVERGED_RTOL iterations 120
# Info:     ____ Assembling poroelastic problem - total DoFs=501083             @ /work/harpy/src/solver/viscoplastic/VPSolver.cpp:634
  NL step  4, |residual|_2 = 1.863887e+05
  4 SNES Function norm 1.863887325866e+05
    Linear solve converged due to CONVERGED_RTOL iterations 124
# Info:     ____ Assembling poroelastic problem - total DoFs=501083             @ /work/harpy/src/solver/viscoplastic/VPSolver.cpp:634
  NL step  5, |residual|_2 = 1.931292e+04
  5 SNES Function norm 1.931291825116e+04
  Nonlinear solve converged due to CONVERGED_FNORM_RELATIVE iterations 5
# Info:     ____ Nonlinear solver converged (CONVERGED_FNORM_RELATIVE).         @ /work/harpy/src/solver/viscoplastic/VPSolver.cpp:610
# Info:     ____ System solved at nonlinear iteration 5 , final nonlinear residual norm: 19312.9     @ /work/harpy/src/solver/viscoplastic/VPSolver.cpp:560
# Info:     ====================================================                @ /work/harpy/src/timeloop/Timeloop.cpp:42
# Info:     Solving timestep 58 @ 1.01363e+07s (dt=333333) ...                  @ /work/harpy/src/timeloop/Timeloop.cpp:43
# Info:     ____ Assembling poroelastic problem - total DoFs=501083             @ /work/harpy/src/solver/viscoplastic/VPSolver.cpp:634
  NL step  0, |residual|_2 = 6.495723e+08
  0 SNES Function norm 6.495723347266e+08
    Linear solve converged due to CONVERGED_RTOL iterations 116
# Info:     ____ Assembling poroelastic problem - total DoFs=501083             @ /work/harpy/src/solver/viscoplastic/VPSolver.cpp:634
  NL step  1, |residual|_2 = 1.016431e+08
  1 SNES Function norm 1.016430601726e+08
    Linear solve converged due to CONVERGED_RTOL iterations 116
# Info:     ____ Assembling poroelastic problem - total DoFs=501083             @ /work/harpy/src/solver/viscoplastic/VPSolver.cpp:634
  NL step  2, |residual|_2 = 8.002303e+06
  2 SNES Function norm 8.002303422247e+06
    Linear solve converged due to CONVERGED_RTOL iterations 116
# Info:     ____ Assembling poroelastic problem - total DoFs=501083             @ /work/harpy/src/solver/viscoplastic/VPSolver.cpp:634
  NL step  3, |residual|_2 = 3.209733e+06
  3 SNES Function norm 3.209732643747e+06
    Linear solve converged due to CONVERGED_RTOL iterations 116
# Info:     ____ Assembling poroelastic problem - total DoFs=501083             @ /work/harpy/src/solver/viscoplastic/VPSolver.cpp:634
  NL step  4, |residual|_2 = 9.678991e+05
  4 SNES Function norm 9.678990943807e+05
    Linear solve converged due to CONVERGED_RTOL iterations 122
# Info:     ____ Assembling poroelastic problem - total DoFs=501083             @ /work/harpy/src/solver/viscoplastic/VPSolver.cpp:634
  NL step  5, |residual|_2 = 2.619782e+05
  5 SNES Function norm 2.619781523087e+05
    Linear solve converged due to CONVERGED_RTOL iterations 120
# Info:     ____ Assembling poroelastic problem - total DoFs=501083             @ /work/harpy/src/solver/viscoplastic/VPSolver.cpp:634
  NL step  6, |residual|_2 = 1.594284e+05
  6 SNES Function norm 1.594284311256e+05
    Linear solve converged due to CONVERGED_RTOL iterations 116
# Info:     ____ Assembling poroelastic problem - total DoFs=501083             @ /work/harpy/src/solver/viscoplastic/VPSolver.cpp:634
  NL step  7, |residual|_2 = 2.714330e+04
  7 SNES Function norm 2.714329536793e+04
    Linear solve converged due to CONVERGED_RTOL iterations 116
# Info:     ____ Assembling poroelastic problem - total DoFs=501083             @ /work/harpy/src/solver/viscoplastic/VPSolver.cpp:634
  NL step  8, |residual|_2 = 2.407790e+04
  8 SNES Function norm 2.407790100291e+04
    Linear solve converged due to CONVERGED_RTOL iterations 116
# Info:     ____ Assembling poroelastic problem - total DoFs=501083             @ /work/harpy/src/solver/viscoplastic/VPSolver.cpp:634
  NL step  9, |residual|_2 = 1.348041e+04
  9 SNES Function norm 1.348040585449e+04
  Nonlinear solve did not converge due to DIVERGED_MAX_IT iterations 9
# Warn:     ____ Nonlinear solver diverged (DIVERGED_MAX_IT). Cutting timestep.     @ /work/harpy/src/solver/viscoplastic/VPSolver.cpp:615
# Info:     ====================================================                @ /work/harpy/src/timeloop/Timeloop.cpp:42
# Info:     Solving timestep 58 @ 1.00252e+07s (dt=222222) ...                  @ /work/harpy/src/timeloop/Timeloop.cpp:43
# Info:     ____ Assembling poroelastic problem - total DoFs=501083             @ /work/harpy/src/solver/viscoplastic/VPSolver.cpp:634
  NL step  0, |residual|_2 = 4.330495e+08
  0 SNES Function norm 4.330495458664e+08
    Linear solve converged due to CONVERGED_RTOL iterations 118
# Info:     ____ Assembling poroelastic problem - total DoFs=501083             @ /work/harpy/src/solver/viscoplastic/VPSolver.cpp:634
  NL step  1, |residual|_2 = 4.512330e+07
  1 SNES Function norm 4.512329742553e+07
    Linear solve converged due to CONVERGED_RTOL iterations 118
# Info:     ____ Assembling poroelastic problem - total DoFs=501083             @ /work/harpy/src/solver/viscoplastic/VPSolver.cpp:634
  NL step  2, |residual|_2 = 2.426970e+06
  2 SNES Function norm 2.426970047574e+06
    Linear solve converged due to CONVERGED_RTOL iterations 114
# Info:     ____ Assembling poroelastic problem - total DoFs=501083             @ /work/harpy/src/solver/viscoplastic/VPSolver.cpp:634
  NL step  3, |residual|_2 = 5.206370e+05
  3 SNES Function norm 5.206369561990e+05
    Linear solve converged due to CONVERGED_RTOL iterations 116
# Info:     ____ Assembling poroelastic problem - total DoFs=501083             @ /work/harpy/src/solver/viscoplastic/VPSolver.cpp:634
  NL step  4, |residual|_2 = 1.144860e+05
  4 SNES Function norm 1.144860100908e+05
    Linear solve converged due to CONVERGED_RTOL iterations 114
# Info:     ____ Assembling poroelastic problem - total DoFs=501083             @ /work/harpy/src/solver/viscoplastic/VPSolver.cpp:634
  NL step  5, |residual|_2 = 1.614371e+04
  5 SNES Function norm 1.614371449730e+04
    Linear solve converged due to CONVERGED_RTOL iterations 118
# Info:     ____ Assembling poroelastic problem - total DoFs=501083             @ /work/harpy/src/solver/viscoplastic/VPSolver.cpp:634
  NL step  6, |residual|_2 = 5.721905e+03
  6 SNES Function norm 5.721905259915e+03
    Linear solve converged due to CONVERGED_RTOL iterations 118
# Info:     ____ Assembling poroelastic problem - total DoFs=501083             @ /work/harpy/src/solver/viscoplastic/VPSolver.cpp:634
  NL step  7, |residual|_2 = 9.892332e+02
  7 SNES Function norm 9.892332001228e+02
  Nonlinear solve converged due to CONVERGED_FNORM_RELATIVE iterations 7
# Info:     ____ Nonlinear solver converged (CONVERGED_FNORM_RELATIVE).         @ /work/harpy/src/solver/viscoplastic/VPSolver.cpp:610
# Info:     ____ System solved at nonlinear iteration 7 , final nonlinear residual norm: 989.233     @ /work/harpy/src/solver/viscoplastic/VPSolver.cpp:560
# Info:     ====================================================                @ /work/harpy/src/timeloop/Timeloop.cpp:42
# Info:     Solving timestep 59 @ 1.02474e+07s (dt=222222) ...                  @ /work/harpy/src/timeloop/Timeloop.cpp:43
# Info:     ____ Assembling poroelastic problem - total DoFs=501083             @ /work/harpy/src/solver/viscoplastic/VPSolver.cpp:634
  NL step  0, |residual|_2 = 4.164599e+08
  0 SNES Function norm 4.164598619638e+08
    Linear solve converged due to CONVERGED_RTOL iterations 114
# Info:     ____ Assembling poroelastic problem - total DoFs=501083             @ /work/harpy/src/solver/viscoplastic/VPSolver.cpp:634
  NL step  1, |residual|_2 = 4.389492e+07
  1 SNES Function norm 4.389492187427e+07
    Linear solve converged due to CONVERGED_RTOL iterations 114
# Info:     ____ Assembling poroelastic problem - total DoFs=501083             @ /work/harpy/src/solver/viscoplastic/VPSolver.cpp:634
  NL step  2, |residual|_2 = 2.383831e+06
  2 SNES Function norm 2.383830975579e+06
    Linear solve converged due to CONVERGED_RTOL iterations 114
# Info:     ____ Assembling poroelastic problem - total DoFs=501083             @ /work/harpy/src/solver/viscoplastic/VPSolver.cpp:634
  NL step  3, |residual|_2 = 5.385177e+05
  3 SNES Function norm 5.385176871088e+05
    Linear solve converged due to CONVERGED_RTOL iterations 116
# Info:     ____ Assembling poroelastic problem - total DoFs=501083             @ /work/harpy/src/solver/viscoplastic/VPSolver.cpp:634
  NL step  4, |residual|_2 = 1.197591e+05
  4 SNES Function norm 1.197590818820e+05
    Linear solve converged due to CONVERGED_RTOL iterations 116
# Info:     ____ Assembling poroelastic problem - total DoFs=501083             @ /work/harpy/src/solver/viscoplastic/VPSolver.cpp:634
  NL step  5, |residual|_2 = 1.727224e+04
  5 SNES Function norm 1.727223574257e+04
    Linear solve converged due to CONVERGED_RTOL iterations 120
# Info:     ____ Assembling poroelastic problem - total DoFs=501083             @ /work/harpy/src/solver/viscoplastic/VPSolver.cpp:634
  NL step  6, |residual|_2 = 6.727596e+03
  6 SNES Function norm 6.727596378436e+03
    Linear solve converged due to CONVERGED_RTOL iterations 116
# Info:     ____ Assembling poroelastic problem - total DoFs=501083             @ /work/harpy/src/solver/viscoplastic/VPSolver.cpp:634
  NL step  7, |residual|_2 = 1.172286e+03
  7 SNES Function norm 1.172286458320e+03
  Nonlinear solve converged due to CONVERGED_FNORM_RELATIVE iterations 7
# Info:     ____ Nonlinear solver converged (CONVERGED_FNORM_RELATIVE).         @ /work/harpy/src/solver/viscoplastic/VPSolver.cpp:610
# Info:     ____ System solved at nonlinear iteration 7 , final nonlinear residual norm: 1172.29     @ /work/harpy/src/solver/viscoplastic/VPSolver.cpp:560
# Info:     ====================================================                @ /work/harpy/src/timeloop/Timeloop.cpp:42
# Info:     Solving timestep 60 @ 1.04696e+07s (dt=222222) ...                  @ /work/harpy/src/timeloop/Timeloop.cpp:43
# Info:     ____ Assembling poroelastic problem - total DoFs=501083             @ /work/harpy/src/solver/viscoplastic/VPSolver.cpp:634
  NL step  0, |residual|_2 = 4.003687e+08
  0 SNES Function norm 4.003687341987e+08
    Linear solve converged due to CONVERGED_RTOL iterations 116
# Info:     ____ Assembling poroelastic problem - total DoFs=501083             @ /work/harpy/src/solver/viscoplastic/VPSolver.cpp:634
  NL step  1, |residual|_2 = 4.268640e+07
  1 SNES Function norm 4.268639735482e+07
    Linear solve converged due to CONVERGED_RTOL iterations 118
# Info:     ____ Assembling poroelastic problem - total DoFs=501083             @ /work/harpy/src/solver/viscoplastic/VPSolver.cpp:634
  NL step  2, |residual|_2 = 2.341548e+06
  2 SNES Function norm 2.341548178499e+06
    Linear solve converged due to CONVERGED_RTOL iterations 114
# Info:     ____ Assembling poroelastic problem - total DoFs=501083             @ /work/harpy/src/solver/viscoplastic/VPSolver.cpp:634
  NL step  3, |residual|_2 = 5.597123e+05
  3 SNES Function norm 5.597123299069e+05
    Linear solve converged due to CONVERGED_RTOL iterations 112
# Info:     ____ Assembling poroelastic problem - total DoFs=501083             @ /work/harpy/src/solver/viscoplastic/VPSolver.cpp:634
  NL step  4, |residual|_2 = 1.256839e+05
  4 SNES Function norm 1.256838807750e+05
    Linear solve converged due to CONVERGED_RTOL iterations 116
# Info:     ____ Assembling poroelastic problem - total DoFs=501083             @ /work/harpy/src/solver/viscoplastic/VPSolver.cpp:634
  NL step  5, |residual|_2 = 1.865725e+04
  5 SNES Function norm 1.865724933841e+04
    Linear solve converged due to CONVERGED_RTOL iterations 116
# Info:     ____ Assembling poroelastic problem - total DoFs=501083             @ /work/harpy/src/solver/viscoplastic/VPSolver.cpp:634
  NL step  6, |residual|_2 = 7.963386e+03
  6 SNES Function norm 7.963386427623e+03
    Linear solve converged due to CONVERGED_RTOL iterations 122
# Info:     ____ Assembling poroelastic problem - total DoFs=501083             @ /work/harpy/src/solver/viscoplastic/VPSolver.cpp:634
  NL step  7, |residual|_2 = 1.397832e+03
  7 SNES Function norm 1.397831815471e+03
  Nonlinear solve converged due to CONVERGED_FNORM_RELATIVE iterations 7
# Info:     ____ Nonlinear solver converged (CONVERGED_FNORM_RELATIVE).         @ /work/harpy/src/solver/viscoplastic/VPSolver.cpp:610
# Info:     ____ System solved at nonlinear iteration 7 , final nonlinear residual norm: 1397.83     @ /work/harpy/src/solver/viscoplastic/VPSolver.cpp:560
# Info:     ====================================================                @ /work/harpy/src/timeloop/Timeloop.cpp:42
# Info:     Solving timestep 61 @ 1.06918e+07s (dt=222222) ...                  @ /work/harpy/src/timeloop/Timeloop.cpp:43
# Info:     ____ Assembling poroelastic problem - total DoFs=501083             @ /work/harpy/src/solver/viscoplastic/VPSolver.cpp:634
  NL step  0, |residual|_2 = 1.386559e+10
  0 SNES Function norm 1.386558929159e+10
    Linear solve converged due to CONVERGED_RTOL iterations 116
# Info:     ____ Assembling poroelastic problem - total DoFs=501083             @ /work/harpy/src/solver/viscoplastic/VPSolver.cpp:634
  NL step  1, |residual|_2 = 4.266948e+07
  1 SNES Function norm 4.266947519254e+07
    Linear solve converged due to CONVERGED_RTOL iterations 116
# Info:     ____ Assembling poroelastic problem - total DoFs=501083             @ /work/harpy/src/solver/viscoplastic/VPSolver.cpp:634
  NL step  2, |residual|_2 = 6.233481e+06
  2 SNES Function norm 6.233481117390e+06
    Linear solve converged due to CONVERGED_RTOL iterations 126
# Info:     ____ Assembling poroelastic problem - total DoFs=501083             @ /work/harpy/src/solver/viscoplastic/VPSolver.cpp:634
  NL step  3, |residual|_2 = 1.548712e+06
  3 SNES Function norm 1.548712013305e+06
    Linear solve converged due to CONVERGED_RTOL iterations 120
# Info:     ____ Assembling poroelastic problem - total DoFs=501083             @ /work/harpy/src/solver/viscoplastic/VPSolver.cpp:634
  NL step  4, |residual|_2 = 1.900851e+05
  4 SNES Function norm 1.900851315493e+05
    Linear solve converged due to CONVERGED_RTOL iterations 116
# Info:     ____ Assembling poroelastic problem - total DoFs=501083             @ /work/harpy/src/solver/viscoplastic/VPSolver.cpp:634
  NL step  5, |residual|_2 = 1.969762e+04
  5 SNES Function norm 1.969761678124e+04
  Nonlinear solve converged due to CONVERGED_FNORM_RELATIVE iterations 5
# Info:     ____ Nonlinear solver converged (CONVERGED_FNORM_RELATIVE).         @ /work/harpy/src/solver/viscoplastic/VPSolver.cpp:610
# Info:     ____ System solved at nonlinear iteration 5 , final nonlinear residual norm: 19697.6     @ /work/harpy/src/solver/viscoplastic/VPSolver.cpp:560
# Info:     ====================================================                @ /work/harpy/src/timeloop/Timeloop.cpp:42
# Info:     Solving timestep 62 @ 1.10252e+07s (dt=333333) ...                  @ /work/harpy/src/timeloop/Timeloop.cpp:43
# Info:     ____ Assembling poroelastic problem - total DoFs=501083             @ /work/harpy/src/solver/viscoplastic/VPSolver.cpp:634
  NL step  0, |residual|_2 = 6.201770e+08
  0 SNES Function norm 6.201769607665e+08
    Linear solve converged due to CONVERGED_RTOL iterations 116
# Info:     ____ Assembling poroelastic problem - total DoFs=501083             @ /work/harpy/src/solver/viscoplastic/VPSolver.cpp:634
  NL step  1, |residual|_2 = 9.903585e+07
  1 SNES Function norm 9.903585370324e+07
    Linear solve converged due to CONVERGED_RTOL iterations 118
# Info:     ____ Assembling poroelastic problem - total DoFs=501083             @ /work/harpy/src/solver/viscoplastic/VPSolver.cpp:634
  NL step  2, |residual|_2 = 8.141422e+06
  2 SNES Function norm 8.141422011646e+06
    Linear solve converged due to CONVERGED_RTOL iterations 114
# Info:     ____ Assembling poroelastic problem - total DoFs=501083             @ /work/harpy/src/solver/viscoplastic/VPSolver.cpp:634
  NL step  3, |residual|_2 = 3.241707e+06
  3 SNES Function norm 3.241706537486e+06
    Linear solve converged due to CONVERGED_RTOL iterations 112
# Info:     ____ Assembling poroelastic problem - total DoFs=501083             @ /work/harpy/src/solver/viscoplastic/VPSolver.cpp:634
  NL step  4, |residual|_2 = 9.957847e+05
  4 SNES Function norm 9.957847395759e+05
    Linear solve converged due to CONVERGED_RTOL iterations 120
# Info:     ____ Assembling poroelastic problem - total DoFs=501083             @ /work/harpy/src/solver/viscoplastic/VPSolver.cpp:634
  NL step  5, |residual|_2 = 2.953709e+05
  5 SNES Function norm 2.953709118782e+05
    Linear solve converged due to CONVERGED_RTOL iterations 118
# Info:     ____ Assembling poroelastic problem - total DoFs=501083             @ /work/harpy/src/solver/viscoplastic/VPSolver.cpp:634
  NL step  6, |residual|_2 = 1.782711e+05
  6 SNES Function norm 1.782710945663e+05
    Linear solve converged due to CONVERGED_RTOL iterations 116
# Info:     ____ Assembling poroelastic problem - total DoFs=501083             @ /work/harpy/src/solver/viscoplastic/VPSolver.cpp:634
  NL step  7, |residual|_2 = 2.979675e+04
  7 SNES Function norm 2.979674899686e+04
    Linear solve converged due to CONVERGED_RTOL iterations 116
# Info:     ____ Assembling poroelastic problem - total DoFs=501083             @ /work/harpy/src/solver/viscoplastic/VPSolver.cpp:634
  NL step  8, |residual|_2 = 2.990454e+04
  8 SNES Function norm 2.990454329249e+04
    Linear solve converged due to CONVERGED_RTOL iterations 114
# Info:     ____ Assembling poroelastic problem - total DoFs=501083             @ /work/harpy/src/solver/viscoplastic/VPSolver.cpp:634
  NL step  9, |residual|_2 = 1.656318e+04
  9 SNES Function norm 1.656318153502e+04
  Nonlinear solve did not converge due to DIVERGED_MAX_IT iterations 9
# Warn:     ____ Nonlinear solver diverged (DIVERGED_MAX_IT). Cutting timestep.     @ /work/harpy/src/solver/viscoplastic/VPSolver.cpp:615
# Info:     ====================================================                @ /work/harpy/src/timeloop/Timeloop.cpp:42
# Info:     Solving timestep 62 @ 1.09141e+07s (dt=222222) ...                  @ /work/harpy/src/timeloop/Timeloop.cpp:43
# Info:     ____ Assembling poroelastic problem - total DoFs=501083             @ /work/harpy/src/solver/viscoplastic/VPSolver.cpp:634
  NL step  0, |residual|_2 = 4.134525e+08
  0 SNES Function norm 4.134525256500e+08
    Linear solve converged due to CONVERGED_RTOL iterations 116
# Info:     ____ Assembling poroelastic problem - total DoFs=501083             @ /work/harpy/src/solver/viscoplastic/VPSolver.cpp:634
  NL step  1, |residual|_2 = 4.396177e+07
  1 SNES Function norm 4.396177473834e+07
    Linear solve converged due to CONVERGED_RTOL iterations 116
# Info:     ____ Assembling poroelastic problem - total DoFs=501083             @ /work/harpy/src/solver/viscoplastic/VPSolver.cpp:634
  NL step  2, |residual|_2 = 2.463428e+06
  2 SNES Function norm 2.463427992371e+06
    Linear solve converged due to CONVERGED_RTOL iterations 114
# Info:     ____ Assembling poroelastic problem - total DoFs=501083             @ /work/harpy/src/solver/viscoplastic/VPSolver.cpp:634
  NL step  3, |residual|_2 = 5.239195e+05
  3 SNES Function norm 5.239194572835e+05
    Linear solve converged due to CONVERGED_RTOL iterations 114
# Info:     ____ Assembling poroelastic problem - total DoFs=501083             @ /work/harpy/src/solver/viscoplastic/VPSolver.cpp:634
  NL step  4, |residual|_2 = 1.175981e+05
  4 SNES Function norm 1.175980567615e+05
    Linear solve converged due to CONVERGED_RTOL iterations 124
# Info:     ____ Assembling poroelastic problem - total DoFs=501083             @ /work/harpy/src/solver/viscoplastic/VPSolver.cpp:634
  NL step  5, |residual|_2 = 1.788146e+04
  5 SNES Function norm 1.788145917541e+04
    Linear solve converged due to CONVERGED_RTOL iterations 116
# Info:     ____ Assembling poroelastic problem - total DoFs=501083             @ /work/harpy/src/solver/viscoplastic/VPSolver.cpp:634
  NL step  6, |residual|_2 = 6.356414e+03
  6 SNES Function norm 6.356414285712e+03
    Linear solve converged due to CONVERGED_RTOL iterations 116
# Info:     ____ Assembling poroelastic problem - total DoFs=501083             @ /work/harpy/src/solver/viscoplastic/VPSolver.cpp:634
  NL step  7, |residual|_2 = 1.108551e+03
  7 SNES Function norm 1.108551249908e+03
  Nonlinear solve converged due to CONVERGED_FNORM_RELATIVE iterations 7
# Info:     ____ Nonlinear solver converged (CONVERGED_FNORM_RELATIVE).         @ /work/harpy/src/solver/viscoplastic/VPSolver.cpp:610
# Info:     ____ System solved at nonlinear iteration 7 , final nonlinear residual norm: 1108.55     @ /work/harpy/src/solver/viscoplastic/VPSolver.cpp:560
# Info:     ====================================================                @ /work/harpy/src/timeloop/Timeloop.cpp:42
# Info:     Solving timestep 63 @ 1.11363e+07s (dt=222222) ...                  @ /work/harpy/src/timeloop/Timeloop.cpp:43
# Info:     ____ Assembling poroelastic problem - total DoFs=501083             @ /work/harpy/src/solver/viscoplastic/VPSolver.cpp:634
  NL step  0, |residual|_2 = 3.969926e+08
  0 SNES Function norm 3.969926200740e+08
    Linear solve converged due to CONVERGED_RTOL iterations 116
# Info:     ____ Assembling poroelastic problem - total DoFs=501083             @ /work/harpy/src/solver/viscoplastic/VPSolver.cpp:634
  NL step  1, |residual|_2 = 4.271459e+07
  1 SNES Function norm 4.271459303996e+07
    Linear solve converged due to CONVERGED_RTOL iterations 114
# Info:     ____ Assembling poroelastic problem - total DoFs=501083             @ /work/harpy/src/solver/viscoplastic/VPSolver.cpp:634
  NL step  2, |residual|_2 = 2.419405e+06
  2 SNES Function norm 2.419404821889e+06
    Linear solve converged due to CONVERGED_RTOL iterations 116
# Info:     ____ Assembling poroelastic problem - total DoFs=501083             @ /work/harpy/src/solver/viscoplastic/VPSolver.cpp:634
  NL step  3, |residual|_2 = 5.447922e+05
  3 SNES Function norm 5.447922486021e+05
    Linear solve converged due to CONVERGED_RTOL iterations 116
# Info:     ____ Assembling poroelastic problem - total DoFs=501083             @ /work/harpy/src/solver/viscoplastic/VPSolver.cpp:634
  NL step  4, |residual|_2 = 1.233055e+05
  4 SNES Function norm 1.233055061951e+05
    Linear solve converged due to CONVERGED_RTOL iterations 120
# Info:     ____ Assembling poroelastic problem - total DoFs=501083             @ /work/harpy/src/solver/viscoplastic/VPSolver.cpp:634
  NL step  5, |residual|_2 = 1.926004e+04
  5 SNES Function norm 1.926004495794e+04
    Linear solve converged due to CONVERGED_RTOL iterations 118
# Info:     ____ Assembling poroelastic problem - total DoFs=501083             @ /work/harpy/src/solver/viscoplastic/VPSolver.cpp:634
  NL step  6, |residual|_2 = 7.522725e+03
  6 SNES Function norm 7.522725111919e+03
    Linear solve converged due to CONVERGED_RTOL iterations 116
# Info:     ____ Assembling poroelastic problem - total DoFs=501083             @ /work/harpy/src/solver/viscoplastic/VPSolver.cpp:634
  NL step  7, |residual|_2 = 1.317862e+03
  7 SNES Function norm 1.317861808673e+03
  Nonlinear solve converged due to CONVERGED_FNORM_RELATIVE iterations 7
# Info:     ____ Nonlinear solver converged (CONVERGED_FNORM_RELATIVE).         @ /work/harpy/src/solver/viscoplastic/VPSolver.cpp:610
# Info:     ____ System solved at nonlinear iteration 7 , final nonlinear residual norm: 1317.86     @ /work/harpy/src/solver/viscoplastic/VPSolver.cpp:560
# Info:     ====================================================                @ /work/harpy/src/timeloop/Timeloop.cpp:42
# Info:     Solving timestep 64 @ 1.13585e+07s (dt=222222) ...                  @ /work/harpy/src/timeloop/Timeloop.cpp:43
# Info:     ____ Assembling poroelastic problem - total DoFs=501083             @ /work/harpy/src/solver/viscoplastic/VPSolver.cpp:634
  NL step  0, |residual|_2 = 3.810634e+08
  0 SNES Function norm 3.810634461444e+08
    Linear solve converged due to CONVERGED_RTOL iterations 114
# Info:     ____ Assembling poroelastic problem - total DoFs=501083             @ /work/harpy/src/solver/viscoplastic/VPSolver.cpp:634
  NL step  1, |residual|_2 = 4.149011e+07
  1 SNES Function norm 4.149010809632e+07
    Linear solve converged due to CONVERGED_RTOL iterations 114
# Info:     ____ Assembling poroelastic problem - total DoFs=501083             @ /work/harpy/src/solver/viscoplastic/VPSolver.cpp:634
  NL step  2, |residual|_2 = 2.376685e+06
  2 SNES Function norm 2.376684665283e+06
    Linear solve converged due to CONVERGED_RTOL iterations 114
# Info:     ____ Assembling poroelastic problem - total DoFs=501083             @ /work/harpy/src/solver/viscoplastic/VPSolver.cpp:634
  NL step  3, |residual|_2 = 5.696166e+05
  3 SNES Function norm 5.696165742342e+05
    Linear solve converged due to CONVERGED_RTOL iterations 114
# Info:     ____ Assembling poroelastic problem - total DoFs=501083             @ /work/harpy/src/solver/viscoplastic/VPSolver.cpp:634
  NL step  4, |residual|_2 = 1.297604e+05
  4 SNES Function norm 1.297604494475e+05
    Linear solve converged due to CONVERGED_RTOL iterations 114
# Info:     ____ Assembling poroelastic problem - total DoFs=501083             @ /work/harpy/src/solver/viscoplastic/VPSolver.cpp:634
  NL step  5, |residual|_2 = 2.097100e+04
  5 SNES Function norm 2.097100167139e+04
    Linear solve converged due to CONVERGED_RTOL iterations 116
# Info:     ____ Assembling poroelastic problem - total DoFs=501083             @ /work/harpy/src/solver/viscoplastic/VPSolver.cpp:634
  NL step  6, |residual|_2 = 8.970547e+03
  6 SNES Function norm 8.970547325256e+03
    Linear solve converged due to CONVERGED_RTOL iterations 114
# Info:     ____ Assembling poroelastic problem - total DoFs=501083             @ /work/harpy/src/solver/viscoplastic/VPSolver.cpp:634
  NL step  7, |residual|_2 = 1.577925e+03
  7 SNES Function norm 1.577924854648e+03
  Nonlinear solve converged due to CONVERGED_FNORM_RELATIVE iterations 7
# Info:     ____ Nonlinear solver converged (CONVERGED_FNORM_RELATIVE).         @ /work/harpy/src/solver/viscoplastic/VPSolver.cpp:610
# Info:     ____ System solved at nonlinear iteration 7 , final nonlinear residual norm: 1577.92     @ /work/harpy/src/solver/viscoplastic/VPSolver.cpp:560
# Info:     ====================================================                @ /work/harpy/src/timeloop/Timeloop.cpp:42
# Info:     Solving timestep 65 @ 1.15807e+07s (dt=222222) ...                  @ /work/harpy/src/timeloop/Timeloop.cpp:43
# Info:     ____ Assembling poroelastic problem - total DoFs=501083             @ /work/harpy/src/solver/viscoplastic/VPSolver.cpp:634
  NL step  0, |residual|_2 = 3.656514e+08
  0 SNES Function norm 3.656514005476e+08
    Linear solve converged due to CONVERGED_RTOL iterations 114
# Info:     ____ Assembling poroelastic problem - total DoFs=501083             @ /work/harpy/src/solver/viscoplastic/VPSolver.cpp:634
  NL step  1, |residual|_2 = 4.028886e+07
  1 SNES Function norm 4.028886317296e+07
    Linear solve converged due to CONVERGED_RTOL iterations 114
# Info:     ____ Assembling poroelastic problem - total DoFs=501083             @ /work/harpy/src/solver/viscoplastic/VPSolver.cpp:634
  NL step  2, |residual|_2 = 2.335617e+06
  2 SNES Function norm 2.335616676230e+06
    Linear solve converged due to CONVERGED_RTOL iterations 118
# Info:     ____ Assembling poroelastic problem - total DoFs=501083             @ /work/harpy/src/solver/viscoplastic/VPSolver.cpp:634
  NL step  3, |residual|_2 = 5.988424e+05
  3 SNES Function norm 5.988423748677e+05
    Linear solve converged due to CONVERGED_RTOL iterations 120
# Info:     ____ Assembling poroelastic problem - total DoFs=501083             @ /work/harpy/src/solver/viscoplastic/VPSolver.cpp:634
  NL step  4, |residual|_2 = 1.371249e+05
  4 SNES Function norm 1.371248900323e+05
    Linear solve converged due to CONVERGED_RTOL iterations 118
# Info:     ____ Assembling poroelastic problem - total DoFs=501083             @ /work/harpy/src/solver/viscoplastic/VPSolver.cpp:634
